product_id;sku;ean;name
265079700;93571;5902340935712;5 elementowy zestaw akacjowych przyborów kuchennych Kassel 93571
265079701;KH-1325;5908287213258;6 elementowy zestaw akacjowych przyborów kuchennych Kinghoff KH-1325
265079702;BH-1433;5999056790544;BRYTFANNA FORMA DO PIECZENIA 35x27cm BERLINGER HAUS BH-1433
265079703;BH-1434;5999056790551;BRYTFANNA FORMA DO PIECZENIA 40x28cm BERLINGER HAUS BH-1434
265079704;BH-1814;5999056786820;BRYTFANNA FORMA DO PIECZENIA 35x27cm BERLINGER HAUS BH-1814
265079705;KB-7196;5902666611963;BLACHA FORMA DO PIZZY 33cm KLAUSBERG KB-7196
265079706;KH-1359;5908287213593;BIDON SHAKER DO KOKTAJLI ODŻYWEK KINGHOFF KH-1359
265079707;KB-7442;5902666614421;BLACHA FORMA DO PIZZY 34cm KLAUSBERG KB-7442
265079708;KB-7496;5908287274969;BLACHA FORMA DO PIZZY 35cm KLAUSBERG KB-7496
265079709;KB-7497;5908287274976;BLACHA FORMA DO PIZZY 40cm KLAUSBERG KB-7497
265079710;KH-1092;5908287210929;BLOK NA NOŻE Z POWŁOKĄ MARMUROWĄ KH-1092
265079711;KH-1093;5908287210936;BLOK NA NOŻE Z POWŁOKĄ MARMUROWĄ KH-1093
265079712;KH-4448;5908287244481;8 ELEMENTOWY ZESTAW GARNKÓW KINGHOFF KH-4448
265079713;KH-4449;5908287244498;10 ELEMENTOWY ZESTAW GARNKÓW KINGHOFF KH-4449
265079714;KH-4450;5908287244504;12 ELEMENTOWY ZESTAW GARNKÓW KINGHOFF KH-4450
265079715;KH-4457;5908287244573;12 ELEMENTOWY ZESTAW GARNKÓW KINGHOFF KH-4457
265079716;93601;5902340936016;AKACJOWA DESKA KUCHENNA 35 x 23cm KASSEL 93601
265079717;KH-1141;5908287211414;BAMBUSOWA DESKA KUCHENNA 33x20cm KINGHOFF KH-1141
265079718;KH-1137;5908287211377;BAMBUSOWA DESKA KUCHENNA 27x19cm KINGHOFF KH-1137
265079719;KB-7365;5902666613653;BRYTFANNA CERAMICZNA 32cm Z POKRYWĄ KLAUSBERG KB-7365
265079720;BH-1461;5999056780033;Brytfanna Granit Diamond Berlinger haus BH-1461
265079721;BH-1815;5999056786837;BRYTFANNA FORMA DO PIECZENIA 40x28cm BERLINGER HAUS BH-1815
265079722;KB-7427;5902666614278;CHLEBAK DWUSTRONNY KLAUSBERG KB-7427 biały
265079723;KB-7453;5908287274532;CHLEBAK STALOWY POKRYWĄ DIAMOND KLAUSBERG KB-7453
265079724;BH-1914;5999056796119;CHLEBAK STALOWY BERLINGER HAUS BH-1914
265079725;KB-7269;5902666612694;CHLEBAK STALOWY KLAUSBERG KB-7269
265079726;KB-7270;5902666612700;CHLEBAK STALOWY KLAUSBERG KB-7270
265079727;KB-7464;5908287274648;CHLEBAK DWUSTRONNY NA PIECZYWO KLAUSBERG KB-7464
265079728;73936;5900378739364;CHLEBAK POJEMNIK NA PIECZYWO HUSLA marine 73936
265079729;KB-7483;5908287274839;CHLEBAK KLAUSBERG Z ZESTAWEM POJEMNIKÓW KB-7483
265079730;73937;5900378739371;CHLEBAK STALOWY Z POKRYWĄ AKACJOWĄ HUSLA 73937
265079731;73939;5900378739395;CHLEBAK STALOWY Z POKRYWĄ AKACJOWĄ HUSLA 73939
265079732;BH-6506;5999108410826;BRYTFANNA ŻELIWNA 3L BERLINGER HAUS BH-6506
265079733;KH-1078;5908287210783;CHLEBAK POJEMNIK NA PIECZYWO KINGHOFF KH-1078
265079734;KH-1079;5908287210790;CHLEBAK STALOWY Z OKIENKIEM KINGHOFF KH-1079
265079735;KH-1080;5908287210806;CHLEBAK MARMURKOWY KINGHOFF KH-1080
265079736;KH-1085;5908287210851;CHLEBAK STALOWY KINGHOFF + 3 POJEMNIKI KH-1085
265079737;KH-1086;5908287210868;CHLEBAK STALOWY KINGHOFF + 3 POJEMNIKI KH-1086
265079738;KH-1226;5908287212268;BUTELKA SPRYSKIWACZ NA OLEJ OCET KH-1226
265079739;KH-3613;5908287236134;CHLEBAK STALOWY KINGHOFF KH-3613
265079740;BH-6416;5999108407185;CZAJNIK 3L BERLINGER HAUS BG-6416 Z GWIZDKIEM MOONLIGT
265079741;KH-1406;5908287214064;CZAJNIK Z GWIZDKIEM 2,6L KINGHOFF KH-1406 MARBLE
265079742;KH-1407;5908287214071;CZAJNIK Z GWIZDKIEM 2,6L KINGHOFF KH-1407 MARBLE
265079743;93224;5902340932247;Czajnik elektryczny Kassel 1.7l czerwony 93224
265079744;KH-1504;5908287215047;COOLER TERMOS DO WINA WÓDKI KINGHOFF KH-1504
265079745;MX-1612BL;5903856194075;CHLEBAK STALOWY Z POKRYWĄ METLEX MX-1612BL
265079746;MX-1614BL;5903856194112;CHLEBAK STALOWY Z POKRYWĄ METLEX MX-1614BL
265079747;MX-1614CR;5903856194129;CHLEBAK STALOWY Z POKRYWĄ METLEX MX-1614CR
265079748;KH-3244;5908287232440;CZAJNIK 3L Z GWIZDKIEM KINGHOFF KH-3244
265079749;KH-3774;5908287237742;CZAJNIK 2,3L Z GWIZDKIEM KINGHOFF KH-3774
265079750;KH-1026;5908287210264;CHLEBAK Z ZESTAWEM POJEMNIKÓW KUCHENNYCH KINGHOFF KH-1026
265079751;KB-7250;5902666612502;CZAJNIK Z GWIZDKIEM 2,7L KLAUSBERG KB-7250 GRANIT WOOD
265079752;KB-7540;5908287275409;CHLEBAK STALOWY Z POKRYWĄ DIAMOND KLAUSBERG KB-7540
265079753;KB-7541;5908287275416;CHLEBAK STALOWY Z POKRYWĄ DIAMOND KLAUSBERG KB-7541
265079754;KH-1072;5908287210721;CHLEBAK Z DESKĄ BIAŁY KINGHOFF KH-1072
265079755;BH-6832;5999108439896;CZAJNIK 3L BERLINGER HAUS BH-6832 Z GWIZDKIEM
265079756;KH-3236;5908287232365;CZAJNIK 3L Z GWIZDKIEM KINGHOFF KH-3236
265079757;93557;5902340935576;CUKIERNICA PORCELNOWA Z ŁYŻECZKĄ KASSEL 93557
265079758;KH-3336;5908287233362;CZAJNIK 3L Z GWIZDKIEM KINGHOFF KH-3336
265079759;KB-7099;5902666610997;CZAJNIK KLAUSBERG 3L THERMO INDICATOR KB-7099
265079760;KB-7385;5902666613851;CZAJNIK Z GWIZDKIEM KLAUSBERG 2,7L KB-7385 COPPER
265079761;KH-3773;5908287237735;CZAJNIK Z GWIZDKIEM KINGHOFF 1,8L KH-3773
265079762;KB-7266;5902666612663;CZAJNIK Z GWIZDKIEM 3L KLAUSBERG KB-7266 MARBLE
265079763;KB-7409;5902666614094;CZAJNIK Z GWIZDKIEM KLAUSBERG 2,2L KB-7409
265079764;KB-7410;5902666614100;CZAJNIK Z GWIZDKIEM KLAUSBERG 2,2L KB-7410
265079765;KB-7411;5902666614117;CZAJNIK Z GWIZDKIEM KLAUSBERG 2,2L KB-7411
265079766;KB-7412;5902666614124;CZAJNIK Z GWIZDKIEM KLAUSBERG 2,2L KB-7412
265079767;KH-1403;5908287214033;CZAJNIK Z GWIZDKIEM 2L KINGHOFF KH-1403 MARBLE
265079768;KH-1404;5908287214040;CZAJNIK Z GWIZDKIEM 2L KINGHOFF KH-1404 MARBLE
265079770;KH-1405;5908287214057;CZAJNIK Z GWIZDKIEM 2L KINGHOFF KH-1405 MARBLE
265079771;KB-7446;5908287274464;CZAJNIK Z GWIZDKIEM KLAUSBERG 2,7L KB-7446
265079772;KB-7282;5902666612823;CZAJNIK Z GWIZDKIEM 2,7L KLAUSBERG KB-7282 GRANIT WOOD
265079773;KH-1212;5908287212121;Czajnik z gwizdkiem Kinghoff 3,4L KH-1212
265079774;KH-1221;5908287212213;Czajnik z gwizdkiem Kinghoff 3,4L KH-1221
265079775;KB-7509;5908287275096;CZAJNIK Z GWIZDKIEM 2,8L KLAUSBERG KB-7509
265079776;KH-1211;5908287212114;Czajnik z gwizdkiem Kinghoff 3,4L KH-1211
265079777;KH-1224;5908287212244;Czajnik z gwizdkiem Kinghoff 2,4L KH-1224
265079778;KB-7320;5902666613202;CZAJNIK Z GWIZDKIEM 2L KLAUSBERG KB-7320 MARBLE
265079779;KB-7321;5902666613219;CZAJNIK Z GWIZDKIEM 2L KLAUSBERG KB-7321 MARBLE
265079780;KB-7267;5902666612670;CZAJNIK Z GWIZDKIEM 3L KLAUSBERG KB-7267 MARBLE
265079781;KB-7397;5902666613974;CZAJNIK Z GWIZDKIEM KLAUSBERG 3L KB-7397
265079782;KB-7194;5902666611949;CZAJNIK Z GWIZDKIEM KLAUSBERG 3L KB-7194
265079783;KB-7413;5902666614131;CZAJNIK Z GWIZDKIEM KLAUSBERG 3L KB-7413
265079784;KB-7208;5902666612083;CZAJNIK Z GWIZDKIEM KLAUSBERG 3L KB-7208
265079785;KB-7207;5902666612076;CZAJNIK Z GWIZDKIEM KLAUSBERG 3L KB-7207
265079786;KB-7209;5902666612090;CZAJNIK Z GWIZDKIEM KLAUSBERG 3L KB-7209
265079787;KB-7455;5908287274556;CZAJNIK Z GWIZDKIEM KLAUSBERG 3L KB-7455
265079788;KB-7450;5908287274501;CZAJNIK Z GWIZDKIEM KLAUSBERG 3L KB-7450
265079789;KB-7449;5908287274495;CZAJNIK Z GWIZDKIEM KLAUSBERG 2,7L KB-7449
265079790;KB-7448;5908287274488;CZAJNIK Z GWIZDKIEM KLAUSBERG 2,7L KB-7448
265079791;KB-7447;5908287274471;CZAJNIK Z GWIZDKIEM KLAUSBERG 2,7L KB-7447
265079792;KB-7451;5908287274518;CZAJNIK Z GWIZDKIEM KLAUSBERG 3L KB-7451
265079793;KB-7428;5902666614285;CZAJNIK Z GWIZDKIEM KLAUSBERG 2L KB-7428
265079794;KB-7202;5902666612021;CZAJNIK Z GWIZDKIEM KLAUSBERG 3L KB-7202
265079795;KB-7264;5902666612649;CZAJNIK Z GWIZDKIEM KLAUSBERG 3L KB-7264
265079796;KB-7498;5908287274983;CZAJNIK Z GWIZDKIEM KLAUSBERG 3L KB-7498
265079797;KB-7297;5902666612977;CZAJNIK Z GWIZDKIEM KLAUSBERG 3L KB-7297
265079798;KB-7015;5902666610157;CZAJNIK Z GWIZDKIEM KLAUSBERG 3L KB-7015
265079799;KB-7193;5902666611932;CZAJNIK Z GWIZDKIEM KLAUSBERG 3L KB-7193
265079800;KB-7195;5902666611956;CZAJNIK Z GWIZDKIEM KLAUSBERG 3L KB-7195
265079801;73973;5900378739739;DZBANEK ZAPARZACZ 1L DO HERBATY ZIÓŁ HUSLA HYGGE
265079802;KH-1419;5908287214194;DZIADEK DO ORZECHÓW KINGHOFF KH-1419
265079804;KH-1469;5908287214699;DZIADEK DO ORZECHÓW KINGHOFF KH-1469
265079805;KH-1472;5908287214729;DZIADEK DO ORZECHÓW KINGHOFF KH-1472
265079807;73976;5900378739760;DESKA Z KLOSZEM DO SERWOWANIA SERÓW CIAST HUSLA 73976
265079808;KB-7437;5902666614377;ELEKTRYCZNY GRAWITACYJNY MŁYNEK DO SOLI KLAUSBERG KB-7437
265079809;KB-7436;5902666614360;ELEKTRYCZNY GRAWITACYJNY MŁYNEK DO PIEPRZU KLAUSBERG KB-7436
265079810;73959;5900378739593;DREWNIANY STOJAK NA RĘCZNIKI PAPIEROWE HUSLA 73959
265079811;93563;5902340935637;DZBANEK ZAPARZACZ 1,2L DO HERBATY ZIÓŁ KASSEL 93563
265079812;E-8090;5907768780906;ELEKTRONICZNA WAGA KUCHENNA SLIM LINE max.5kg 8090
265079813;E-8091;5907768780913;ELEKTRONICZNA WAGA KUCHENNA SLIM LINE max.5kg 8091
265079814;KB-7499;5908287274990;CZAJNIK Z GWIZDKIEM KLAUSBERG 3L KB-7499
265079815;KB-7500;5908287275003;CZAJNIK Z GWIZDKIEM KLAUSBERG 3L KB-7500
265079816;KB-7501;5908287275010;CZAJNIK Z GWIZDKIEM KLAUSBERG 3L KB-7501
265079817;KH-1589;5908287215894;ELEKTRYCZNY KORKOCIĄG DO WINA KINGHOFF KH-1589
265079818;KH-1115;5908287211155;DWUSTOPNIOWA OSTRZAŁKA OSEŁKA DO NOŻY KINGHOFF KH-1115
265079819;KH-1217;5908287212176;DESKA DO KROJENIA PIECZYWA Z TACĄ 37 x 23cm KINGHOFF KH-1217
265079820;KH-3420;5908287234208;DWUSTOPNIOWA OSTRZAŁKA OSEŁKA DO NOŻY KINGHOFF KH-3420
265079821;KH-1262;5908287212626;DWUSTRONNA ŻELIWNA PŁYTA GRILLOWA KINGHOFF KH-1262
265079822;KH-1301;5908287213012;DZIADEK DO ORZECHÓW KINGHOFF KH-1301
265079823;KB-7434;5902666614346;ELEKTRYCZNY MŁYNEK DO PIEPRZU KLAUSBERG KB-7434
265079824;KB-7435;5902666614353;ELEKTRYCZNY MŁYNEK DO SOLI KLAUSBERG KB-7435
265079825;BH-1545;5999108409905;FORMA BLACHA DO PIECZENIA BERLINGERHAUS BH-1545
265079826;BH-1552;5999108409974;FORMA BLACHA DO PIECZENIA BERLINGERHAUS BH-1552
265079828;KH-1550;5908287215504;FORMA BLACHA DO CIASTA 37x25cm KINGHOFF KH-1550
265079829;KH-1551;5908287215511;FORMA BLACHA DO CIASTA 42,5x28,5cm KINGHOFF KH-1551
265079830;KH-1552;5908287215528;FORMA BLACHA DO CIASTA 47,5x32cm KINGHOFF KH-1552
265079831;BH-6809;5999108420344;FORMA BLACHA DO PIECZENIA BERLINGERHAUS BH-6809
265079832;KH-1590;5908287215900;ELEKTRYCZNY KORKOCIĄG DO WINA KINGHOFF KH-1590
265079833;KH-1591;5908287215917;ELEKTRYCZNY KORKOCIĄG DO WINA KINGHOFF KH-1591
265079834;KH-1150;5908287211506;ELEKTRYCZNY KORKOCIĄG OTWIERACZ DO WINA KINGHOFF KH-1150
265079835;KH-1195;5908287211957;FONDUE ŻELIWNE ZESTAW DLA 6 OSÓB KINGHOFF KH-1195
265079836;KH-2189;5908287221895;FOREMKA DO LEPIENIA PIEROGÓW 8cm KINGHOFF KH-2189
265079837;KH-2190;5908287221901;FOREMKA DO LEPIENIA PIEROGÓW 10cm KINGHOFF KH-2190
265079838;KB-7343;5902666613431;ELEKTRYCZNY MŁYNEK DO PIEPRZU KLAUSBERG KB-7343
265079839;KB-7375;5902666613752;FORMA BLACHA DO PIECZENIA 6 MUFFINEK KLAUSBERG KB-7375
265079840;KB-7378;5902666613783;FORMA BLACHA DO PIECZENIA PASZTETU KEKSU KLAUSBERG KB-7378
265079841;KB-7379;5902666613790;FORMA BLACHA DO PIECZENIA PASZTETU KEKSU KLAUSBERG KB-7379
265079842;KB-7380;5902666613806;FORMA BLACHA DO PIECZENIA CIASTA KLAUSBERG KB-7380
265079843;KB-7381;5902666613813;FORMA BLACHA DO PIECZENIA 6 MUFFINEK KLAUSBERG KB-7381
265079844;BH-1399;5999056776449;FORMA TACA DO PIECZENIA 38x27cm BERLINGER HAUS BH-1399 GREY GRANIT
265079845;BH-1139;5999056764057;FORMA DO PIECZENIA GRANIT DIAMOND BERLINGER HAUS BH-1139
265079846;KB-7420;5902666614209;FORMA TORTOWNICA 28cm CIASTA KLAUSBERG KB-7420
265079848;KH-4099;5908287240995;FORMA DO PIECZENIA MUFFINEK KINGHOFF KH-4099
265079849;1529;5906716915292;FORMA SILIKONOWA DO PIECZENIA BABKI 1529
265079850;KB-7418;5902666614186;FORMA TORTOWNICA 18cm CIASTA KLAUSBERG KB-7418
265079851;BH-6623;5999108415616;FORMA TORTOWNICA DO PIECZENIA BERLINGERHAUS BH-6623
265079852;BH-6459;5999108410024;FORMA DO PIECZENIA BABKI BERLINGER HAUS BH-6459
265079853;KH-1542;5908287215429;FORMA TORTOWNICA MARMURKOWA 18cm KINGHOFF KH-1542
265079854;KH-1539;5908287215399;FORMA TORTOWNICA KWADRATOWA 24cm KINGHOFF KH-1539
265079855;KH-1540;5908287215405;FORMA TORTOWNICA KWADRATOWA 26cm KINGHOFF KH-1540
265079856;KH-1541;5908287215412;FORMA TORTOWNICA KWADRATOWA 28cm KINGHOFF KH-1541
265079857;KB-7492;5908287274921;FORMA TORTOWNICA 20cm CIASTA KLAUSBERG KB-7492
265079858;KB-7493;5908287274938;FORMA TORTOWNICA 22cm CIASTA KLAUSBERG KB-7493
265079859;KB-7494;5908287274945;FORMA TORTOWNICA 26cm CIASTA KLAUSBERG KB-7494
265079860;BH-6808;5999108420337;FORMA TORTOWNICA DO PIECZENIA BERLINGERHAUS BH-6808
265079861;KH-4188;5908287241886;FORMA DO MUFFINEK Z WKŁADAMI SILIKONOWYMI KINGHOFF KH-4188
265079862;KB-7382;5902666613820;FORMA BLACHA DO PIECZENIA SERNIKA SZARLOTKI KLAUSBERG KB-7382
265079863;KB-7383;5902666613837;FORMA BLACHA DO PIECZENIA SERNIKA SZARLOTKI KLAUSBERG KB-7383
265079864;BH-1140;5999056764071;FORMA DO PIECZENIA GRANIT DIAMOND BERLINGER HAUS BH-1140
265079865;BH-1515;5999056777200;GARNEK GRANITOWY 24cm BERLINGER HAUS ROSE GOLD BH-1515
265079866;BH-1641;5999056781740;GARNEK GRANITOWY 20cm BERLINGER HAUS BLACK ROSE BH-1641
265079867;BH-1878;5999056791923;GARNEK GRANITOWY 20cm BERLINGER HAUS AQUAMARINE BH-1878
265079868;BH-1877;5999056791916;GARNEK GRANITOWY 28cm BERLINGER HAUS AQUAMARINE LINE BH-1877
265079869;KH-4198;5908287241985;FORMY DO PIECZENIA 3 SZT. KINGHOFF KH-4198
265079870;BH-1851;5999056791541;GARNEK GRANITOWY 20cm BERLINGER HAUS BH-1851
265079871;BH-1852;5999056791558;GARNEK GRANITOWY 24cm BERLINGER HAUS BH-1852
265079872;BH-1931;5999056793071;GARNEK GRANITOWY 28cm BERLINGER HAUS BLACK ROSE BH-1931
265079873;BH-6013;5999056797840;GARNEK GRANITOWY 28cm BERLINGER HAUS BH-6013 MOONLIGHT
265079874;KH-1543;5908287215436;FORMA TORTOWNICA MARMURKOWA 20cm KINGHOFF KH-1543
265079875;KH-1544;5908287215443;FORMA TORTOWNICA MARMURKOWA 22cm KINGHOFF KH-1544
265079876;KH-1545;5902666615459;FORMA TORTOWNICA MARMURKOWA 24cm KINGHOFF KH-1545
265079877;KH-1546;5908287215467;FORMA TORTOWNICA MARMURKOWA 26cm KINGHOFF KH-1546
265079879;KH-1547;5908287215474;FORMA TORTOWNICA MARMURKOWA 28cm KINGHOFF KH-1547
265079880;BH-6794;5999108424403;GARNEK GRANITOWY 28cm BERLINGER HAUS AQUAMARINE BH-6794
265079881;KH-3325;5908287233256;GARNEK 4,2L DO SZPARAGÓW SPAGHETTI KINGHOFF KH-3325
265079882;KH-4610;5908287246102;FORMY DO ZIEMNIAKÓW RYŻU KASZY DESERÓW KINGHOFF KH-4610
265079883;BH-1096;5999056762763;GARNEK GRANIT DIAMOND 28cm 6l BERLINGER HAUS BH-1096
265079884;BH-1236;5999056766150;GARNEK GRANITOWY 28cm BERLINGER HAUS CARBON METALLIC LINE BH-1236
265079885;BH-1257;5999056766570;GARNEK GRANITOWY 24cm BERLINGER HAUS BURGUNDY BH-1257
265079886;KB-7135;5902666611352;GARNEK NA PARĘ KLAUSBERG 3 ELEM. 18cm KB-7135
265079887;BH-1516;5999056777217;GARNEK GRANITOWY 28cm BERLINGER HAUS ROSE GOLD BH-1516
265079888;KB-7142;5902666611420;GARNEK NA PARĘ KLAUSBERG 4 ELEM. 22cm KB-7142
265079889;KB-7136;5902666611369;GARNEK NA PARĘ KLAUSBERG 4 ELEM. 18cm KB-7136
265079890;BH-1197;5999056765375;GARNEK GRANITOWY BERLINGERHAUS FOREST LINE 24cm BH-1197
265079891;BH-1850;5999056791534;GARNEK GRANITOWY 28cm BERLINGERHAUS BH-1850
265079892;BH-6124;5999108406102;GARNEK GRANITOWY 28cm BERLINGERHAUS BH-6124
265079893;BH-6125;5999108406119;GARNEK GRANITOWY 28cm BERLINGERHAUS BH-6125
265079894;BH-1716;5999056782891;GARNEK GRANITOWY BERLINGER 20cm BH-1716 EBONY ROSEWOOD
265079895;BH-1739;5999056784949;GARNEK GRANITOWY BERLINGER 28cm BH-1739 EBONY ROSEWOOD
265079896;BH-6194;5999108414152;GARNEK GRANITOWY 30cm BERLINGER HAUS BH-6194 ROSE GOLD
265079897;BH-6192;5999108414138;GARNEK GRANITOWY 30cm BERLINGER HAUS BH-6192 BURGUNDY
265079898;BH-6016;5999056797871;GARNEK GRANITOWY DO MLEKA BERLINGER HAUS 1,2L BH-6016
265079899;KH-3317;5908287233171;GARNEK NA PARĘ KINGHOFF 5 ELEM. 18cm KH-3317
265079901;KH-3322;5908287233225;GARNEK NA PARĘ KINGHOFF 5 ELEM. 20cm KH-3322
265079902;KH-3329;5908287233294;GARNEK NA PARĘ KINGHOFF 5 ELEM. 22cm KH-3329
265079903;KH-3318;5908287233188;GARNEK NA PARĘ KINGHOFF 3 ELEM. 24cm KH-3318
265079904;BH-1158;5999056764590;GARNEK GRANITOWY BERLINGER HAUS 28cm BH-1158 STONE TOUCH
265079905;BH-1198;5999056765399;GARNEK GRANITOWY BERLINGER HAUS FOREST LINE 28cm BH-1198
265079906;BH-1258;5999056766594;GARNEK GRANITOWY 28cm BERLINGER HAUS RED METALLIC LINE BH-1258
265079907;KB-7143;5902666611437;GARNEK NA PARĘ KLAUSBERG 5 ELEM. 22cm KB-7143
265079908;KB-7173;5902666611734;GARNEK PŁASKI Z POKRYWĄ 26cm KLAUSBERG KB-7173
265079909;KB-7145;5902666611451;GARNEK NA PARĘ KLAUSBERG 4 ELEM. 24cm KB-7145
265079910;BH-6057;5999056798281;GARNEK TYTANOWY BERLINGER HAUS 20cm BH-6057 EMERALD
265079911;BH-6058;5999056798298;GARNEK TYTANOWY BERLINGER HAUS 24cm BH-6058 EMERALD
265079912;BH-6059;5999056798304;GARNEK TYTANOWY BERLINGER HAUS 28cm BH-6059 EMERALD
265079913;BH-6060;5999056798311;GARNEK TYTANOWY BERLINGER HAUS 28cm BH-6060 EMERALD
265079914;BH-6061;5999056798328;GARNEK TYTANOWY DO MLEKA BERLINGER HAUS 1,2L BH-6061 EMERALD
265079915;KH-4327;5908287243279;GARNEK Z POKRYWĄ 16cm KINGHOFF KH-4327 1,5L
265079916;KH-4328;5908287243286;GARNEK Z POKRYWĄ 18cm KINGHOFF KH-4328 2L
265079917;KH-4329;5908287243293;GARNEK Z POKRYWĄ 20cm KINGHOFF KH-4329 3L
265079918;KH-4330;5908287243309;GARNEK Z POKRYWĄ 22cm KINGHOFF KH-4330 4L
265079919;KH-4331;5908287243316;GARNEK Z POKRYWĄ 24cm KINGHOFF KH-4331 6L
265079920;10-144-123;5205746158786;GARNEK RONDEL GRANITOWY DO MLEKA 1L NAVA NATURE
265079921;KH-4344;5908287243446;GARNEK Z POKRYWĄ 20cm KINGHOFF KH-4344 3L
265079922;KH-4345;5908287243453;GARNEK Z POKRYWĄ 22cm KINGHOFF KH-4345 4L
265079923;KH-4346;5908287243460;GARNEK Z POKRYWĄ 24cm KINGHOFF KH-4346 6L
265079924;KB-7129;5902666611291;GARNEK Z POKRYWĄ 30cm KLAUSBERG KB-7129 11,5L
265079925;KB-7126;5902666611260;GARNEK Z POKRYWĄ 24cm KLAUSBERG KB-7126 6L
265079926;KB-7128;5902666611284;GARNEK Z POKRYWĄ 28cm KLAUSBERG KB-7128 9,5L
265079927;BH-1632;5999056781658;GARNKI BERLINGER HAUS BLACK BURGUNDY LINE 15 ELE BH-1632
265079928;93223;5902340932230;KASSEL CZAJNIK ELEKTRYCZNY 1,7L 93223
265079929;140256;8592381142735;GAŁKOWNICA ŁYŻKA DO NABIERANIA LODÓW 5cm ORION
265079930;93226;5902340932261;KASSEL CZAJNIK ELEKTRYCZNY Z TERMOMETREM 1,7L 93226
265079931;KH-1510;5908287215108;GRILLOWA PATELNIA GRANITOWA 24cm KINGHOFF KH-1510 ODPINANY UCHWYT
265079932;KH-1511;5908287215115;GRILLOWA PATELNIA GRANITOWA 28cm KINGHOFF KH-1511 ODPINANY UCHWYT
265079933;KH-1044;5908287210448;KAWIARKA ZAPARZACZ DO KAWY 200ml KINGHOFF KH-1044 INDUKCJA
265079934;KH-1045;5908287210455;KAWIARKA ZAPARZACZ DO KAWY 300ml KINGHOFF KH-1045 INDUKCJA
265079935;KH-1046;5908287210462;KAWIARKA ZAPARZACZ DO KAWY 450ml KINGHOFF KH-1046 INDUKCJA
265079936;BH-6184;5999108411861;GŁEBOKA PATELNIA GRANITOWA 24cm BERLINGER HAUS BLACK ROSE BH-6184
265079937;KH-1047;5908287210479;KAWIARKA ZAPARZACZ DO KAWY 600ml KINGHOFF KH-1047 INDUKCJA
265079938;93233;5902340932339;KASSEL CZAJNIK ELEKTRYCZNY 1,7L 93233
265079939;KH-1192;5908287211926;BUTELKA BIDON z wkładem na owoce 0.8L KINGHOFF KH-1192
265079940;KH-3189;5908287231894;KINGHOFF CHWYTAK DO KROJENIA CEBULI KH-3189
265079941;KH-3203;5908287232037;KINGHOFF CHLEBAK POJEMNIK NA PIECZYWO KH-3203
265079942;KH-3274;5908287232747;KINGHOFF CZAJNIK STALOWY 3.0L Z GWIZDKIEM KH-3274
265079943;KH-3290;5908287232907;KINGHOFF CZAJNIK Z GWIZDKIEM 3L KH-3290
265079944;93576;5902340935767;KASSEL ZESTAW DO OLIWY I OCTU 93576
265079946;93602;5902340936023;KASSEL ZESTAW DO KROJENIA I SERWOWANIA PIECZYWA 93602
265079947;KB-7130;5902666611307;GARNEK Z POKRYWĄ 32cm KLAUSBERG KB-7130 14L
265079948;KH-3109;5908287231092;GARNEK DO MLEKA 1,5L KINGHOFF KH-3109
265079949;KH-1015;5908287210158;KINGHOFF MINUTNIK DO GOTOWANIA JAJEK KH-1015
265079950;KH-3108;5908287231085;KINGHOFF GARNEK DO MLEKA 1L KH-3108
265079951;KH-3110;5908287231108;KINGHOFF GARNEK DO MLEKA 1L KH-3110
265079952;KH-3113;5908287231139;KINGHOFF MASZYNKA DO MAKARONU KH-3113
265079953;KH-3125;5908287231252;KINGHOFF SPIENIACZ DO MLEKA KH-3125
265079954;KH-3224;5908287232242;KINGHOFF CZAJNIK STALOWY Z GWIZDKIEM 2.0L KH-3224
265079955;KH-3262;5908287232624;KINGHOFF CZAJNIK Z GWIZDKIEM 3.0L KH-3262
265079959;KH-3269;5908287232693;KINGHOFF CZAJNIK 3L Z GWIZDKIEM KH-3269
265079960;KH-3313;5908287233133;KINGHOFF KOSZYK PAROWY DO WARZYW 28CM KH-3313
265079961;KH-3320;5908287233201;KINGHOFF GARNEK NA PARE 24cm 5.0L KH-3320
265079962;KH-3458;5908287234581;KINGHOFF NOŻYCE DO DROBIU KH-3458
265079963;KH-3920;5908287239203;KINGHOFF STOJAK NA RĘCZNIKI PAPIEROWE KH-3920
265079964;KH-3930;5908287239302;KINGHOFF PATELNIA DO NALEŚNIKÓW KH-3930 25CM MARMUREK
265079965;KH-3960;5908287239609;KINGHOFF PATELNIA DO NALEŚNIKÓW 26cm KH-3960
265079966;KH-4027;5908287240278;MASELNICZKA STALOWO AKRYLOWA KINGHOFF KH-4027
265079967;KH-4035;5908287240353;KINGHOFF STOJAK Z ŁYŻKĄ KH-4035
265079968;KH-4323;5908287243231;KINGHOFF RONDEL Z POKRYWĄ 16 cm KH-4323 1,5L
265079969;KH-1128;5908287211285;KINGHOFF PATELNIA DO NALEŚNIKÓW KH-1128 28CM MARMUREK
265079970;KH-1127;5908287211278;KINGHOFF PATELNIA DO NALEŚNIKÓW KH-1127 22cm MARMUREK
265079971;KH-3565;5908287235656;KINGHOFF SZTUĆCE 72 ELEM. SATYNA KH-3565
265079972;KH-1345;5908287213456;KINGHOFF SZTUĆCE 24 ELEM. POŁYSK KH-1345
265079973;KH-1346;5908287213463;KINGHOFF SZTUĆCE 24 ELEM. SATYNA KH-1346
265079974;KH-1454;5908287214545;KINGHOFF SZTUĆCE 30 ELEM. SATYNA KH-1454
265079975;KH-1450;5908287214507;KINGHOFF SZTUĆCE 30 ELEM. SATYNA KH-1450
265079976;KH-1513;5908287215139;KINGHOFF SZTUĆCE 30 ELEM. POŁYSK KH-1513
265079977;KH-1342;5908287213425;KINGHOFF SZTUĆCE 24 ELEM. POŁYSK KH-1342
265079978;KH-1350;5908287213500;KINGHOFF SZTUĆCE 24 ELEM. SATYNA KH-1350
265079979;KH-1149;5908287211490;KINGHOFF TERMOMETR KUCHENNY DO MIĘSA KH-1149
265079980;KH-3504;5908287235045;KINGHOFF SZTUĆCE 72 ELE. POŁYSK KH-3504 WALIZKA
265079981;KH-3508;5908287235083;KINGHOFF SZTUĆCE 72 ELEM. POŁYSK KH-3508 WALIZKA
265079982;KH-3515;5908287235151;KINGHOFF SZTUĆCE 72 ELEM. POŁYSK KH-3515 WALIZKA
265079983;KH-3519;5908287235199;KINGHOFF SZTUĆCE 72ELE. POŁYSK KH-3519
265079984;KH-3520;5908287235205;KINGHOFF SZTUĆCE 72 ELEM. POŁYSK KH-3520
265079985;KH-3553;5908287235533;KINGHOFF SZTUĆCE 72 ELEM. SATYNA KH-3553 WALIZKA
265079986;KH-3554;5908287235540;KINGHOFF SZTUĆCE 72 ELEM. SATYNA KH-3554
265079987;KH-3561;5908287235618;KINGHOFF SZTUĆCE 72 ELEM. SATYNA KH-3561 WALIZKA
265079988;KH-4196;5908287241961;KINGHOFF TORTOWNICA 24CM KH-4196
265079989;KH-4374;5908287243743;KINGHOFF TERMOS OBIADOWY 0,65L KH-4374
265079990;KH-4375;5908287243750;KINGHOFF TERMOS OBIADOWY 0,8L KH-4375
265079991;KB-7160;5902666611604;KLAUSBERG KAWIARKA 9 FILIŻANEK KB-7160
265079992;KB-7163;5902666611635;KLAUSBERG GARNEK Z POKRYWĄ 8,6L KB-7163
265079993;KB-7165;5902666611659;KLAUSBERG GARNEK GASTRO Z POKRYWĄ 13L KB-7165
265079994;KB-7166;5902666611666;KLAUSBERG GARNEK GASTRO Z POKRYWĄ 16L KB-7166
265079995;KB-7168;5902666611680;KLAUSBERG GARNEK GASTRO Z POKRYWĄ 22,4L KB-7168
265079996;KB-7074;5902666610744;KLAUSBERG CZAJNIK 3L MAGIC COLOR KB-7074
265079997;KB-7159;5902666611598;KLAUSBERG KAWIARKA 6 FILIŻANEK KB-7159
265079998;KB-7164;5902666611642;KLAUSBERG GARNEK GASTRO Z POKRYWĄ 10,7L KB-7164
265079999;KB-7167;5902666611673;KLAUSBERG GARNEK GASTRO Z POKRYWĄ 18,7L KB-7167
265080000;KH-1397;5908287213975;KINGHOFF ZAPARZACZ DO KAWY/HERBATY Z DOCISKIEM 350m KH-1397
265080001;KH-1398;5908287213982;KINGHOFF ZAPARZACZ DO KAWY/HERBATY Z DOCISKIEM 600m KH-1398
265080002;KH-1399;5908287213999;KINGHOFF ZAPARZACZ DO KAWY/HERBATY Z DOCISKIEM 1000ml KH-1399
265080003;KH-1492;5908287214927;KINGHOFF WIADERKO DO LODU 1,75L KH-1492
265080004;KH-1503;5908287215030;KINGHOFF WIADERKO DO LODU 1,5L KH-1503
265080006;KB-7259;5902666612595;KLAUSBERG CZAJNIK Z GWIZDKIEM 3L KB-7259
265080007;KB-7261;5902666612618;KLAUSBERG CZAJNIK Z GWIZDKIEM 3L KB-7261
265080008;KH-1218;5908287212183;KINGHOFF WKŁAD DO SZUFLADY BAMBUSOWY KH-1218
265080009;KB-7161;5902666611611;KAWIARKA 12 FILIŻANEK KLAUSBERG KB-7161
265080013;KH-4000;5908287240001;KINGHOFF STALOWY TŁUCZEK DO MIĘSA KH-4000
265080014;KH-1243;5908287212435;KINGHOFF WIADERKO DO LODU 1,5L KH-1243
265080016;KH-1363;5908287213630;MASZYNKA DO CIASTECZEK DEKORATOR KINGHOFF KH-1363
265080017;KH-1462;5908287214620;MASELNICZKA STALOWA KINGHOFF KH-1462
265080018;KH-1471;5908287214712;KORKOCIĄG OTWIERACZ DO WINA KINGHOFF KH-1471
265080019;KH-1373;5908287213739;MENAŻKA TURYSTYCZNA KEMPINGOWA KINGHOFF KH-1373
265080020;KB-7247;5902666612472;KLAUSBERG LISTWA MAGNETYCZNA NA NOŻE KB-7247
265080021;KB-7257;5902666612571;KLAUSBERG MŁYNEK DO SOLI I PIEPRZU ZESTAW KB-7257
265080022;KB-7277;5902666612779;MARMURKOWY CHLEBAK BAMBUSOWO-AKRYLOWY KLAUSBERG KB-7277
265080023;KH-1528;5908287215283;KOTLECIARKA MASZYNKA DO ROZBIJANIA MIĘSA KINGHOFF KH-1528
265080024;BH-6408;5999108406492;KUBEK TERMICZNY 500ml BERLINGER HAUS BH-6408 BURGUNDY
265080025;BH-6410;5999108406515;KUBEK TERMICZNY 500ml BERLINGER HAUS BH-6410 EMERALD
265080026;BH-6411;5999108406522;KUBEK TERMICZNY 500ml BERLINGER HAUS BH-6411 AQUAMARINE
265080027;KH-1069;5908287210691;MARMURKOWE FORMY DO PIECZENIA 3 SZT. KINGHOFF KH-1069
265080028;KH-1165;5908287211650;KRAJALNICA SZATKOWNICA DO JAJEK KINGHOFF KH-1165
265080029;KH-3114;5908287231146;MASZYNKA DO MAKARONU CIASTA KINGHOFF KH-3114
265080030;KH-3750;5908287237506;MASZYNKA DO CIASTECZEK DEKORATOR KINGHOFF KH-3750
265080031;KH-1098;5908287210981;Komplet garnków stalowych 12 elementów Kinghoff KH-1098
265080032;93556;5902340935569;MASELNICZKA PORCELANOWA Z NOŻYKIEM KASSEL 93556
265080033;KH-6111;5908287261112;Mikser kuchenny ręczny Kinghoff KH-6111
265080034;KB-7100;5902666611000;KLAUSBERG KUBEK TERMICZNY 380ml KB-7100
265080035;KB-7102;5902666611024;KLAUSBERG KUBEK TERMICZNY 500 ml KB-7102
265080036;KB-7155;5902666611550;NASTRZYKIWARKA STRZYKAWKA 60ml DO PEKLOWANIA MARYNOWANIA MIĘSA KLAUSBERG KB-7155
265080037;710224;8592381048310;Odkurzacz mechaniczny Kaśka ręczny QUICK FLOOR
265080038;KH-1443;5908287214439;NÓŻ OBIADOWY 3 szt.KINGHOFF KH-1443 połysk
265080039;KH-1339;5908287213395;NÓŻ OBIADOWY 3 szt.KINGHOFF KH-1339 połysk
265080040;1169;5906716911690;NÓŻ KÓŁKO DO KROJENIA PIZZY RADEŁKO 1169
265080041;1701;5906716917012;Organizer stojak uchwyt podstawka na pokrywki 1701
265080042;153657;8592381152192;MLECZNIK DZBANEK STALOWY DO SPIENIANIA MLEKA 350ml
265080043;153658;8592381152208;MLECZNIK DZBANEK STALOWY DO SPIENIANIA MLEKA 580ml
265080044;KH-1556;5908287215566;NÓŻ KÓŁKO DO KROJENIA PIZZY RADEŁKO KINGHOFF KH-1556
265080045;KH-3131;5908287231313;MINUTNIK KUCHENNY MECHANICZNY KINGHOFF KH-3131
265080046;BH-1906;5999056791008;MŁYNEK ELEKTRYCZNY BERLINGER HAUS BH-1906
265080047;BH-1979;5999108400247;MŁYNEK ELEKTRYCZNY BERLINGER HAUS BH-1979
265080048;KH-3407;5908287234079;OTWIERACZ DO WINA KORKOCIĄG KINGHOFF KH-3407
265080049;KH-3861;5908287238619;PATELNIA DO NALEŚNIKÓW 26cm Z POWŁOKĄ TEFLONOWĄ KINGHOFF KH-3861
265080050;KH-3902;5908287239029;NASTRZYKIWARKA STRZYKAWKA DO PEKLOWANIA MARYNOWANIA MIĘSA KINGHOFF KH-3902
265080051;KH-3928;5908287239289;PATELNIA DO JAJEK Z POWŁOKĄ MARMUROWĄ KINGHOFF MARMO 24cm KH-3928
265080052;KH-4041;5908287240414;MŁYNEK DO PIEPRZU SOLI KINGHOFF KH-4041 DUET
265080053;93579;5902340935798;MŁYNEK DO PIEPRZU SOLI KASSEL 93579
265080054;93701;5902340937013;Misa kuchenna 4l z durszlakiem Kassel 93701
265080055;93702;5902340937020;Misa kuchenna 4l z durszlakiem Kassel 93702
265080056;BH-1508;5999108497438;PATELNIA GRANITOWA 20cm BERLINGER HAUS ROSE GOLD BH-1508
265080058;BH-1634;5999056781672;PATELNIA GRANITOWA 24cm BERLINGER HAUS BLACK ROSE BH-1634
265080059;BH-1791;5999056787162;PATELNIA GRANIT DIAMOND 20cm BERLINGER HAUS BH-1791
265080060;BH-1793;5999056787186;PATELNIA GRANIT DIAMOND 28cm BERLINGER HAUS BH-1793
265080061;BH-1797;5999056787223;PATELNIA DO NALEŚNIKÓW GRANIT DIAMOND 25cm BERLINGER HAUS BH-1797
265080062;BH-1870;5999056791848;PATELNIA GRANITOWA 20cm BERLINGER HAUS AQUAMARINE BH-1870
265080063;BH-1871;5999056791855;PATELNIA GRANITOWA 24cm BERLINGER HAUS AQUAMARINE BH-1871
265080064;BH-1880;5999056791947;PATELNIA GRANITOWA 24cm BERLINGER HAUS AQUAMARINE BH-1880
265080065;BH-1102;5999056762886;PATELNIA GRANITOWA 24cm BERLINGER HAUS BH-1102
265080069;KB-7032;5902666610324;PATELNIA GRANITOWA 22cm KLAUSBERG KB-7032
265080070;KB-7031;5902666610317;PATELNIA GRANITOWA 20cm KLAUSBERG KB-7031
265080071;BH-1844;5999056791473;PATELNIA GRANITOWA 24cm BERLINGER HAUS BLACK SILVER BH-1844
265080072;BH-1713;5999056782860;PATELNIA GRANITOWA 24cm BERLINGER HAUS EBONY ROSEWOOD BH-1713
265080073;KH-1027;5908287210271;PATELNIA GRANITOWA 20cm GRANIT WOOD KINGHOFF KH-1027
265080074;KB-7288;5902666612885;PATELNIA GRANITOWA 16cm KLAUSBERG KB-7288
265080075;KB-7306;5902666613066;PATELNIA GRANITOWA 18cm KLAUSBERG KB-7306
265080076;KB-7307;5902666613073;PATELNIA GRANITOWA 20cm KLAUSBERG KB-7307
265080077;BH-1251;5999056766457;PATELNIA GRANITOWA 20cm BERLINGER HAUS RED METALLIC LINE BH-1251
265080078;BH-1190;5999056765238;PATELNIA GRANITOWA 20cm BERLINGER HAUS FOREST LINE BH-1190
265080079;BH-1210;5999056765634;PATELNIA GRANITOWA 24cm BERLINGER HAUS FOREST LINE BH-1210
265080080;BH-1635N;5999056781689;PATELNIA GRANITOWA 28cm BERLINGER HAUS BLACK ROSE BH-1635
265080081;BH-1872;5999056791862;PATELNIA GRANITOWA 28cm BERLINGER HAUS AQUAMARINE BH-1872
265080082;KB-7040;5902666610409;PATELNIA GRANITOWA 26cm Z POKRYWĄ KLAUSBERG KB-7040
265080083;KB-7033;5902666610331;PATELNIA GRANITOWA 24cm KLAUSBERG KB-7033
265080084;BH-6116;5999108406027;PATELNIA GRANITOWA 24cm BERLINGERHAUS BH-6116
265080085;BH-6117;5999108406034;PATELNIA GRANITOWA 28cm BERLINGERHAUS BH-6117
265080086;BH-1714;5999056782877;PATELNIA GRANITOWA 28cm BERLINGER HAUS EBONY ROSEWOOD BH-1714
265080087;KH-1028;5908287210288;PATELNIA GRANITOWA 24cm GRANIT WOOD KINGHOFF KH-1028
265080088;KH-1029;5908287210295;PATELNIA GRANITOWA 28cm GRANIT WOOD KINGHOFF KH-1029
265080089;BH-6002;5999056797734;PATELNIA GRANITOWA 28cm BERLINGER HAUS BH-6002 MOONLIGHT
265080090;BH-1253;5999056766495;PATELNIA GRANITOWA 28cm BERLINGER HAUS BURGUNDY BH-1253
265080091;KB-7035;5902666610355;PATELNIA GRANITOWA 28cm KLAUSBERG KB-7035
265080092;KB-7039;5902666610393;PATELNIA GRANITOWA 24cm Z POKRYWĄ KLAUSBERG KB-7039
265080093;KB-7293;5902666612939;PATELNIA GRANITOWA 24cm KLAUSBERG KB-7293 GŁĘBOKA
265080094;KB-7295;5902666612953;PATELNIA GRANITOWA 24cm KLAUSBERG KB-7295 GŁĘBOKA
265080095;KB-7310;5902666613103;PATELNIA GRANITOWA 26cm KLAUSBERG KB-7310
265080096;BH-1193;5999056765290;PATELNIA GRANITOWA 28cm BERLINGER HAUS FOREST LINE BH-1193
265080097;BH-1252;5999056766471;PATELNIA GRANITOWA 24cm BERLINGER HAUS RED METALLIC LINE BH-1252
265080098;BH-1259;5999056766617;PATELNIA GRANITOWA 24cm BERLINGER HAUS RED METALLIC LINE BH-1259
265080099;BH-1260;5999056766631;PATELNIA GRANITOWA 28cm BERLINGER HAUS RED METALLIC LINE BH-1260
265080100;BH-1521;5999056777262;PATELNIA GRANITOWA GRILLOWA 28 cm BERLINGER HAUS ROSE GOLD BH-1521
265080101;BH-1610;5999056781436;PATELNIA GRANITOWA GRILLOWA 28 cm BERLINGER HAUS ROSE GOLD BH-1610
265080102;BH-1638;5999056781719;PATELNIA GRANITOWA WOK 28cm BERLINGER HAUS BLACK ROSE BH-1638
265080103;BH-1639;5999056781726;PATELNIA GRANITOWA DO NALEŚNIKÓW 25cm BERLINGER HAUS BLACK ROSE BH-1639
265080104;BH-1722;5999056782952;PATELNIA GRANITOWA DO NALEŚNIKÓW 25cm BERLINGER HAUS FOREST LINE BH-1722
265080105;BH-1849;5999056791527;PATELNIA GRANITOWA DO NALEŚNIKÓW 25cm BERLINGER HAUS BLACK SILVER BH-1849
265080106;BH-1873;5999056791879;PATELNIA GRANITOWA GRILLOWA 28 cm BERLINGER HAUS AQUAMARINE BH-1873
265080107;BH-1794;5999056787193;PATELNIA GRILLOWA GRANIT DIAMOND 28cm BERLINGER HAUS BH-1794
265080108;KB-7041;5902666610416;PATELNIA GRANITOWA 28cm Z POKRYWĄ KLAUSBERG KB-7041
265080109;KB-7036;5902666610362;PATELNIA GRANITOWA 30cm KLAUSBERG KB-7036
265080110;KB-7192;5902666611925;PATELNIA GRANITOWA 30cm Z POKRYWĄ KLAUSBERG KB-7192
265080111;KH-1364;5908287213647;PATELNIA GRANITOWA GRILLOWA KINGHOFF KH-1364
265080113;BH-6128;5999108406140;PATELNIA GRANITOWA DO NALESNIKÓW 25cm BERLINGERHAUS BH-6128
265080114;BH-6118;5999108406041;PATELNIA GRANITOWA 30cm BERLINGERHAUS BH-6118
265080115;BH-1846;5999056791497;PATELNIA GRANITOWA GRILLOWA 28 cm BERLINGER HAUS BH-1846 BLACK SILVER
265080116;BH-1889;5999056792197;PATELNIA GRANITOWA GRILLOWA 28 cm BERLINGER HAUS BH-1889 ROSE GOLD NOIR
265080117;KB-7294;5902666612946;PATELNIA GRANITOWA 28cm KLAUSBERG KB-7294 GŁĘBOKA
265080118;KB-7296;5902666612960;PATELNIA GRANITOWA 28cm KLAUSBERG KB-7296 GŁĘBOKA
265080119;BH-1271;5999056766853;PATELNIA GRANITOWA GRILLOWA 28cm BERLINGER HAUS RED METALLIC LINE BH-1271
265080120;BH-1272;5999056766877;PATELNIA GRANITOWA DO NALEŚNIKÓW 25cm BERLINGER HAUS RED METALLIC LINE BH-1272
265080122;BH-1599;5999056779747;PATELNIA GRILLOWA GRANITOWA BERLINGER HAUS FOREST LINE BH-1599
265080123;BH-1636;5999056781696;PATELNIA GRILLOWA GRANITOWA 28cm BERLINGER HAUS BLACK ROSE BH-1636
265080124;73975;5900378739753;PATERA DWUPOZIOMOWA CERAMIKA I DREWNO HUSLA 73975
265080125;BH-6049;5999056798205;PATELNIA TYTANOWA BERLINGER HAUS 24cm BH-6049 EMERALD
265080126;BH-6046;5999056798175;PATELNIA TYTANOWA BERLINGER HAUS 20cm BH-6046 EMERALD
265080127;KH-3955;5908287239555;PATELNIA MARMURKOWA KINGHOFF 20cm KH-3955
265080128;KH-3956;5908287239562;PATELNIA MARMURKOWA KINGHOFF 22cm KH-3956
265080129;KH-3957;5908287239579;PATELNIA MARMURKOWA KINGHOFF 24cm KH-3957
265080130;KH-3958;5908287239586;PATELNIA MARMURKOWA KINGHOFF 26cm KH-3958
265080131;KH-3959;5908287239593;PATELNIA MARMURKOWA KINGHOFF 28cm KH-3959
265080132;BH-6130;5999108406164;PATELNIA GRILLOWA GRANITOWA 28cm BERLINGERHAUS BH-6130
265080133;KH-1117;5908287211179;PATELNIA ŻELIWNA 20cm KINGHOFF KH-1117 INDUKCJA
265080134;KH-3978;5908287239784;PATELNIA Z POWŁOKĄ MARMUROWĄ KINGHOFF MARMO 18cm KH-3978
265080135;KH-3979;5908287239791;PATELNIA Z POWŁOKĄ MARMUROWĄ KINGHOFF MARMO 20cm KH-3979
265080136;KH-3980;5908287239807;PATELNIA Z POWŁOKĄ MARMUROWĄ KINGHOFF MARMO 22cm KH-3980
265080137;KH-3981;5908287239814;PATELNIA Z POWŁOKĄ MARMUROWĄ KINGHOFF MARMO 24cm KH-3981
265080138;KH-3982;5908287239821;PATELNIA Z POWŁOKĄ MARMUROWĄ KINGHOFF MARMO 26cm KH-3982
265080139;KH-3983;5908287239838;PATELNIA Z POWŁOKĄ MARMUROWĄ KINGHOFF MARMO 28cm KH-3983
265080140;73961;5900378739616;PATELNIA ZE STALI NIERDZEWNEJ 24cm HUSLA 73961
265080141;73962;5900378739623;PATELNIA ZE STALI NIERDZEWNEJ 28cm HUSLA 73962
265080142;BH-1874;5999056791886;RONDEL GRANITOWY 16cm BERLINGER HAUS AQUAMARINE BH-1874
265080143;KH-1413;5908287214132;PODGRZEWACZ ŻAROODPORNY WAZA 4,1L KINGHOFF KH-1413
265080144;KH-1411;5908287214118;PODGRZEWACZ ŻAROODPORNY STOŁOWY 3,2L KINGHOFF KH-1411
265080145;KH-1410;5908287214101;PODGRZEWACZ ŻAROODPORNY STOŁOWY 2,9L KINGHOFF KH-1410
265080146;KH-1474;5908287214743;REGULOWANA OBRĘCZ DO KROJENIA BISZKOPTU NA TORT KINGHOFF KH-1474
265080147;KH-1498;5908287214989;RELING KUCHENNY 16 ELELM. CZARNY KINGHOFF KH-1498
265080148;KH-1412;5908287214125;PODGRZEWACZ ŻAROODPORNY STOŁOWY 2x1,6L KINGHOFF KH-1412
265080149;1713;5906716917135;PÓŁKA NA PRZYPRAWY + WIESZAK NA RĘCZNIK PAPIEROWY 1713
265080151;MX-4540BL;5903856180061;RELING KUCHENNY 10 ELELM. METLEX MX-4540 czarny
265080152;BH-6776;5999108418822;PATERA DWUPOZIOMOWA NA CIASTA PRZEKĄSKI BERLINGER HAUS BH-6776
265080153;KH-1585;5908287215856;POTRÓJNY STOJAK BLOK NA NOŻE I PRZYBORY KINGHOFF KH-1585
265080154;KH-1561;5908287215610;POTRÓJNY STOJAK BLOK NA NOŻE I PRZYBORY KINGHOFF KH-1561
265080155;KH-1568;5908287215689;POTRÓJNY STOJAK BLOK NA NOŻE I PRZYBORY KINGHOFF KH-1568
265080156;KH-1125;5908287211254;RONDEL STALOWY DO SOSÓW KINGHOFF 16cm KH-1125
265080157;KH-1126;5908287211261;RONDEL STALOWY DO SOSÓW KINGHOFF 18cm KH-1126
265080158;KH-3102;5908287231023;PRZESIEWAK DO MĄKI 450g KINGHOFF KH-3102
265080159;KH-4014;5908287240148;PATERA TORTOWNICA OBROTOWA 30 CM KINGHOFF KH-4014
265080160;KH-4614;5908287246140;REGULOWANA TORTOWNICA FORMA OBRĘCZ DO TORTÓW KINGHOFF KH-4614
265080161;KH-4622;5908287246225;RĘKAWICA KUCHENNA SILIKONOWA KINGHOFF KH-4622
265080162;KH-4624;5908287246249;PĘDZEL SILIKONOWY KUCHENNY KINGHOFF KH-4624
265080163;KB-7134;5902666611345;RONDEL Z POKRYWĄ 18cm KLAUSBERG KB-7134 2,1L
265080164;KB-7021;5902666610218;SILIKONOWY SKŁADANY LUNCH BOX KLAUSBERG KB-7021
265080165;KB-7022;5902666610225;SILIKONOWY SKŁADANY LUNCH BOX KLAUSBERG KB-7022
265080166;KB-7023;5902666610232;SILIKONOWY SKŁADANY LUNCH BOX KLAUSBERG KB-7023
265080167;BH-6055;5999056798267;RONDELEK TYTANOWY BERLINGER HAUS 16cm BH-6055 EMERALD
265080168;KH-4322;5908287243224;RONDELEK Z POKRYWĄ 14cm KINGHOFF KH-4322 1L
265080169;KH-1507;5908287215078;SHAKER BARMAŃSKI DO KOKTAJLI 750ml KINGHOFF KH-1507
265080170;KH-1506;5908287215061;SHAKER BARMAŃSKI DO KOKTAJLI 550ml KINGHOFF KH-1506
265080171;1528;5906716915285;SILKONOWA STOLNICA 60x40cm WAŁEK DO CIASTA 1528
265080172;KH-4621;5908287246218;SILIKONOWE ŁAPKI CHWYTAKI KUCHENNE KINGHOFF KH-4621
265080173;KH-4648;5908287246485;SILIKONOWA FORMA DO CHLEBA KH-4648
265080174;KH-4651;5908287246515;SILIKONOWA FORMA DO PIECZENIA Z KOMINEM KH-4651
265080175;KH-4659;5908287246591;SILIKONOWA MATA STOLNICA 60 x 40 cm KINGHOFF KH-4659
265080176;KH-6108;5908287261082;SIEKACZ DO CEBULI / WARZYW KINGHOFF KH-6108
265080177;93703;5902340937037;Silikonowy zestaw do pieczenia Muffinek Kassel 93703
265080178;KB-7133;5902666611338;RONDEL Z POKRYWĄ 16cm KLAUSBERG KB-7133 1,5L
265080179;KB-7131;5902666611314;RONDEL Z POKRYWĄ 12cm KLAUSBERG KB-7131 0,5L
265080180;KH-1255;5908287212558;RONDEL Z POKRYWĄ 16cm KINGHOFF KH-1255 1,5L
265080181;KH-1256;5908287212565;RONDEL Z POKRYWĄ 18cm KINGHOFF KH-1256 2L
265080182;KH-1273;5908287212732;RYŻOWAR WKŁAD DO GOTOWANIA RYŻU KNGHOFF KH-1273
265080183;KH-3302;5908287233027;SOKOWNIK 8L INDUKCJA KINGHOFF KH-3302 GARNEK DO SOKU
265080184;KH-3431;5908287234314;STALOWY NÓŻ DO OBIERANIA KINGHOFF KH-3431 8,5cm
265080185;KH-3434;5908287234345;STALOWY NÓŻ DO PORCJOWANIA KINGHOFF KH-3434 20cm
265080186;KH-3426;5908287234260;STALOWY NÓŻ DO OBIERANIA KINGHOFF KH-3426 8,5cm
265080187;KH-3428;5908287234284;STALOWY NÓŻ DO FILETOWANIA KINGHOFF KH-3428 15cm
265080188;KH-3429;5908287234291;STALOWY NÓŻ DO PORCJOWANIA KINGHOFF KH-3429 20cm
265080189;KH-3436;5908287234369;STALOWY NÓŻ DO OBIERANIA KINGHOFF KH-3436 8,5cm
265080190;KH-3439;5908287234390;STALOWY NÓŻ DO PORCJOWANIA KINGHOFF KH-3439 20cm
265080191;KH-1468;5908287214682;STALOWA OBIERACZKA DO WARZYW KINGHOFF KH-1468
265080192;KH-1378;5908287213784;STALOWA BRYTFANNA DO PIECZENIA Z RUSZTEM 40cm KH-1378
265080193;KH-1377;5908287213777;STALOWA BRYTFANNA DO PIECZENIA Z RUSZTEM 35cm KH-1377
265080194;KH-1487;5908287214873;STALOWA MISKA KUCHENNA 24cm KINGHOFF KH-1487
265080195;BL-3438;5999108405464;SITO PRZESIEWAK DO MĄKI CUKRU PUDRU BLAUMANN BL-3438
265080196;KH-3126;5908287231269;SPIENIACZ DO MLEKA KINGHOFF KH-3126
265080197;KH-3178;5908287231788;STALOWA TRZEPACZKA UBIJACZKA KUCHENNA Z KULKĄ KINGHOFF KH-3178
265080198;KH-3179;5908287231795;STALOWA TRZEPACZKA UBIJACZKA KUCHENNA Z KULKĄ KINGHOFF KH-3179
265080199;KH-3732;5908287237322;STALOWA CUKIERNICA Z ŁYŻECZKĄ KINGHOFF KH-3732 SATYNA
265080200;93709;5902340937099;SKŁADANA SILIKONOWA SUSZARKA OCIEKACZ DO NACZYŃ KASSEL 93709
265080201;93710;5902340937105;SKŁADANA SILIKONOWA SUSZARKA OCIEKACZ DO NACZYŃ KASSEL 93710
265080202;KH-1237;5908287212374;STALOWY DURSZLAK GŁĘBOKI 24cm KINGHOFF KH-1237
265080203;KH-3432;5908287234321;STALOWY NÓŻ UNIWERSALNY KINGHOFF KH-3432 12cm
265080204;KH-3435;5908287234352;STALOWY NÓŻ SZEFA KUCHNI KINGHOFF KH-3435 22cm
265080205;KH-3427;5908287234277;STALOWY NÓŻ UNIWERSALNY KINGHOFF KH-3427 12cm
265080206;KH-3430;5908287234307;STALOWY NÓŻ SZEFA KUCHNI KINGHOFF KH-3430 22cm
265080207;KH-3437;5908287234376;STALOWY NÓŻ UNIWERSALNY KINGHOFF KH-3437 12cm
265080208;93612;5902340936122;STOJAK NA RĘCZNIKI PAPIEROWE KASSEL 93612
265080209;KH-1355;5908287213555;SUSZARKA OCIEKACZ DO NACZYŃ KINGHOFF KH-1355
265080210;KH-1354;5908287213548;SUSZARKA OCIEKACZ DO NACZYŃ KINGHOFF KH-1354
265080211;KH-1281;5908287212817;STALOWY OCIEKACZ NA SZTUĆCE KINGHOFF KH-1281
265080212;KH-1360;5908287213609;STOJAK MARMUROWY NA RĘCZNIKI PAPIEROWE KINGHOFF KH-1360
265080213;KH-4008;5908287240087;STOJAK NA PRZYPRAWY 12 POJEMNIKÓW KINGHOFF KH-4008
265080214;KH-3921;5908287239210;STOJAK NA RĘCZNIKI PAPIEROWE KINGHOFF KH-3921
265080215;KH-1537;5908287215375;STOLNICA MATA SILIKONOWA 60x40cm KINGHOFF KH-1537
265080216;KH-1560;5908287215603;STOJAK BLOK MAGNETYCZNY NA NOŻE KINGHOFF KH-1560
265080217;KH-1219;5908287212190;STOJAK NA RĘCZNIKI PAPIEROWE KINGHOFF KH-1219
265080218;KH-3188;5908287231887;STRUNA DO KROJENIA PRZYCINANIA BISZKOPTU NA TORT KINGHOFF KH-3188
265080219;KH-3922;5908287239227;STALOWY STOJAK NA RĘCZNIKI PAPIEROWE KINGHOFF KH-3922
265080220;KH-4039;5908287240391;STOJAK Z ŁYŻKĄ WAZOWĄ KINGHOFF KH-4039
265080221;93610;5902340936108;STOJAK NA RĘCZNIKI PAPIEROWE KASSEL szary 93610
265080222;93611;5902340936115;STOJAK NA RĘCZNIKI PAPIEROWE KASSEL szmaragdowy 93611
265080223;KB-7103;5902666611031;TERMICZNY KUBEK TERMOS 480ml KLAUSBERG KB-7103 AUTOMAT
265080224;KH-1356;5908287213562;SUSZARKA OCIEKACZ DO NACZYŃ KINGHOFF KH-1356
265080225;KH-1357;5908287213579;SŁOMKI METALOWE DO NAPOJÓW KINGHOFF 8szt. + ETUI KH-1357
265080226;KH-3699;5908287236998;TERMOMETR DO PIEKARNIKA KINGHOFF KH-3699
265080227;250556063;6934573138270;SZTUĆCE WENS POŁYSK 24 ELEM. 3mm CULT do zmywarki
265080228;KH-1478;5908287214781;SUSZARKA OCIEKACZ DO NACZYŃ KINGHOFF KH-1478
265080229;KH-1479;5908287214798;SUSZARKA OCIEKACZ DO NACZYŃ KINGHOFF KH-1479
265080230;127204;8592381147006;SZKLANKA TERMICZNA 430ML Z PODWÓJNĄ SCIANKĄ DO LATTE
265080231;127201;8592381146979;SZKLANKA TERMICZNA 180ml Z PODWÓJNĄ SCIANKĄ DO KAWY 127201
265080232;124356;8592381151805;SZKLANKA TERMICZNA 330ml Z PODWÓJNĄ SCIANKĄ DO KAWY
265080233;KH-1499;5908287214996;SUSZARKA OCIEKACZ DO NACZYŃ KINGHOFF KH-1499
265080234;KH-1500;5908287215009;SUSZARKA OCIEKACZ DO NACZYŃ KINGHOFF KH-1500
265080235;KB-7101;5902666611017;TERMICZNY KUBEK TERMOS QUICK STOP KLAUSBERG KB-7101
265080236;1547;5906716915476;SZCZYPCE SILIKONOWE KUCHENNE 21cm 1547
265080237;1546;5906716915469;SZCZYPCE SILIKONOWE KUCHENNE 27cm 1546
265080238;KH-1112;5908287211124;TARKA SZATKOWNICA KRAJALNICA REGULOWANA KINGHOFF KH-1112
265080239;KH-3697;5908287236974;TERMOMETR KUCHARSKI DO MIĘSA KINGHOFF KH-3697
265080240;KH-4176;5908287241763;TERMICZNY KUBEK TERMOS QUICK STOP KINGHOFF KH-4176
265080241;KH-4626;5908287246263;SZPATUŁKA/ŁYŻKA SILIKONOWA KINGHOFF KH-4626
265080242;KH-3672;5908287236721;SZCZYPCE KUCHENNE 30cm KINGHOFF KH-3672
265080243;73955;5900378739555;UNIWERSALNA TARKA KUCHENNA HUSLA 73955
265080244;KH-1467;5908287214675;TERMOS KONFERENCYJNY CATERINGOWY 3L KINGHOFF KH-1467
265080245;KH-1459;5908287214590;TERMOS OBIADOWY KINGHOFF 0,5L KH-1459
265080246;KH-1460;5908287214606;TERMOS OBIADOWY KINGHOFF 0,75L KH-1460
265080247;KH-1458;5908287214583;TERMOS OBIADOWY KINGHOFF 0,75L KH-1458
265080248;KH-1457;5908287214576;TERMOS OBIADOWY KINGHOFF 0,5L KH-1457
265080249;KH-1208;5908287212084;TYGIELEK DO PARZENIA KAWY PO TURECKU 700ml KINGHOFF KH-1208
265080250;KB-7088;5902666610881;UCHWYT METALOWY NA RĘCZNIKI PAPIEROWE KLAUSBERG KB-7088
265080251;1023;5906716910235;TORTOWNICE FORMY GRANITOWE DO PIECZENIA 3 SZT. 24/26/28cm 1023
265080252;BH-1761;5999056785663;TERMOS BUTELKA TERMICZNA 500ml BERLINGER HAUS BH-1761
265080253;BH-6378;5999108403866;TERMOS STALOWY 0,75L BERLINGER HAUS BH-6378 EMERALD
265080254;KH-4200;5908287242005;TORTOWNICE FORMY DO PIECZENIA 3 SZT. KINGHOFF KH-4200
265080255;KH-1116;5908287211162;TRZYSTOPNIOWA OSTRZAŁKA OSEŁKA DO NOŻY KINGHOFF KH-1116
265080256;KH-3300;5908287233003;UNIWERSALNY PRZECIERAK DO WARZYW ŻYWNOŚCI KINGOFF KH-3300
265080257;KH-4052;5908287240520;TERMOS STALOWY 500 ml CLICK-CLACK KINGHOFF KH-4052
265080258;KH-4053;5908287240537;TERMOS STALOWY 750 ml CLICK-CLACK KINGHOFF KH-4053
265080259;KH-4054;5908287240544;TERMOS STALOWY 1000 ml CLICK-CLACK KINGHOFF KH-4054
265080260;93604;5902340936047;UNIWERSALNA TARKA KUCHENNA KASSEL 93604
265080261;KH-1249;5908287212497;UNIWERSALNY STOJAK BLOK DO NOŻY KINGHOFF KH-1249 22cm
265080263;KH-1270;5908287212701;TŁUCZEK UBIJAK DO ZIEMNIAKÓW PUREE KINGHOFF KH-1270
265080264;BH-1875;5999056791893;WOK GRANITOWY 28cm BERLINGER HAUS AQUAMARINE BH-1875
265080265;TD-015;5903313411240;WORECZKI DO SZYNKOWARA 1,5kg 20 szt. SZYNKOWAR
265080266;KH-1335;5908287213357;WIDELEC OBIADOWY 6 szt.KINGHOFF KH-1335 połysk
265080267;KH-1437;5908287214378;WIDELEC OBIADOWY 6 szt.KINGHOFF KH-1437 połysk
265080268;KH-1441;5908287214415;WIDELCZYK DO CIASTA 6 szt.KINGHOFF KH-1441 połysk
265080269;KH-1470;5908287214705;WYCISKACZ PRASKA DO CZOSNKU KINGHOFF KH-1470
265080270;KH-1473;5908287214736;WYCISKACZ PRASKA DO CZOSNKU KINGHOFF KH-1473
265080271;BH-6053;5999056798243;WOK TYTANOWY BERLINGER HAUS BH-6053 EMERALD
265080272;KH-1505;5908287215054;WIADERKO DO CHŁODZENIA SZMPANA WÓDKI KINGHOFF KH-1505
265080273;KB-7472;5908287274723;WENTYLATOR WIATRAK STOJĄCY PODŁOGOWY KLAUSBERG KB-7472
265080274;1074;5906716910747;WYCISKARKA PRZECIERAK DO POMIDORÓW I OWOCÓW 1074
265080275;BH-1719;5999056782921;WOK GRANITOWY 28cm BERLINGER HAUS BH-1719 EBONY ROSEWOOD
265080276;1576;5906716915766;WKŁAD DO SZUFLADY ROZSUWANY BAMBUSOWY 1576
265080277;KH-1222;5908287212220;WKŁAD ORGANIZER KINGHOFF DO SZUFLADY NA SZTUĆCE KH-1222
265080278;KH-3406;5908287234062;WYCISKACZ PRASKA DO CZOSNKU KINGHOFF KH-3406
265080279;KH-6113;5908287261136;Wirówka osuszacz do sałaty Kinghoff KH-6113
265080280;KH-1242;5908287212428;WIADERKO DO CHŁODZENIA SZMPANA WÓDKI KINGHOFF KH-1242
265080281;BH-1159;5999056764613;WOK GRANITOWY BERLINGER HAUS 28cm BH-1159 STONE TOUCH
265080282;BH-1204;5999056765511;WOK GRANITOWY 28cm BERLINGER HAUS FOREST LINE BH-1204
265080283;BH-1267;5999056766778;WOK GRANITOWY 28cm BERLINGER HAUS LINE BH-1267 BURGUNDY
265080284;BH-1493;5999056776807;ZAPARZACZ DO HERBATY 350ml BERLINGER HAUS BH-1493 ROSE GOLD
265080285;BH-1494;5999056776814;ZAPARZACZ DO HERBATY 600ml BERLINGER HAUS BH-1494 ROSE GOLD
265080286;BH-1495;5999056776821;ZAPARZACZ DO HERBATY 800ml BERLINGER HAUS BH-1495 ROSE GOLD
265080287;BH-1497;5999056776845;ZAPARZACZ DO HERBATY 600ml BERLINGER HAUS BH-1497 BURGUNDY LINE
265080288;BH-1498;5999056776852;ZAPARZACZ DO HERBATY 800ml BERLINGER HAUS BH-1498 BURGUNDY LINE
265080289;BH-1612;5999056781450;ZESTAW 2 PATELNI GRANITOWYCH BERLINGER HAUS BH-1612 BURGUNDY
265080290;KB-7177;5902666611772;ZESTAW 3 DUŻYCH GARNKÓW KLAUSBERG 7+8,6+10,7L KB-7177
265080291;KB-7201;5902666612014;ZESTAW 12 ELEM. GARNKÓW GRANITOWYCH KLAUSBERG KB-7201
265080292;KH-3331;5908287233317;ZAPARZACZ ŻELIWNY 850ml Z FILTREM KINGHOFF KH-3331
265080293;KB-7178;5902666611789;ZESTAW 3 DUŻYCH GARNKÓW KLAUSBERG 10/13/16L KB-7178
265080294;KH-1368;5908287213685;ZAPARZACZ DO HERBATY ZIÓŁ NAKŁADANY KH-1368
265080295;KB-7242;5902666612427;ZESTAW 12 ELEM. GARNKÓW GRANITOWYCH KLAUSBERG KB-7242 GRANIT WOOD
265080296;KB-7244;5902666612441;ZESTAW 12 ELEM. GARNKÓW GRANITOWYCH KLAUSBERG KB-7244
265080297;KH-5026;5908287250260;ZEGAR ŚCIENNY STALOWY 34cm MECHANIZM PŁYNĄCY KH-5026
265080298;73930;5900378739302;ZESTAW 3 DESEK KUCHENNYCH W STOJAKU HUSLA 73930
265080299;KH-1554;5908287215542;WYKRAWACZ CIASTA NA PIEROGI KINGHOFF KH-1554
265080300;KH-4446;5908287244467;ZESTAW 3 GARNKÓW KINGHOFF Z POKRYWAMI KH-4446
265080301;KH-4844;5908287248441;ZAPARZACZ 1L DO HERBATY ZIÓŁ KINGHOFF KH-4844
265080302;KH-4845;5908287248458;ZAPARZACZ 1,5L DO HERBATY ZIÓŁ KINGHOFF KH-4845
265080303;KB-7360;5902666613608;ZESTAW 12 ELEM. GARNKÓW GRANITOWYCH KLAUSBERG KB-7360
265080304;BH-1289;5999056767218;ZESTAW 3 PATELNI GRANITOWYCH BERLINGER HAUS BURGUNDY BH-1289
265080305;BH-6041;5999056798120;ZESTAW 3 PATELNI GRANITOWYCH 20/24/28CM BERLINGER HAUS BH-6041 I-ROSE
265080306;BH-2534;5999108403187;ZESTAW 5 NOŻY KUCHENNYCH Z LISTWĄ BERLINGER HAUS BH-2534 BURGUNDY
265080307;BH-2535;5999108403194;ZESTAW 5 NOŻY KUCHENNYCH Z LISTWĄ BERLINGER HAUS BH-2535 BLACK ROSE
265080308;BH-2386;5999056789166;ZESTAW 6 NOŻY KUCHENNYCH BERLINGER HAUS BH-2386
265080309;BH-2543;5999108469930;ZESTAW 6 NOŻY KUCHENNYCH BERLINGER HAUS BH-2543
265080310;BH-6156;5999108407536;ZESTAW 3 PATELNI GRANITOWYCH BERLINGERHAUS BLACK ROSE BH-6156
265080311;BH-6158;5999108407550;ZESTAW 3 PATELNI GRANITOWYCH BERLINGERHAUS BLACK ROSE BH-6158
265080312;BH-2111;5999056768963;ZESTAW 6 NOŻY KUCHENNYCH BERLINGER HAUS BH-2111
265080313;BH-2160;5999056772267;ZESTAW 5 NOŻY W STOJAKU BERLINGER HAUS BH-2160
265080314;BH-6169;5999108408311;ZESTAW 3 PATELNI 20/24/28CM BERLINGER HAUS BH-6169 MOONLIGHT
265080315;BH-6170;5999108408328;ZESTAW 3 PATELNI 20/24/28CM BERLINGER HAUS BH-6170 I-ROSE
265080316;BH-2537;5999108420849;ZESTAW 5 NOŻY KUCHENNYCH Z LISTWĄ BERLINGER HAUS BH-2537 AQUAMARINE
265080317;BH-2551;5999108416606;ZESTAW 5 NOŻY KUCHENNYCH Z DESKĄ BERLINGER HAUS BH-2551 EMERALD
265080318;BH-2549;5999108416583;ZESTAW 5 NOŻY KUCHENNYCH Z DESKĄ BERLINGER HAUS BH-2549
265080319;KH-1553;5902666615534;ZESTAW 4 BLACH DO PIECZENIA PIZZY KINGHOFF KH-1553
265080320;BH-2542;5999108407123;ZESTAW 6 NOŻY KUCHENNYCH BERLINGER HAUS BH-2542
265080321;93307;5902340933077;ZESTAW 5 NOŻY W BLOKU Z DREWNA LAKIEROWANEGO 93307
265080322;KB-7359;5902666613592;ZESTAW 8 ELEM. GARNKÓW GRANITOWYCH KLAUSBERG KB-7359
265080323;BH-1279;5999056767010;ZESTAW 3 PATELNI GRANITOWYCH BERLINGER HAUS ROSE GOLD LINE BH-1279
265080324;BH-1537;5999056778467;ZESTAW GARNKÓW GRANITOWYCH BERLINGER HAUS BH-1537 FOREST LINE
265080325;BH-1645;5999056781788;ZESTAW GARNKÓW GRANITOWYCH 10 elem. BERLINGER HAUS BLACK ROSE BH-1645
265080326;BH-2337;5999056783935;ZESTAW NOŻY KUCHENNYCH BERLINGER HAUS BH-2337 BLACK ROSE
265080327;BH-6020;5999056797918;ZESTAW GARNKÓW 10 ELEM. MOONLIGT BERLINGER HAUS BH-6020
265080328;KB-7432;5902666614322;ZESTAW MŁYNKÓW DO PIEPRZU I SOLI KLAUSBERG KB-7432
265080329;KH-1389;5908287213890;ZESTAW BARMAŃSKI 5 ELEMENTÓW KINGHOFF KH-1389
265080330;KH-1480;5908287214804;ZESTAW BLACH DO PIECZENIA PIZZY KINGHOFF KH-1480
265080331;BH-6164;5999108411243;ZESTAW GARNKÓW GRANITOWYCH BERLINGER HAUS BH-6164 AQUAMARINE 17 ELEM.
265080332;BH-6162;5999108411205;ZESTAW GARNKÓW GRANITOWYCH BERLINGER HAUS BH-6162 BURGUNDY 17 ELEM.
265080333;BH-6102;5999108401312;Zestaw garnków tytanowych Berlingerhaus BH-6102
265080334;BH-1992;5999108401855;ZESTAW DO PRZYPRAW PRZYPRAWNIK BERLINGER HAUS BH-1992
265080335;BH-6129;5999108406157;ZESTAW GARNKÓW GRANITOWYCH BERLINGERHAUS BH-6129
265080336;BH-6152;5999108407741;ZESTAW GARNKÓW GRANITOWYCH BERLINGERHAUS AQUAMARINE BH-6152
265080337;BH-6151;5999108407734;ZESTAW GARNKÓW GRANITOWYCH BERLINGER HAUS ROSE GOLD BH-6151
265080338;KH-1166;5908287211667;ZESTAW DO WINA W ETUI W FORMIE BUTELKI KINGHOFF KH-1166
265080339;BH-7217;5999108425998;ZESTAW MŁYNKÓW ELEKTRYCZNYCH BERLINGER HAUS BH-7217
265080340;BH-1905;5999056790995;ZESTAW MŁYNKÓW ELEKTRYCZNYCH BERLINGER HAUS BH-1905
265080341;KH-4025;5908287240254;ZESTAW MIAREK KUCHENNYCH KINGHOFF KH-4025
265080342;BH-1222;5999056765870;ZESTAW GARNKÓW GRANITOWYCH BERLINGER HAUS BH-1222 BURGUNDY 10 ELEM.
265080343;BH-1226;5999056765955;ZESTAW GARNKÓW GRANITOWYCH BERLINGER HAUS BH-1226 RED METALLIC 15 ELEM.
265080344;BH-1883;5999056791978;ZESTAW PATELNI GRANITOWYCH 22/26cm BERLINGER HAUS AQUAMARINE BH-1883
265080345;BH-2136;5999056769823;ZESTAW NOŻY BERLINGER HAUS PASSION BH-2136
265080346;BH-2383;5999056789135;ZESTAW NOŻY BERLINGER HAUS BH-2383 BLACK SILVER
265080347;BH-2382;5999056789128;ZESTAW NOŻY GRANITOWYCH BERLINGER HAUS BH-2382 Black Silver
265080348;KH-3462;5908287234628;ZESTAW NOŻY KUCHENNYCH W BLOKU KINGHOFF KH-3462
265080349;KH-3463;5908287234635;ZESTAW NOŻY KUCHENNYCH W BLOKU KINGHOFF KH-3463
265080350;BH-2422;5999056794566;ZESTAW NOŻY BERLINGER HAUS BH-2422 W STOJAKU
265080351;BH-6159;5999108422997;ZESTAW PATELNI GRANITOWYCH BERLINGERHAUS BLACK SILVER BH-6159
265080352;BH-2448;5999108405808;ZESTAW NOŻY BERLINGER HAUS BH-2448 W STOJAKU
265080353;KB-7491;5908287274914;ZESTAW POJEMNIKÓW KUCHENNYCH KLAUSBERG KB-7491
265080354;KH-1526;5908287215269;ZESTAW POJEMNIKÓW KUCHENNYCH KINGHOFF KH-1526
265080355;BH-2401;5999056790643;ZESTAW NOŻY BERLINGER HAUS BH-2401 Rose Gold
265080356;BH-2421;5999056794559;ZESTAW NOŻY BERLINGER HAUS BH-2421 BLACK ROSE W STOJAKU
265080357;BH-2611;5999108403156;ZESTAW NOŻY KUCHENNYCH BERLINGER HAUS BH-2611 ROSE GOLD
265080358;KB-7504;5908287275041;ZESTAW POJEMNIKÓW KUCHENNYCH KLAUSBERG KB-7504
265080359;BH-6271;5999108400810;ZESTAW POJEMNIKÓW KUCHENNYCH BERLINGER HAUS BH-6271
265080360;KB-7256;5902666612564;ZESTAW POJEMNIKÓW KUCHENNYCH KLAUSBERG KB-7256
265080361;BH-2563;5999108423758;ZESTAW NOŻY BERLINGER HAUS BH-2563 EMERALD W STOJAKU
265080362;BH-2564;5999108470066;ZESTAW NOŻY BERLINGER HAUS BH-2564 AQUAMARINE W STOJAKU
265080363;BH-2565;5999108470394;ZESTAW NOŻY BERLINGER HAUS BH-2565 BLACK SILVER W STOJAKU
265080364;BH-6237;5999108402630;ZESTAW PRZYBORÓW KUCHENNYCH BERLINGER HAUS BH-6237
265080365;BH-6238;5999108402593;ZESTAW PRZYBORÓW KUCHENNYCH BERLINGER HAUS BH-6238
265080366;KH-3412;5908287234123;ZESTAW STALOWYCH SITEK CEDZAKOWYCH KINGHOFF KH-3412
265080367;KH-1337;5908287213371;ŁYŻECZKA DO HERBATY 6 szt.KINGHOFF KH-1337 połysk
265080368;73957;5900378739579;ZESTAW PRZYBORÓW KUCHENNYCH HUSLA DREWNO 4 ELEMENTY
265080369;73958;5900378739586;ZESTAW PRZYBORÓW KUCHENNYCH HUSLA DREWNO 3 ELEMENTY
265080370;BH-6209;5999056796980;ZESTAW PRZYBORÓW KUCHENNYCH BERLINGER HAUS BH-6209
265080371;BH-6243;5999108402647;ZESTAW PRZYBORÓW KUCHENNYCH BERLINGER HAUS BH-6243
265080372;BH-6245;5999108402661;ZESTAW PRZYBORÓW KUCHENNYCH BERLINGER HAUS BH-6245
265080373;BH-1969;5999056796751;ZESTAW PRZYBORÓW KUCHENNYCH BERLINGER HAUS BH-1969
265080374;BH-6229;5999056797185;ZESTAW PRZYBORÓW KUCHENNYCH BERLINGER HAUS BH-6229
265080375;BH-6244;5999108402654;ZESTAW PRZYBORÓW KUCHENNYCH BERLINGER HAUS BH-6244
265080376;BH-6242;5999108402630;ZESTAW PRZYBORÓW KUCHENNYCH BERLINGER HAUS BH-6242
265080377;KH-1557;5908287215573;ŁOPATKA DO KROJENIA I PODAWANIA PIZZY KINGHOFF KH-1557
265080378;KB-7506;5908287275065;ZESTAW POJEMNIKÓW KUCHENNYCH KLAUSBERG KB-7506
265080379;KB-7507;5908287275072;ZESTAW POJEMNIKÓW KUCHENNYCH KLAUSBERG KB-7507
265080380;KB-7505;5908287275058;ZESTAW POJEMNIKÓW KUCHENNYCH KLAUSBERG KB-7505
265080381;KB-7511;5908287275119;ZESTAW PRZYBORÓW KUCHENNYCH KLAUSBERG KB-7511
265080382;KH-1569;5908287215696;ZESTAW PRZYBORÓW KUCHENNYCH KINGHOFF KH-1569
265080383;73952;5900378739524;ZESTAW PRZYBORÓW KUCHENNYCH HUSLA DREWNO AKACJOWE 73952
265080384;KB-7140;5902666611406;GARNEK NA PARĘ KLAUSBERG 5 ELEM. 20cm KB-7140
265080385;KB-7141;5902666611413;GARNEK NA PARĘ KLAUSBERG 3 ELEM. 22cm KB-7141
265080386;KB-7395;5902666613950;CHLEBAK POJEMNIK NA PIECZYWO DWUSTRONNY KLAUSBERG KB-7395 szary
265080387;BH-1727;5999056783003;ZESTAW 3 PATELNI GRANITOWYCH BERLINGER HAUS EBONY ROSEWOOD BH-1727
265080388;KB-7174;5902666611741;GARNEK PŁASKI Z POKRYWĄ 28cm KLAUSBERG KB-7174
265080389;833163;8592381103590;PALNIK KUCHENNY GAZOWY ORION DO CREME BRULEE
265080390;KB-7172;5902666611727;GARNEK PŁASKI Z POKRYWĄ 24cm KLAUSBERG KB-7172
265080392;BH-2514;5999108470028;ZESTAW 6 NOŻY KUCHENNYCH BERLINGER HAUS BH-2514 AQUAMARINE
265080393;KH-1333;5908287213333;ŁYŻKA OBIADOWA 6 szt.KINGHOFF KH-1333 połysk
265080394;KH-1439;5908287214392;ŁYŻECZKA DO HERBATY 6 szt.KINGHOFF KH-1439 połysk
265080395;KH-1446;5908287214460;ŁYŻECZKA KOKTAJLOWA 6 szt. DO LATTE DESERÓW KH-1446 połysk
265080396;BH-6066;5999056798373;GARNKI TYTANOWE BERLINGER HAUS 12 elem. BH-6066 EMERALD
265080397;BH-1100;5999056762848;GARNEK GRANIT DIAMOND 24cm 6,8l BERLINGER HAUS BH-1100
265080398;BH-1347;5999056770287;STOJAK NA RĘCZNIKI PAPIEROWE BERLINGER HAUS BH-1347
265080399;1077;5906716910778;ELEKTRONICZNA SZKLANA WAGA KUCHENNA LCD do 5kg
265080400;BH-2614;5999108420733;ZESTAW 5 NOŻY KUCHENNYCH Z LISTWĄ BERLINGER HAUS BH-2614 ROSE GOLD
265080401;KB-7139;5902666611390;GARNEK NA PARĘ KLAUSBERG 4 ELEM. 20cm KB-7139
265080402;KB-7096;5902666610966;CHLEBAK POJEMNIK NA PIECZYWO KLAUSBERG KB-7096
265080403;BH-1148;5999056764392;PATELNIA GRANITOWA BERLINGER HAUS 28cm BH-1148 STONE TOUCH
265080404;BH-1150;5999056764439;RONDEL GRANITOWY BERLINGER HAUS 16cm BH-1150 STONE TOUCH
265080405;KB-7215;5902666612151;ZESTAW GARNKÓW 9 ELEM.KLAUSBERG KB-7215 STAL 18/10
265080406;KB-7211;5902666612113;KLAUSBERG GARNEK Z POKRYWĄ 1,8 L KB-7211
265080407;KB-7214;5902666612144;KLAUSBERG GARNEK Z POKRYWĄ 5,9 L KB-7214
265080409;BH-6168;5999108408304;ZESTAW 3 PATELNI TYTANOWYCH BERLINGERHAUS BH-6168 EMERALD
265080410;BH-9092;5999108413704;ELEKTRYCZNY KORKOCIĄG OTWIERACZ DO WINA BERLINGER HAUS BH-9092
265080411;BH-6122;5999108406089;GARNEK GRANITOWY 20cm BERLINGERHAUS BH-6122
265080412;KH-1501;5908287215016;KINGHOFF WKŁAD DO SZUFLADY BAMBUSOWY KH-1501 duży
265080413;KH-1213;5908287212138;Czajnik z gwizdkiem Kinghoff 3,4L KH-1213
265080414;KB-7212;5902666612120;KLAUSBERG GARNEK Z POKRYWĄ 2,5 L KB-7212
265080415;BH-9111;5999108417016;ELEKTRONICZNA WAGA KUCHENNA BERLINGER HAUS BH-9111 EMERALD
265080416;BH-1994;5999108401893;PRZYPRAWNIK DO SOLI PIEPRZU BERLINGER HAUS BH-1994
265080417;BH-1999;5999108418976;PRZYPRAWNIK ZESTAW DO PRZYPRAW BERLINGER HAUS BH-1999
265080418;KH-1563;5908287215634;BAMBUSOWA DESKA KUCHENNA 32x 18cm KINGHOFF KH-1563
265080419;KH-1564;5908287215641;BAMBUSOWA DESKA KUCHENNA 38x23cm KINGHOFF KH-1564
265080420;KH-1567;5908287215672;DESKA DO KROJENIA I SERWOWANIA SERÓW Z PRZYBORAMI KINGHOFF KH-1567
265080422;KH-3321;5908287233218;KINGHOFF GARNEK NA PARĘ 3.1L KH-3321 20cm
265080423;KH-4581;5908287245815;RONDEL + SITO DO SMAŻENIA W GŁĘBOKIM TŁUSZCZU KINGHOFF KH-4581
265080424;KH-1253;5908287212534;RONDEL Z POKRYWĄ 12cm KINGHOFF KH-1253 0,5L
265080425;KH-1254;5908287212541;RONDEL Z POKRYWĄ 14cm KINGHOFF KH-1254 1L
265080426;KB-7122;5902666611222;GARNEK Z POKRYWĄ 16cm KLAUSBERG KB-7122 1,5L
265080427;BH-1474;5999056773585;ZESTAW GARNKÓW GRANITOWYCH BERLINGERHAUS BH-1474
265080428;KH-1565;5908287215658;TACA DESKA DREWNIANA DO PIZZY 35cm KINGHOFF KH-1565
265080429;KH-1566;5908287215665;TACA DESKA OBROTOWA DO SERWOWANIA PIZZY 35cm KINGHOFF KH-1566
265080430;BH-7444;5999108433047;GARNEK 20cm BERLINGER HAUS BH-7444 ETERNAL
265080431;BH-7445;5999108433054;GARNEK 24cm BERLINGER HAUS BH-7445 ETERNAL
265080432;BH-7446;5999108433061;GARNEK 28cm BERLINGER HAUS BH-7446 ETERNAL
265080433;BH-1946;5999056795662;PATELNIA GRANITOWA 28cm BERLINGER HAUS BURGUNDY BH-1946
265080434;BH-1950;5999056795709;PATELNIA GRILLOWA 28cm BERLINGER HAUS ROSE GOLD BH-1950
265080435;BH-1951;5999056795716;PATELNIA GRANITOWA 24cm BERLINGER HAUS BLACK ROSE BH-1951
265080436;BH-1952;5999056795723;PATELNIA GRANITOWA 28cm BERLINGER HAUS BLACK ROSE BH-1952
265080437;BH-1953;5999056795730;PATELNIA GRILLOWA 28cm BERLINGER HAUS BLACK ROSE BH-1953
265080438;BH-1966;5999056796430;GARNEK GRANITOWY DO MLEKA BERLINGER HAUS 1,2L BH-1966
265080439;BH-2560;5999108423604;ZESTAW NOŻY BERLINGER HAUS BH-2560 PURPLE W STOJAKU
265080440;BH-6467;5999108445262;FORMA BLACHA DO PIECZENIA BERLINGERHAUS BH-6467
265080441;BH-6568;5999108414411;PATELNIA TYTANOWA BERLINGER HAUS 24cm BH-6568 PRIMAL GLOSS
265080442;BH-6569;5999108414428;PATELNIA TYTANOWA BERLINGER HAUS 28cm BH-6569 PRIMAL GLOSS
265080443;BH-6571;5999108414442;GARNEK TYTANOWY 20cm BERLINGER HAUS BH-6571 PRIMAL GLOSS
265080444;BH-6572N;5999108474545;GARNEK TYTANOWY 24cm BERLINGER HAUS BH-6572 PRIMAL GLOSS
265080445;BH-6573;5999108414466;GARNEK TYTANOWY 28cm BERLINGER HAUS BH-6573 PRIMAL GLOSS
265080446;BH-6577;5999108414503;GARNEK TYTANOWY 28cm BERLINGER HAUS BH-6577 PRIMAL GLOSS
265080447;73935;5900378739357;CHLEBAK HUSLA Z DESKĄ DO KROJENIA I NOŻEM 73935
265080448;BH-6570;5999108414435;RONDELEK TYTANOWY BERLINGER HAUS BH-6570 PRIMAL GLOSS
265080449;BH-6604;5999108415142;GARNEK GRANITOWY 20cm BERLINGERHAUS BH-6604 SHINY BLACK
265080450;BH-6611;5999108415210;PATELNIA GRILLOWA 28cm BERLINGER HAUS BH-6611 SHINY BLACK
265080451;BH-6628;5999108417788;GARNEK TYTANOWY 20cm BERLINGER HAUS BH-6628 PURPLE
265080452;BH-6629;5999108417795;GARNEK TYTANOWY 24cm BERLINGER HAUS BH-6629 PURPLE
265080453;BH-6635;5999108417856;PATELNIA DO NALEŚNIKÓW BERLINGER HAUS 25cm BH-6635 PURPLE
265080454;BH-6718;5999108425158;ZESTAW POJEMNIKÓW KUCHENNYCH BERLINGER HAUS BH-6718
265080455;BH-6741;5999108415715;FORMA BLACHA DO PIECZENIA BERLINGERHAUS BH-6741
265080456;BH-6789;5999108422300;ZESTAW PATELNI BERLINGER HAUS 22/26cm BH-6789 PURPLE
265080457;BH-6799;5999108420245;KEKSÓWKA FORMA DO CHLEBA 33x14cm BERLINGER HAUS BH-6799
265080458;BH-6801;5999108420269;FORMA TORTOWNICA DO PIECZENIA BERLINGERHAUS BH-6801
265080459;BH-6802;5999108420276;FORMA BLACHA DO PIECZENIA BERLINGERHAUS BH-6802
265080460;BH-6804;5999108445200;BRYTFANNA FORMA DO PIECZENIA 35x27cm BERLINGER HAUS BH-6804
265080461;BH-6827;5999108421068;ZESTAW POJEMNIKÓW KUCHENNYCH BERLINGER HAUS BH-6827
265080462;BH-6829;5999108421082;STOJAK NA RĘCZNIKI PAPIEROWE BERLINGER HAUS BH-6829 purple
265080463;BH-6888;5999108421228;PATELNIA GRANITOWA 20cm BERLINGER HAUS BH-6888 CARBON PRO
265080464;BH-6900;5999108421341;WOK GRANITOWY 28cm BERLINGER HAUS BH-6900 CARBON PRO
265080465;BH-6893;5999108421273;GARNEK GRANITOWY 24cm BERLINGERHAUS BH-6893 CARBON PRO
265080466;73921;5900378739210;DESKA TACA DO KROJENIA I SERWOWANIA 30cm HUSLA 73921
265080467;KH-1392;5908287213920;ZESTAW BARMAŃSKI 6 ELEMENTÓW KINGHOFF KH-1392
265080468;BH-9044;5999108401053;BLENDER RĘCZNY BERLINGER HAUS BH-9044
265080469;BH-6904;5999108421389;ZESTAW 3 PATELNI GRANITOWYCH BERLINGER HAUS BH-6904 CARBON PRO
265080470;KH-1582;5908287215825;ORGANIZER STOJAK NA PATELNIE KINGHOFF KH-1582
265080471;KB-7502;5908287275027;CHLEBAK POJEMNIK NA PIECZYWO KLAUSBERG KB-7502
265080472;KH-1447;5908287214477;ŁYŻECZKA KOKTAJLOWA 6 szt. DO LATTE DESERÓW KH-1447 połysk
265080473;8530012;5413821037165;STALOWE SZCZYPCE DO GRILLA BERGHOFF BBQ
265080474;BH-9289;5999108428647;ZESTAW MŁYNKÓW ELEKTRYCZNYCH BERLINGER HAUS BH-9289 PURPLE
265080475;BH-9075;5999108405969;SOKOWIRÓWKA BERLINGER HAUS BH-9075 BURGUNDY
265080476;BH-9151;5999108419492;FRYTOWNICA BEZTŁUSZCZOWA BERLINGER HAUS BH-9151 EMERALD
265080477;BH-9048;5999108401138;BLENDER RĘCZNY BERLINGER HAUS BH-9048 AQUAMARINE
265080478;BH-9025;5999056786240;BLENDER BERLINGER HAUS BH-9025 BLACK ROSE
265080479;BH-2106;5999108466366;ZESTAW NOŻY DO STEKÓW 6 szt. BERLINGER HAUS BH-2106
265080480;BH-9138;5999108419072;Grill elektryczny opiekacz BERLINGER HAUS BH-9138
265080481;BH-9121;5999108418518;Czajnik elektryczny 1.7l BERLINGER HAUS BH-9121 ROSE GOLD
265080482;BH-9120;5999108418501;Czajnik elektryczny 1.7l BERLINGER HAUS BH-9120 BURGUNDY
265080483;BH-9128;5999108418587;CZAJNIK ELEKTRYCZNY 1.7l BERLINGER HAUS BH-9128 BURGUNDY
265080484;DM-120760;5900053120760;SZCZYPCE DO USUWANIA SZYPUŁEK TRUSKAWEK POMIDORÓW
265080485;1133;5906716911331;STALOWY KOSZ NA ŚMIECI 3L Z POKRYWĄ BAMBUSOWĄ 1133
265080486;KH-1238;5908287212381;STALOWY DURSZLAK GŁĘBOKI 28cm KINGHOFF KH-1238
265080487;1531;5906716915315;FORMA SILIKONOWA DO PIECZENIA CHLEBA KEKSU 1531
265080488;KB-7482;5908287274822;CHLEBAK KLAUSBERG Z ZESTAWEM POJEMNIKÓW KB-7482
265080489;KB-7485;5908287274853;ZESTAW POJEMNIKÓW KUCHENNYCH KLAUSBERG KB-7485
265080490;KB-7495;5908287274952;FRYTOWNICA BEZTŁUSZCZOWA 1800W 7,7L KLAUSBERG KB-7495
265080491;KH-1091;5908287210912;BLOK NA NOŻE Z POWŁOKĄ MARMUROWĄ KH-1091
265080492;1134;5906716911348;STALOWY KOSZ NA ŚMIECI 3L Z POKRYWĄ BAMBUSOWĄ 1134
265080493;KH-1586;5908287215863;CHLEBAK Z ZESTAWEM POJEMNIKÓW KUCHENNYCH KINGHOFF KH-1586
265080494;KH-1588;5908287215887;SPRYSKIWACZ SPRAY DO OCTU I OLIWY KINGHOFF KH-1588
265080495;KH-1594;5908287215948;KINGHOFF GARNEK MARMUROWY 22cm KH-1594 3,3L
265080496;KH-1601;5908287216013;KINGHOFF GARNEK MARMUROWY 20cm KH-1601 2,8L
265080497;KH-1602;5908287216020;KINGHOFF GARNEK MARMUROWY 22cm KH-1602 3,7L
265080498;KH-1603;5908287216037;KINGHOFF GARNEK MARMUROWY 24cm KH-1603 4,5L
265080499;KH-1604;5908287216044;KINGHOFF GARNEK MARMUROWY 26cm KH-1604 5,5L
265080501;KH-1605;5908287216051;KINGHOFF GARNEK MARMUROWY 28cm KH-1605 6,5L
265080502;KH-1592;5908287215924;KINGHOFF GARNEK MARMUROWY 16cm KH-1592 1,3L
265080503;KH-1596;5908287215962;KINGHOFF GARNEK MARMUROWY 26cm KH-1596 5,6L
265080505;KH-1597;5908287215979;KINGHOFF GARNEK MARMUROWY 28cm KH-1597 6,5L
265080506;KH-1598;5908287215986;KINGHOFF GARNEK MARMUROWY 24cm KH-1598 6,2L
265080507;KH-1600;5908287216006;KINGHOFF RONDEL MARMUROWY 16cm KH-1600 1,3L
265080509;KH-1606;5908287216068;ZESTAW GARNKÓW MARMUROWYCH KINGHOFF KH-1606
265080510;BH-1514;5999056777194;GARNEK GRANITOWY 20cm BERLINGER HAUS ROSE GOLD BH-1514
265080511;KB-7037;5902666610379;PATELNIA GRANITOWA 20cm Z POKRYWĄ KLAUSBERG KB-7037
265080512;KB-7038;5902666610386;PATELNIA GRANITOWA 22cm Z POKRYWĄ KLAUSBERG KB-7038
265080513;KB-7425;5902666614254;CHLEBAK DWUSTRONNY KLAUSBERG KB-7425 czarny mat
265080514;BH-6474;5999108438769;FORMA BLACHA DO PIECZENIA BERLINGERHAUS BH-6474
265080515;BH-6475;5999108438783;FORMA TORTOWNICA DO PIECZENIA BERLINGERHAUS BH-6475A
265080516;KH-1071;5908287210714;CHLEBAK STALOWY Z DESKĄ DO KROJENIA KINGHOFF KH-1071
265080517;KB-7518;5908287275188;CHLEBAK STALOWY Z POKRYWĄ DIAMOND KLAUSBERG KB-7518
265080518;KB-7538;5908287275386;WENTYLATOR WIATRAK CYRKULACYJNY KLAUSBERG KB-7538
265080519;229012-S;5904316400088;ORGANIZER NA NOŻE BLOK WKŁAD DO SZUFLADY SZARY
265080520;KH-3208;5908287232082;KINGHOFF CHLEBAK POJEMNIK NA PIECZYWO KH-3208
265080521;KB-7305;5902666613059;PATELNIA GRANITOWA 16cm KLAUSBERG KB-7305
265080522;KB-7308;5902666613080;PATELNIA GRANITOWA 22cm KLAUSBERG KB-7308
265080523;KB-7311;5902666613110;PATELNIA GRANITOWA 28cm KLAUSBERG KB-7311
265080524;KB-7316;5902666613165;PATELNIA GRANITOWA 24cm KLAUSBERG KB-7316 Pokrywa
265080525;KB-7317;5902666613172;PATELNIA GRANITOWA 26cm KLAUSBERG KB-7317 Pokrywa
265080526;KB-7318;5902666613189;PATELNIA GRANITOWA 28cm KLAUSBERG KB-7318 Pokrywa
265080527;BH-1153;5999056764491;GARNEK GRANITOWY BERLINGER HAUS 28cm BH-1153 STONE TOUCH
265080528;BH-1256;5999056766556;GARNEK GRANITOWY 20cm BERLINGER HAUS RED METALLIC LINE BH-1256
265080529;BH-1264;5999056766716;GARNEK GRANITOWY 32cm BERLINGER HAUS BURGUNDY BH-1264
265080531;BH-1288;5999056767195;ZESTAW 3 PATELNI GRANITOWYCH BERLINGER HAUS BURGUNDY BH-1288
265080532;BH-1512;5999056777170;PATELNIA GRANITOWA WOK 28cm BERLINGER HAUS ROSE GOLD BH-1512
265080533;BH-1643;5999056781764;PATELNIA GRANITOWA 24cm BERLINGER HAUS BLACK ROSE BH-1643
265080534;BH-1876;5999056791909;PATELNIA GRANITOWA DO NALEŚNIKÓW 25cm BERLINGER HAUS AQUAMARINE BH-1876
265080535;BH-1214;5999108422959;ZESTAW 3 PATELNI GRANITOWYCH BERLINGER HAUS BH-1214
265080536;BH-6044;5999056798151;ZESTAW GARNKÓW 12 ELEM. I-ROSE BERLINGER HAUS BH-6044
265080537;BH-6022;5999056797932;ZESTAW GARNKÓW GRANITOWYCH BERLINGER HAUS BH-6022 MOONLIGHT
265080538;BH-6177;5999108408595;ZESTAW 3 PATELNI GRANITOWYCH 20/24/28CM BERLINGER HAUS AQUAMARINE BH-6177
265080539;BH-6138;5999108409585;GARNEK GRANITOWY DO MLEKA BERLINGER HAUS 1,2L BH-6138
265080540;BH-6189;5999108413629;ZESTAW PATELNI GRANITOWYCH BERLINGER HAUS BH-6189
265080541;BH-6126;5999108406126;PATELNIA WOK GRANITOWY 28cm BERLINGERHAUS BH-6126
265080542;BH-6146;5999108407680;Zestaw garnków granitowych Click&Cook Berlingerhaus BH-6146
265080543;BH-6140;5999108407468;ZESTAW 3 PATELNI GRANITOWYCH 20/24/28CM BERLINGER HAUS BH-6140 AQUAMARINE
265080544;BH-6145;5999108407673;Zestaw garnków granitowych Click&Cook Berlingerhaus BH-6145
265080545;BH-2556;5999108416651;ZESTAW 5 NOŻY KUCHENNYCH Z DESKĄ BERLINGER HAUS BH-2556
265080546;BH-2567;5999108425059;ZESTAW 5 NOŻY KUCHENNYCH Z DESKĄ BERLINGER HAUS BH-2567
265080547;BH-2612;5999108423611;ZESTAW 5 NOŻY 3D BERLINGER HAUS BH-2612
265080548;BH-2615;5999056799523;SZTUĆCE 16 ELEM. BERLINGER HAUS BH-2615 ROSE GOLD
265080549;BH-1254;5999056766518;PATELNIA GRANITOWA 30cm BERLINGER HAUS RED METALLIC LINE BH-1254
265080550;BH-1261;5999056766655;PATELNIA GRANITOWA 32cm BERLINGER HAUS BURGUNDY BH-1261
265080551;BH-6021;5999056797925;ZESTAW GARNKÓW GRANITOWYCH BERLINGER HAUS BH-6021 MOONLIGHT
265080552;BH-6154;5999108407765;ZESTAW GARNKÓW GRANITOWYCH BERLINGER HAUS BH-6154 BLACK ROSE
265080553;BH-6155;5999108407611;ZESTAW GARNKÓW GRANITOWYCH 15 elem. BERLINGER HAUS BH-6155 BLACK SILVER
265080554;BH-6270;5999108400797;ZESTAW POJEMNIKÓW KUCHENNYCH BERLINGER HAUS BH-6270
265080556;BH-6273;5999108400858;ZESTAW POJEMNIKÓW KUCHENNYCH BERLINGER HAUS BH-6273
265080557;BH-6402;5999108423857;TERMOS STALOWY 0,5L BERLINGER HAUS BH-6402 CARBON PRO
265080558;BH-6403;5999108423864;TERMOS STALOWY 0,75L BERLINGER HAUS BH-6403 CARBON PRO
265080559;BH-6404;5999108423871;TERMOS STALOWY 1L BERLINGER HAUS BH-6404 CARBON PRO
265080560;BH-6436;5999108408939;STALOWY KOSZ NA ŚMIECI 12L BERLINGER HAUS BH-6436 AQUAMARINE
265080561;BH-6465;5999108410086;FORMA DO PIECZENIA BABKI BERLINGER HAUS BH-6465
265080562;BH-6554;5999108412868;PATELNIA Z KOSZEM I PŁYTĄ PAROWĄ BERLINGERHAUS BH-6554
265080563;BH-6812;5999108422591;TERMOS STALOWY 0,5L BERLINGER HAUS BH-6812 PURPLE
265080564;BH-6813;5999108422607;TERMOS STALOWY 0,75L BERLINGER HAUS BH-6813 PURPLE
265080565;BH-6814;5999108422614;TERMOS STALOWY 1L BERLINGER HAUS BH-6814 PURPLE
265080566;BH-6816;5999108422638;KUBEK TERMICZNY 500ml BERLINGER HAUS BH-6816 PURPLE
265080567;BH-6818;5999108422652;TERMOS STALOWY 0,75L BERLINGER HAUS BH-6818
265080568;BH-6819;5999108422669;TERMOS STALOWY 1L BERLINGER HAUS BH-6819
265080569;BH-6820;5999108422676;TERMOS BUTELKA TERMICZNA 500ml BERLINGER HAUS BH-6820
265080570;BH-6821;5999108422683;KUBEK TERMICZNY 500ml BERLINGER HAUS BH-6821
265080571;BH-7447;5999108433078;GARNEK 28cm BERLINGER HAUS BH-7447 ETERNAL
265080572;BH-1642;5999056781757;GARNEK GRANITOWY 24cm BERLINGER HAUS BLACK ROSE BH-1642
265080573;KB-7400;5902666614001;CHLEBAK BAMBUSOWY NA PIECZYWO KLAUSBERG KB-7400
265080574;BH-1078;5999108405181;CZAJNIK 3L BERLINGER HAUS Z GWIZDKIEM BH-1078 AQUAMARINE
265080575;BH-2415;5999056793897;ZESTAW NOŻY BERLINGER HAUS BH-2415 W STOJAKU
265080576;BH-6907;5999108421419;RONDELEK GRANITOWY 16cm BERLINGERHAUS BH-6907 CARBON PRO
265080577;BH-6918;5999108421525;ZESTAW GARNKÓW GRANITOWYCH BERLINGER HAUS BH-6918 CARBON PRO
265080578;BH-7060;5999108431708;ZESTAW GARNKÓW GRANITOWYCH BERLINGER HAUS BH-7060
265080579;BH-9094;5999108432354;Czajnik elektryczny 1.7l BERLINGER HAUS BH-9094 BURGUNDY
265080580;BH-9335;5999108433986;Czajnik elektryczny 1.8l BERLINGER HAUS BH-9335
265080581;BH-9339;5999108434020;CZAJNIK ELEKTRYCZNY 1.8l BERLINGER HAUS BH-9339
265080582;KH-1548;5908287215481;FORMA DO PASZTETU CHLEBA KEKSÓWKA 28x15cm KINGHOFF KH-1548
265080583;KH-1549;5908287215498;FORMA DO PASZTETU CHLEBA KEKSÓWKA 30x13cm KINGHOFF KH-1549
265080584;KH-1570;5908287215702;STOJAK OBROTOWY NA KAPSUŁKI DOLCE GUSTO 28szt. KINGHOFF KH-1570
265080585;KH-1583;5908287215832;WOK GRANITOWY 24cm GRANIT WOOD KINGHOFF KH-1583
265080586;KH-1584;5908287215849;WOK GRANITOWY 28cm GRANIT WOOD KINGHOFF KH-1584
265080587;1144;5906716911447;NÓŻ CUKIERNICZY SZPATUŁA DO KROJENIA I SMAROWANIA CIASTA 1144
265080588;BH-1737N;5999108475856;STOJAK NA RĘCZNIKI PAPIEROWE BERLINGER HAUS BH-1737
265080589;BH-9073;5999108406683;Czajnik elektryczny 1.7l z termometrem BERLINGER HAUS BH-9073
265080590;KH-1196;5908287211964;MOŹDZIERZ ŻELIWNY KINGHOFF KH-1196
265080591;KH-1197;5908287211971;MOŹDZIERZ KUCHENNY ŻELIWNY KINGHOFF KH-1197
265080592;870187;8711295787133;ZESTAW DO SERWOWANIA SUSHI dla 2 osób 870187
265080593;KB-7454;5908287274549;CHLEBAK STALOWY POKRYWĄ DIAMOND KLAUSBERG KB-7454
265080594;KB-7465;5908287274655;CHLEBAK DWUSTRONNY KLAUSBERG KB-7465
265080595;KB-7466;5908287274662;CHLEBAK DWUSTRONNY NA PIECZYWO KLAUSBERG KB-7466
265080596;KB-7271;5902666612717;CHLEBAK STALOWY KLAUSBERG KB-7271
265080598;KH-1209;5908287212091;MASELNICZKA STALOWA KINGHOFF KH-1209
265080599;KB-7262;5902666612625;CZAJNIK Z GWIZDKIEM KLAUSBERG 3L KB-7262
265080600;KB-7263;5902666612632;CZAJNIK Z GWIZDKIEM KLAUSBERG 3L KB-7263
265080601;MX-4540;5903856192262;RELING KUCHENNY 10 ELEMENTOWY METLEX MX-4540 srebrny
265080602;HT-6518;5908228001968;FORMA SILIKONOWA NA 4 KULE LODOWE DO DRINKÓW NAPOJÓW
265080603;KB-7528;5908287275287;KLAUSBERG GARNEK MARMURKOWY 20cm KB-7528 2,8L
265080604;KB-7529;5908287275294;KLAUSBERG GARNEK MARMURKOWY 22cm KB-7529 3,7L
265080605;KB-7530;5908287275300;KLAUSBERG GARNEK MARMURKOWY 24cm KB-7530 4,4L
265080606;KB-7531;5908287275317;KLAUSBERG GARNEK MARMURKOWY 26cm KB-7531 5,5L
265080608;KB-7532;5908287275324;KLAUSBERG GARNEK MARMURKOWY 28cm KB-7532 6,5L
265080609;KB-7534;5908287275348;KLAUSBERG ZESTAW GARNKÓW MARMURKOWYCH KB-7534
265080610;KB-7533;5908287275331;KLAUSBERG ZESTAW GARNKÓW MARMURKOWYCH KB-7533
265080611;KH-3782;5908287237827;KINGHOFF CZAJNIK Z GWIZDKIEM 2L KH-3782
265080612;93511;5902340935118;KASSEL CHLEBAK POJEMNIK NA PIECZYWO 93511 szmaragdowy
265080613;KB-7125;5902666611253;GARNEK Z POKRYWĄ 22cm KLAUSBERG KB-7125 4L
265080614;BH-1879;5999056791930;GARNEK GRANITOWY 24cm BERLINGER HAUS AQUAMARINE BH-1879
265080615;BH-1142;5999056764118;FORMA TORTOWNICA 24cm GRANITOWA BERLINGER HAUS BH-1142
265080616;73972;5900378739722;CERAMICZNA CUKIERNICA Z ŁYŻECZKĄ HUSLA HYGGE
265080617;MX-0960WH;5903856194136;DOZOWNIK PŁYNU DO MYCIA NACZYŃ Z POJEMNIKIEM BIAŁY
265080618;73904;5900378739043;CZAJNIK ELEKTRYCZNY HUSLA 1,5L szary 73904
265080619;KH-1461;5908287214613;KINGHOFF WYCISKACZ DO CZOSNKU KH-1461
265080620;BH-6269;5999108400995;CHLEBAK STALOWY BERLINGER HAUS BH-6269
265080621;BH-2346;5999056787902;SZTUĆCE 24 ELEM. BERLINGER HAUS BH-2346 CZARNE LUSTRZANE
265080622;BL-3294;5999056778061;TARKA DO MAKARONU KLUSEK GNOCCHI BLAUMANN BL-3294
265080623;BH-1263;5999056766693;GARNEK GRANITOWY 28cm BERLINGER HAUS RED METALLIC LINE BH-1263
265080624;BH-6492;5999108410680;GARNEK ŻELIWNY 24cm 4,3L BERLINGER HAUS BH-6492
265080625;BH-6147;5999108407697;Zestaw garnków granitowych Click&Cook Berlingerhaus BH-6147
265080626;BH-1674;5999056784604;Zestaw garnków granitowych Click&Cook Berlingerhaus BH-1674
265080627;BH-6180;5999108411403;PATELNIA GRANITOWA DO NALEŚNIKÓW 28cm BERLINGER HAUS BH-6180 ROSE GOLD
265080628;HW-239;5908228002361;WIDELEC KIJ TELESKOPOWY DO OGNISKA PIECZENIA KIEŁBASEK 4 szt.
265080629;HW-230;5908228002309;RĘKAWICA KUCHENNA SILIKONOWA 5 PALCÓW
265080630;KH-1562;5908287215627;ZESTAW PATELNI MARMURKOWYCH KINGHOFF KH-1562
265080631;1532;5906716915322;ŁOPATA ŁOPATKA TACA DO PIZZY 30 cm 1532
265080632;KH-1244;5908287212442;ZESTAW BARMAŃSKI 4 ELEMENY KINGHOFF KH-1244
265080633;KB-7322;5902666613226;ZESTAW 15 ELEM. GARNKÓW GRANITOWYCH KLAUSBERG KB-7322
265080635;BH-1633;5999056781665;PATELNIA GRANITOWA 20cm BERLINGER HAUS BLACK ROSE BH-1633
265080636;KB-7399;5902666613998;CHLEBAK BAMBUSOWY NA PIECZYWO KLAUSBERG KB-7399
265080637;BH-6048;5999056798199;PATELNIA TYTANOWA BERLINGER HAUS 28cm BH-6048 EMERALD
265080638;BH-6065;5999056798366;GARNKI TYTANOWE BERLINGER HAUS 10 elem. BH-6065 EMERALD
265080639;BH-2451;5999108405839;ZESTAW NOŻY BERLINGER HAUS BH-2451 W STOJAKU
265080640;BH-1848;5999056791510;WOK GRANITOWY 28cm BERLINGERHAUS BLACK SILVER BH-1848
265080641;BH-1845;5999056791480;PATELNIA GRANITOWA 28cm BERLINGER HAUS BLACK SILVER BH-1845
265080642;BH-1712;5999056782853;PATELNIA GRANITOWA 20cm BERLINGER HAUS EBONY ROSEWOOD BH-1712
265080643;BH-6131;5999108409783;MINI PATELNIA BERLINGER HAUS 16cm BH-6131 EMERALD
265080644;BH-1519;5999056777248;GARNEK GRANITOWY 28cm BERLINGER HAUS BH-1519 ROSE GOLD
265080645;BH-1718;5999056782914;PATELNIA GRANITOWA 24cm BERLINGER HAUS BH-1718 EBONY ROSEWOOD
265080646;KH-1631;5908287216310;SUSZARKA BAMBUSOWA DO NACZYŃ KINGHOFF KH-1631
265080647;BH-6087;5999056799288;PATELNIA 24cm BERLINGER HAUS BH-6087 Z POKRYWĄ
265080648;BH-6894;5999108421280;GARNEK GRANITOWY 28cm BERLINGERHAUS BH-6894 CARBON PRO
265080649;BH-6899;5999108421334;GARNEK GRANITOWY 32cm BERLINGERHAUS BH-6899 CARBON PRO
265080650;BH-6905;5999108421396;ZESTAW GARNKÓW BERLINGERHAUS BH-6905 CARBON PRO
265080651;KH-4075;5908287240759;TERMOS OBIADOWY KINGHOFF 1,5L + 3 POJEMNIKI KH-4075
265080652;KH-4197;5908287241978;FORMA DO PIECZENIA Z PRZYKRYWKĄ KINGHOFF KH-4197
265080653;KH-4199;5908287241992;PROSTOKĄTNE FORMY DO PIECZENIA 3 SZT. KINGHOFF KH-4199
265080654;KH-6072;5908287260726;KINGHOFF WAGA KUCHENNA KH-6072
265080655;KB-7490;5908287274907;ZESTAW POJEMNIKÓW KUCHENNYCH KLAUSBERG KB-7490
265080656;BH-1668;5999056784819;ZESTAW PATELNI GRANITOWYCH BERLINGER HAUS BH-1668
265080657;BH-6141;5999108407635;ZESTAW GARNKÓW Z AKCESORIAMI BERLINGER HAUS BH-6141
265080658;BH-6908;5999108421426;ZESTAW PATELNI BERLINGER HAUS BH-6908 CARBON PRO
265080659;BH-6909;5999108421433;PATELNIA GRILLOWA BERLINGER HAUS BH-6909 CARBON PRO
265080661;BH-6912;5999108421464;PATELNIA GRANITOWA 24cm BERLINGER HAUS BH-6912 CARBON PRO
265080662;BH-6913;5999108421471;PATELNIA GRANITOWA 28cm BERLINGER HAUS BH-6913 CARBON PRO
265080663;BH-6914;5999108421488;PATELNIA GRILLOWA BERLINGER HAUS BH-6914 CARBON PRO
265080664;BH-6915;5999108421495;GARNEK DO MLEKA BERLINGER HAUS 1,2L BH-6915 CARBON PRO
265080665;BH-6911;5999108421457;ZESTAW GARNKÓW BERLINGERHAUS BH-6911 CARBON PRO
265080666;BH-6917;5999108421518;ZESTAW GARNKÓW BERLINGERHAUS BH-6917 CARBON PRO
265080668;BH-6919;5999108421532;ZESTAW GARNKÓW BERLINGERHAUS BH-6919 CARBON PRO
265080669;BH-7031;5999108426810;ZESTAW GARNKÓW BERLINGER HAUS BH-7031 AQUAMARINE
265080670;BH-7033;5999108426858;ZESTAW GARNKÓW BERLINGER HAUS BH-7033 MOONLIGHT
265080671;BH-7039;5999108426131;ZESTAW GARNKÓW Z AKCESORIAMI BERLINGER HAUS BH-7039
265080672;BH-7032;5999108426834;ZESTAW GARNKÓW BERLINGER HAUS BH-7032 SHINY BLACK
265080673;BH-7030;5999108426797;ZESTAW GARNKÓW BERLINGER HAUS BH-7030 BURGUNDY
265080674;BH-7040;5999108426155;ZESTAW GARNKÓW Click&Cook BERLINGER HAUS BH-7040
265080675;KB-7548;5908287275485;CZAJNIK Z GWIZDKIEM 3L KLAUSBERG KB-7548
265080676;KB-7146;5902666611468;GARNEK NA PARĘ KLAUSBERG 5 ELEM. 24cm KB-7146
265080677;BH-1631;5999056781641;ZESTAW GARNKÓW GRANITOWYCH BERLINGER HAUS BH-1631 BURGUNDY METALLIC 10 ELEM.
265080678;BH-1215;5999108422959;ZESTAW 3 PATELNI GRANITOWYCH BERLINGER HAUS BH-1215
265080679;BH-1074;5999108405143;CZAJNIK 3L BERLINGER HAUS Z GWIZDKIEM BH-1074 BURGUNDY
265080680;BH-1077;5999108405174;CZAJNIK 3L BERLINGER HAUS Z GWIZDKIEM BH-1077 I-ROSE
265080681;KH-4340;5908287243408;GARNEK Z POKRYWĄ 12cm KINGHOFF KH-4340 0,5L
265080682;BH-6050;5999056798212;PATELNIA TYTANOWA GRILLOWA BERLINGER HAUS 28cm BH-6050 EMERALD
265080683;KH-4325;5908287243255;GARNEK Z POKRYWĄ 12cm KINGHOFF KH-4325 0,5L
265080684;KH-4326;5908287243262;GARNEK Z POKRYWĄ 14cm KINGHOFF KH-4326 1L
265080685;KH-4321;5908287243217;RONDELEK Z POKRYWĄ 12cm KINGHOFF KH-4321 0,5L
265080686;BH-6054;5999056798250;PATELNIA GRANITOWA DO NALEŚNIKÓW 25cm BERLINGERHAUS BH-6054 EMERALD
265080687;BH-6039;5999056798106;GARNEK GRANITOWY DO MLEKA BERLINGER HAUS 1,2L BH-6039
265080688;BH-6218;5999056797079;ZESTAW PRZYBORÓW KUCHENNYCH BERLINGER HAUS BH-6218
265080689;1702;5906716917029;Organizer stojak uchwyt podstawka na pokrywki 1702
265080690;BH-6179;5999108450426;PATELNIA GRANITOWA DO NALEŚNIKÓW 28cm BERLINGER HAUS BH-6179
265080691;BH-6711;5999108416477;CHLEBAK STALOWY BERLINGER HAUS BH-6711
265080692;KB-7123;5902666611239;GARNEK Z POKRYWĄ 18cm KLAUSBERG KB-7123 2,6L
265080693;KB-7132;5902666611321;RONDEL Z POKRYWĄ 14cm KLAUSBERG KB-7132 1L
265080694;KB-7127;5902666611277;GARNEK Z POKRYWĄ 26cm KLAUSBERG KB-7127 7,5L
265080695;KB-7121;5902666611215;GARNEK Z POKRYWĄ 14cm KLAUSBERG KB-7121 1L
265080696;KB-7124;5902666611246;GARNEK Z POKRYWĄ 20cm KLAUSBERG KB-7124 3,5 L
265080697;BH-2550;5999108470134;ZESTAW 5 NOŻY KUCHENNYCH Z DESKĄ BERLINGER HAUS BH-2550
265080698;BH-2630;5999108426407;SZTUĆCE 24 ELEM. BERLINGER HAUS BH-2630 CZARNE LUSTRZANE
265080699;BH-6191;5999108413643;ZESTAW GARNKÓW GRANITOWYCH BERLINGER HAUS BH-6191 ROSE GOLD
265080700;BH-6714;5999108416507;CHLEBAK STALOWY BERLINGER HAUS BH-6714 ROSE GOLD
265080701;BH-1157;5999056764576;GARNEK GRANITOWY BERLINGER HAUS 32cm BH-1157 STONE TOUCH
265080702;BH-1202;5999056765474;GARNEK GRANITOWY BERLINGER HAUS 32cm BH-1202 FOREST LINE
265080703;BH-1203;5999056765498;GARNEK GRANITOWY BERLINGER HAUS 28cm BH-1203 FOREST LINE
265080704;BH-1664;5999056781979;ZESTAW GARNKÓW GRANITOWYCH BERLINGERHAUS BH-1664
265080705;BH-2480;5999108426070;ZESTAW NOŻY BERLINGER HAUS BH-2480 W STOJAKU
265080706;BH-2561;5999108423734;ZESTAW NOŻY BERLINGER HAUS BH-2561 W STOJAKU
265080707;BH-2562;5999108469770;ZESTAW NOŻY BERLINGER HAUS BH-2562 W STOJAKU
265080708;BH-6178;5999108411380;WOK GRANITOWY 30cm BERLINGER HAUS BLACK ROSE BH-6178
265080709;BH-2582;5999108433863;ZESTAW NOŻY BERLINGER HAUS BH-2582 W STOJAKU
265080710;BH-2583;5999108433870;ZESTAW NOŻY BERLINGER HAUS BH-2583 W STOJAKU
265080711;BH-2685;5999108429361;ZESTAW NOŻY BERLINGER HAUS BH-2685 W STOJAKU
265080712;BH-6051;5999056798229;PATELNIA TYTANOWA GRILLOWA BERLINGER HAUS 28cm BH-6051 EMERALD
265080713;BH-2618;5999108434907;SZTUĆCE 24 ELEM. BERLINGER HAUS BH-2618 CZARNE
265080714;BH-2620;5999108434945;SZTUĆCE 24 ELEM. BERLINGER HAUS BH-2620 CZARNE
265080715;BH-2617;5999108434884;SZTUĆCE 24 ELEM. BERLINGER HAUS BH-2617 ROSE GOLD
265080716;BH-1208;5999056765597;PATELNIA GRILLOWA GRANITOWA BERLINGER HAUS FOREST LINE BH-1208
265080717;BH-2623;5999108435003;SZTUĆCE 24 ELEM. BERLINGER HAUS BH-2623 ROSE GOLD
265080718;BH-2621;5999108416781;SZTUĆCE 24 ELEM. BERLINGER HAUS BH-2621 ROSE GOLD
265080719;BH-6198;5999108419768;ZESTAW GARNKÓW 18 ELEM. BERLINGER HAUS BH-6198 FOREST LINE
265080720;BH-6208;5999108438400;ZESTAW PRZYBORÓW KUCHENNYCH BERLINGER HAUS BH-6208
265080721;BH-6217;5999056797062;ZESTAW PRZYBORÓW KUCHENNYCH BERLINGER HAUS BH-6217
265080722;BH-6400;5999108419959;TERMOS BUTELKA TERMICZNA 500ml BERLINGER HAUS BH-6400
265080723;BH-6493;5999108410697;GARNEK ŻELIWNY 26cm 2,6L BERLINGER HAUS BH-6493
265080724;BH-6494;5999108410703;BRYTFANNA ŻELIWNA 4,6L BERLINGER HAUS BH-6494
265080725;BH-6891;5999108421259;RONDELEK GRANITOWY 16cm BERLINGERHAUS BH-6891 CARBON PRO
265080726;BH-6892;5999108421266;GARNEK GRANITOWY 20cm BERLINGERHAUS BH-6892 CARBON PRO
265080727;BH-6901;5999108421358;PATELNIA GRILLOWA BERLINGER HAUS BH-6901 CARBON PRO
265080728;BH-6921;5999108421556;PATELNIA DO NALEŚNIKÓW 28cm BERLINGER HAUS BH-6921 CARBON PRO
265080729;BH-6920;5999108421549;ZESTAW GARNKÓW BERLINGERHAUS BH-6920 CARBON PRO
265080730;BH-6910;5999108421440;Zestaw garnków Click&Cook Berlinger Haus BH-6910 CARBON PRO
265080731;BH-6150;5999108407727;ZESTAW GARNKÓW BERLINGERHAUS BH-6150 BURGUNDY
265080732;BH-6886;5999108421204;ZESTAW GARNKÓW BERLINGERHAUS BH-6886 CARBON PRO
265080733;BH-7043;5999108426940;ZESTAW GARNKÓW Z AKCESORIAMI BERLINGER HAUS BH-7043
265080734;BH-1262;5999056766679;GARNEK GRANITOWY 24cm BERLINGER HAUS BH-1262 BURGUNDY METALLIC
265080735;BH-7058;5999108428357;ZESTAW GARNKÓW GRANITOWYCH BERLINGER HAUS BH-7058 ROSE GOLD 13 ELEM.
265080736;BH-1669;5999056784826;ZESTAW PATELNI GRANITOWYCH BERLINGER HAUS BH-1669
265080737;KH-3725;5908287237254;STALOWA CUKIERNICA Z ŁYŻECZKĄ KINGHOFF KH-3725 POŁYSK
265080738;73946;5900378739463;KOSZYK NA OWOCE PIECZYWO HUSLA brown 73946
265080739;73948;5900378739487;ZESTAW POJEMNIKÓW KUCHENNYCH HUSLA white 73948
265080740;73949;5900378739494;ZESTAW POJEMNIKÓW KUCHENNYCH HUSLA black 73949
265080741;BH-7603;5999108428784;TERMOS STALOWY 0,75L BERLINGER HAUS BH-7603 ROSE GOLD
265080742;BH-7035;5999108427022;ZESTAW GARNKÓW BERLINGER HAUS BH-7035 BURGUNDY
265080747;BH-7622;5999108434150;ZESTAW FORM DO PIECZENIA BERLINGER HAUS BH-7622
265080748;BH-7630;5999108434235;ZESTAW FORM DO PIECZENIA BERLINGER HAUS BH-7630
265080749;BH-7631;5999108434242;ZESTAW FORM DO PIECZENIA BERLINGER HAUS BH-7631
265080750;BH-7632;5999108434259;ZESTAW FORM DO PIECZENIA BERLINGER HAUS BH-7632
265080751;BH-7634;5999108434273;ZESTAW FORM DO PIECZENIA BERLINGER HAUS BH-7634
265080752;BH-7635;5999108434280;ZESTAW FORM DO PIECZENIA BERLINGER HAUS BH-7635
265080753;BH-7637;5999108434303;ZESTAW FORM DO PIECZENIA BERLINGER HAUS BH-7637
265080754;BH-9039;5999056796539;ELEKTRONICZNA WAGA KUCHENNA BERLINGER HAUS BH-9039
265080755;KH-1619;5908287216198;WYKRAWACZ CIASTA NA PIEROGI KINGHOFF KH-1619
265080756;73943;5900378739432;ZESTAW POJEMNIKÓW KUCHENNYCH HUSLA marine 73943
265080757;BH-9276;5999108427343;WAGA KUCHENNA Z MISĄ BERLINGER HAUS BH-9276
265080758;93515;5902340935156;CHLEBAK Z ZESTAWEM POJEMNIKÓW KASSEL 93515
265080759;KH-3723;5908287237230;CUKIERNICA STALOWA KINGHOFF KH-3723 560ml
265080760;73947;5900378739470;KOSZYK NA OWOCE PIECZYWO HUSLA grey 73947
265080761;1046;5906716910464;FORMA GRANITOWA DO PIECZENIA PASZTETU CHLEBA 1046
265080762;BH-9040;5999056796546;WAGA ŁAZIENKOWA ULTRA SLIM BERLINGERHAUS BH-9040
265080763;93570;5902340935705;ZESTAW DO PIZZY ŁOPATKA I NOŻYK KASSEL 93570
265080764;BH-9218;5999108425585;ELEKTRONICZNA WAGA KUCHENNA BERLINGER HAUS BH-9218
265080765;BH-9146;5999108419027;GOFROWNICA OPIEKACZ DO GOFRÓW BERLINGER HAUS BH-9146
265080766;KH-4604;5908287246041;ZAPARZACZ DO HERBATY ZIÓŁ NAKŁADANY KH-4604
265080767;KH-1634;5908287216341;CZAJNIK ZAPARZACZ Z SITKIEM KINGHOFF 1.2L KH-1634
265080768;KB-7547;5908287275478;KLAUSBERG KAWIARKA 9 FILIŻANEK KB-7547 INDUKCJA
265080769;KB-7557;5908287275577;ELEKTRYCZNY PIEKARNIK FRYTOWNICA KLAUSBERG KB-7557
265080770;2935;5906716929350;ŁOPATA ŁOPATKA DO PIZZY 30 cm Z PRZYBORAMI 2935
265080771;KH-1168;5908287211681;KINGHOFF STALOWY TŁUCZEK DO MIĘSA KH-1168
265080772;2728;5906716927288;STALOWA PATERA 28cm DO CIAST I TORTÓW 2728
265080773;2732;5906716927325;ZESTAW POJEMNIKÓW KUCHENNYCH 2732
265080774;1749;5906716917494;STOJAK BAMBUSOWY NA RĘCZNIKI PAPIEROWE 1749
265080775;KH-1639;5908287216396;ORGANIZER STOJAK NA PATELNIE KINGHOFF KH-1639
265080776;KH-1640;5908287216402;ORGANIZER STOJAK NA PATELNIE GARNKI KINGHOFF KH-1640
265080778;KH-1609;5908287216099;FORMA WYKRAWACZ DO PIEROGÓW USZEK PIELMIENI KINGHOFF KH-1609
265080779;KH-3250;5908287232501;KINGHOFF CZAJNIK STALOWY Z GWIZDKIEM 1.8 L KH-3250
265080780;KH-3319;5908287233195;KINGHOFF GARNEK NA PARĘ 24cm KH-3319
265080781;KH-3405;5908287234055;DZIADEK DO ORZECHÓW KINGHOFF KH-3405
265080785;KH-3391;5908287233911;TŁUCZEK UBIJAK DO ZIEMNIAKÓW PUREE KINGHOFF KH-3391
265080788;KB-7286;5902666612861;KULISTY CHLEBAK NA PIECZYWO KLAUSBERG KB-7286
265080791;KH-1630;5908287216303;GARNEK Z KOSZEM DO SMAŻENIA KINGHOFF KH-1630 5,5L
265080792;KH-1636;5908287216365;OSTRZAŁKA DO NOŻY NOŻYCZEK KINGHOF KH-1636
265080794;KH-1276;5908287212763;UNIWERSLANA POKRYWKA POKRYWA 24cm KINGHOFF KH-1276
265080796;KH-1277;5908287212770;UNIWERSLANA POKRYWKA POKRYWA 28cm KINGHOFF KH-1277
265080797;KH-1621;5908287216211;SILIKONOWE ŁAPKI CHWYTAKI KUCHENNE KINGHOFF KH-1621
265080798;KH-1622;5908287216228;RĘKAWICA KUCHENNA SILIKONOWA KINGHOFF KH-1622
265080799;KH-1623;5908287216235;KUCHENNY PĘDZELEK SILIKONOWY KINGHOFF KH-1623
265080800;KH-1624;5908287216242;SZPATUŁKA SILIKONOWA KINGHOFF KH-1624
265080801;KH-1626;5908287216266;FORMA SILIKONOWA DO CHLEBA KEKSU KINGHOFF KH-1626
265080802;KH-1627;5908287216273;STOLNICA MATA SILIKONOWA 60x40cm KINGHOFF KH-1627
265080803;KH-1628;5908287216280;WAŁEK SILIKONOWY DO CIASTA 39cm KINGHOFF KH-1628
265080804;KH-1629;5908287216297;WAŁEK SILIKONOWY DO CIASTA 47cm KINGHOFF KH-1629
265080805;1522;5906716915223;REGULOWANA TORTOWNICA RANT OBRĘCZ DO TORTÓW 1522 14,5cm
265080806;1633;5906716916336;WYKRAWACZ DO CIASTA + FOREMKA DO LEPIENIA PIEROGÓW 9,5cm 1633
265080807;3033;5906716930332;SILIKONOWA FORMA DO ŚWIĄTECZNYCH CIASTEK PIERNICZKÓW 3033
265080808;KH-3440;5908287234406;STALOWY NÓŻ SZEFA KUCHNI KINGHOFF KH-3440 22cm
265080809;KH-4660;5908287246607;WAŁEK SILIKONOWY DO CIASTA KINGHOFF 39cm KH-4660
265080810;KH-4661;5908287246614;WAŁEK SILIKONOWY DO CIASTA KINGHOFF 48cm KH-4661
265080811;BH-1194;5999056765313;PATELNIA GRANITOWA 30cm BERLINGER HAUS FOREST LINE BH-1194
265080812;KH-1502;5908287215023;STOLIK ŚNIADANIOWY DO ŁÓŻKA POD LAPTOPA KINGHOFF KH-1502
265080813;93564;5902340935644;MASELNICZKA SZKLANA Z NOŻYKIEM KASSEL 93564
265080814;KH-1649;5908287216495;UNIWERSLANA POKRYWKA POKRYWA 24/26/28cm KINGHOFF KH-1649
265080815;KB-7549;5908287275492;CZAJNIK Z GWIZDKIEM KLAUSBERG 3L KB-7549
265080816;KB-7550;5908287275508;CZAJNIK Z GWIZDKIEM KLAUSBERG 3L KB-7550
265080817;BH-2579;5999108433832;ZESTAW NOŻY BERLINGER HAUS BH-2579 W STOJAKU
265080818;BH-2580;5999108433849;ZESTAW NOŻY BERLINGER HAUS BH-2580 W STOJAKU
265080819;BH-2581;5999108433856;ZESTAW NOŻY BERLINGER HAUS BH-2581 W STOJAKU
265080820;BH-2584;5999108433887;ZESTAW NOŻY BERLINGER HAUS BH-2584 W STOJAKU
265080821;BH-6325;5999108429880;ZESTAW PRZYBORÓW KUCHENNYCH BERLINGER HAUS BH-6325
265080822;BH-6326;5999108429897;ZESTAW PRZYBORÓW KUCHENNYCH BERLINGER HAUS BH-6326
265080823;BH-6328;5999108429910;ZESTAW PRZYBORÓW KUCHENNYCH BERLINGER HAUS BH-6328
265080824;BH-6330;5999108429934;ZESTAW PRZYBORÓW KUCHENNYCH BERLINGER HAUS BH-6330
265080825;BH-6903;5999108421372;ZESTAW 3 PATELNI GRANITOWYCH BERLINGER HAUS BH-6903 CARBON PRO
265080826;BH-2681;5999108429323;ZESTAW 5 NOŻY KUCHENNYCH Z LISTWĄ BERLINGER HAUS BH-2681
265080827;BH-2648;5999108425899;ZESTAW NOŻY KUCHENNYCH BERLINGER HAUS BH-2648 ROSE GOLD
265080828;73963;5900378739630;ZESTAW 5 NOŻY KUCHENNYCH W BLOKU HUSLA 73963
265080829;1511;5906716915117;SILKONOWA STOLNICA MATA DO CIASTA 60x40cm 1511
265080830;BH-1644NF;5999108415074;ZESTAW 2 PATELNI GRANITOWYCH 22/26cm BERLINGER HAUS BLACK ROSE BH-1644NF
265080832;73964;5900378739647;ZESTAW 5 NOŻY KUCHENNYCH W BLOKU HUSLA 73964
265080837;KB-7552;5908287275522;STOJAK NA PRZYPRAWY 12 POJEMNIKÓW KLAUSBERG KB-7552
265080838;KB-7554;5908287275546;STOJAK NA PRZYPRAWY 12 POJEMNIKÓW KLAUSBERG KB-7554
265080839;KB-7553;5908287275539;STOJAK NA PRZYPRAWY 16 POJEMNIKÓW KLAUSBERG KB-7553
265080840;KB-7555;5908287275553;STOJAK NA PRZYPRAWY 16 POJEMNIKÓW KLAUSBERG KB-7555
265080841;BH-6047;5999056798182;PATELNIA TYTANOWA BERLINGER HAUS 24cm BH-6047 EMERALD
265080842;BH-6142;5999108407642;ZESTAW GARNKÓW GRANITOWYCH BERLINGER HAUS BH-6142 ROSE GOLD
265080843;BH-6143;5999108407659;ZESTAW GARNKÓW GRANITOWYCH BERLINGER HAUS BH-6143 AQUAMARINE
265080844;BH-6781;5999108419812;ZESTAW GARNKÓW GRANITOWYCH BERLINGER HAUS BH-6781
265080845;BH-6796;5999108428234;ZESTAW 3 PATELNI GRANITOWYCH BERLINGERHAUS BH-6796
265080846;BH-7048;5999108428258;ZESTAW 3 PATELNI GRANITOWYCH BERLINGERHAUS BH-7048
265080847;BH-7049;5999108428265;ZESTAW 3 PATELNI GRANITOWYCH BERLINGER HAUS BH-7049 AQUAMARINE
265080848;BH-7053;5999108428302;ZESTAW 3 PATELNI GRANITOWYCH BERLINGERHAUS BH-7053
265080849;BH-7054;5999108428319;ZESTAW 3 PATELNI GRANITOWYCH BERLINGERHAUS BH-7054
265080850;BH-7055;5999108428326;ZESTAW 3 PATELNI GRANITOWYCH BERLINGERHAUS BH-7055
265080851;BH-7056;5999108428333;ZESTAW 3 PATELNI GRANITOWYCH BERLINGERHAUS BH-7056
265080852;BH-7046;5999108428197;ZESTAW GARNKÓW I PATELNI BERLINGERHAUS BH-7046 BURGUNDY
265080853;BH-7047;5999108428210;ZESTAW GARNKÓW I PATELNI BERLINGERHAUS BH-7047 ROSE GOLD
265080854;BH-7050;5999108428272;ZESTAW GARNKÓW I PATELNI BERLINGER HAUS BH-7050 BURGUNDY
265080856;BH-7052;5999108428296;ZESTAW GARNKÓW I PATELNI BERLINGER HAUS BH-7052 CARBON PRO
265080857;KH-3509;5908287235090;KINGHOFF SZTUĆCE 72 ELEM. POŁYSK KH-3509 WALIZKA
265080858;KH-4007;5908287240070;STOJAK NA PRZYPRAWY 16 POJEMNIKÓW KINGHOFF KH-4007
265080859;KH-4006;5908287240063;STOJAK NA PRZYPRAWY 16 POJEMNIKÓW KINGHOFF KH-4006
265080861;BH-2426;5999056794603;ZESTAW NOŻY BERLINGER HAUS BH-2426 W STOJAKU
265080862;BH-2452;5999108405846;ZESTAW NOŻY BERLINGER HAUS BH-2452 W STOJAKU
265080863;KH-1009;5908287210097;PATELNIA ŻELIWNA 30cm KINGHOFF KH-1009 INDUKCJA
265080864;1161;5906716911614;REGULOWANA TORTOWNICA Z NOŻEM DO KROJENIA BISZKOPTU NA TORT 1161
265080866;73938;5900378739388;CHLEBAK STALOWY Z POKRYWĄ AKACJOWĄ HUSLA 73938
265080867;BH-7057;5999108428340;ZESTAW GARNKÓW I PATELNI BERLINGER HAUS BH-7057 BURGUNDY
265080868;BH-7059;5999108428364;ZESTAW GARNKÓW I PATELNI BERLINGERHAUS BH-7059
265080869;BH-7044;5999108426964;ZESTAW GARNKÓW BERLINGER HAUS BH-7044 MOONLIGHT 17 ELEM
265080870;BH-7183;5999108428401;ZESTAW GARNKÓW BERLINGER HAUS BH-7183 22 ELEM. AQUAMARINE
265080871;KH-1508;5908287215085;KINGHOFF WIADERKO DO LODU 1,5L KH-1508
265080872;BH-7184;5999108428418;ZESTAW GARNKÓW BERLINGER HAUS BH-7184 24 ELEM. BURGUNDY
265080873;E-6231;5907768762315;PATERA KAMIENNA DWUPOZIOMOWA NA CIASTA PRZEKĄSKI E-6231
265080879;93310;5902340933107;ZESTAW 3 NOŻY DO SERA KASSEL 93310
265080880;259109;8711295217609;WYKRAWACZE DO CIASTECZEK PIERNICZNKÓW ŚWIĄTECZNYCH LA CUCINA
265080881;KB-7543;5908287275430;ZESTAW POJEMNIKÓW KUCHENNYCH KLAUSBERG KB-7543
265080882;KH-2251;5908287222519;PATELNIA ŻELIWNA 20cm KINGHOFF KH-2251
265080883;KH-2252;5908287222526;PATELNIA ŻELIWNA 26cm KINGHOFF KH-2252
265080884;KH-1341;5908287213418;ŁYŻECZKA KOKTAJLOWA 6 szt. DO LATTE DESERÓW KH-1341 połysk
265080885;KB-7545;5908287275454;ZESTAW POJEMNIKÓW KUCHENNYCH KLAUSBERG KB-7545
265080887;BH-2566;5999108423789;ZESTAW NOŻY BERLINGER HAUS BH-2566 W STOJAKU
265080888;BH-2591;5999108435430;ZESTAW 6 NOŻY KUCHENNYCH BERLINGER HAUS BH-2591
265080889;BH-2600;5999108436994;ZESTAW NOŻY BERLINGER HAUS BH-2600 W STOJAKU
265080890;BH-2686;5999108435317;ZESTAW NOŻY BERLINGER HAUS BH-2686 W STOJAKU
265080891;BH-2690;5999108435331;ZESTAW NOŻY BERLINGER HAUS BH-2690 W STOJAKU
265080892;BH-2692;5999108435355;ZESTAW NOŻY BERLINGER HAUS BH-2692 W STOJAKU
265080893;BH-2694;5999108435744;ZESTAW 5 NOŻY KUCHENNYCH Z LISTWĄ BERLINGER HAUS BH-2694
265080894;BH-2696;5999108435768;ZESTAW 5 NOŻY KUCHENNYCH Z LISTWĄ BERLINGER HAUS BH-2696
265080895;BH-2698;5999108435782;ZESTAW 5 NOŻY KUCHENNYCH Z LISTWĄ BERLINGER HAUS BH-2698
265080896;BH-2704;5999108435973;ZESTAW 5 NOŻY KUCHENNYCH Z DESKĄ BERLINGER HAUS BH-2704
265080897;BH-2706;5999108435997;ZESTAW 5 NOŻY KUCHENNYCH Z DESKĄ BERLINGER HAUS BH-2706
265080898;BH-2708;5999108436017;ZESTAW 5 NOŻY KUCHENNYCH Z DESKĄ BERLINGER HAUS BH-2708
265080899;KH-1446;5908287214460;ŁYŻECZKA KOKTAJLOWA 6 szt. DO LATTE DESERÓW KH-1446 połysk
265080900;KH-1344;5908287213449;KINGHOFF SZTUĆCE 24 ELEM. POŁYSK KH-1344
265080901;KH-1448;5908287214484;KINGHOFF SZTUĆCE 24 ELEM. POŁYSK KH-1448
265080902;KH-1512;5908287215122;KINGHOFF SZTUĆCE 24 ELEM. POŁYSK KH-1512
265080903;KH-1642;5908287216426;SOLNICZKA PIEPRZNICZKA ZESTAW KINGHOFF KH-1642
265080904;KH-1643;5908287216433;SOLNICZKA PIEPRZNICZKA ZESTAW KINGHOFF KH-1643
265080905;BH-1611;5999108416002;ZESTAW 2 PATELNI GRANITOWYCH BERLINGER HAUS ROSE GOLD BH-1611
265080906;750346;8592381083533;MATA DO LODÓWKI ANTYBAKTERYJNA ANYPLEŚNOWA 47x30cm
265080907;BH-6161;5999108411182;ZESTAW GARNKÓW GRANITOWYCH BERLINGER HAUS BH-6161 ROSE GOLD 17 ELEM.
265080908;BH-6181;5999108411410;PATELNIA GRANITOWA DO NALEŚNIKÓW 28cm BERLINGER HAUS BH-6181 Black Rose
265080909;BH-6195;5999108414701;ZESTAW 3 PATELNI GRANITOWYCH BERLINGER HAUS ROSE GOLD LINE BH-6195
265080910;KH-1644;5908287216440;ZESTAW SOLNICZKA PIEPRZNICZKA KINGHOFF KH-1644
265080911;KH-1645;5908287216457;ZESTAW BUTELEK DO OLIWY I OCTU KINGHOFF KH-1645
265080912;KH-1647;5908287216471;ZESTAW DO PRZYPRAW PRZYPRAWNIK KINGHOFF KH-1647
265080913;KH-1648;5908287216488;ZESTAW DO PRZYPRAW PRZYPRAWNIK KINGHOFF KH-1648
265080914;KH-1340;5908287213401;ŁYŻECZKA KOKTAJLOWA 6 szt. DO LATTE KH-1340 połysk
265080915;73944;5900378739449;CHLEBAK POJEMNIK NA PIECZYWO HUSLA 73944 WHITE
265080916;73925;5900378739258;GRILL ELEKTRYCZNY OPIEKACZ HUSLA 73925
265080917;KH-1638;5908287216389;SZKLANY ZAPARZACZ DO KAWY 400ml KINGOFF KH-1638
265080918;KH-1637;5908287216372;ZAPARZACZ FILTR STALOWY DO KAWY KINGHOFF KH-1637
265080919;3063;5906716930639;KOSZYK PIĘTROWY NA OWOCE PRZYPRAWY LOFT 3063
265080920;BH-1517;5999056777224;PATELNIA GRANITOWA 24cm BERLINGER HAUS BH-1517
265080921;BH-1640;5999056781733;GARNEK GRANITOWY 28cm BERLINGER HAUS BH-1640 BLACK ROSE
265080922;BH-1949;5999056795693;PATELNIA GRANITOWA 28cm BERLINGER HAUS BH-1949 ROSE GOLD
265080923;BH-6157;5999108407543;ZESTAW 3 PATELNI GRANITOWYCH BERLINGER HAUS BH-6157 BLACK SILVER
265080924;BH-6197;5999108419751;ZESTAW GARNKÓW 13 ELEM. BERLINGER HAUS BH-6197 FOREST LINE
265080925;BH-1644;5999108415074;ZESTAW 2 PATELNI GRANITOWYCH 22/26cm BERLINGER HAUS BLACK ROSE BH-1644
265080926;KB-7024;5902666610249;SILIKONOWY SKŁADANY LUNCH BOX KLAUSBERG KB-7024
265080927;KH-3358;5908287233584;MOŹDZIERZ GRANITOWY KINGHOFF Ø9,5 KH-3358
265080928;KH-3359;5908287233591;MOŹDZIERZ GRANITOWY KINGHOFF Ø12 KH-3359
265080929;BH-6104;5999108401350;Zestaw garnków tytanowych Berlingerhaus BH-6104
265080930;BH-6461;5999108410048;FORMA BLACHA DO PIECZENIA BERLINGERHAUS BH-6461
265080931;BH-6160;5999108408199;ZESTAW GARNKÓW GRANITOWYCH BERLINGER HAUS BH-6160 ROSE GOLD 13 ELEM.
265080932;BH-6196;5999108419850;ZESTAW GARNKÓW GRANITOWYCH BERLINGER HAUS BH-6196 STONE TOUCH
265080933;BH-6615;5999108415258;ZESTAW GARNKÓW 13 ELEM. BERLINGER HAUS BH-6615 SHINY BLACK
265080934;BH-6922;5999108421563;TACA PŁYTA GRILLOWA BERLINGER HAUS BH-6922 CARBON PRO
265080935;BH-7038;5999108428241;ZESTAW 3 PATELNI GRANITOWYCH BERLINGERHAUS BH-7038
265080936;BH-7051;5999108428289;ZESTAW GARNKÓW GRANITOWYCH BERLINGER HAUS BH-7051 ROSE GOLD
265080937;BH-7180;5999108428371;ZESTAW GARNKÓW BERLINGER HAUS BH-7180 22 ELEM. BURGUNDY
265080938;BH-7181;5999108428388;ZESTAW GARNKÓW BERLINGER HAUS BH-7181 22 ELEM. CARBON PRO
265080939;3088;5906716930882;MATA PODKŁADKA SILIKONOWA OCIEKACZ DO NACZYŃ 39x25cm 3088
265080940;KH-5027;5908287250277;ZEGAR ŚCIENNY 30cm KINGHOFF KH-5027 TERMOMETR
265080941;KH-1654;5908287216549;BLOK STOJAK NA NOŻE KUCHENNE KINGHOFF KH-1654
265080942;KH-3337;5908287233379;KINGHOFF MOŹDZIERZ I UBIJAK W ZESTAWIE KH-3337
265080943;KH-3357;5908287233577;MOŹDZIERZ GRANITOWY KINGHOFF Ø8,5 KH-3357
265080944;BH-1094;5999056762725;GARNEK GRANIT DIAMOND 20cm 2,4l BERLINGER HAUS BH-1094
265080945;BH-9069;5999108406614;Czajnik elektryczny 1.7l z termometrem BERLINGER HAUS BH-9069
265080946;BH-6171;5999108408335;PATELNIA GRANITOWA WOK 30cm BERLINGER HAUS BH-6171 ROSE GOLD
265080947;KH-4081;5908287240810;SZEŚCIOKRAWĘDZIOWA TARKA KUCHENNA KINGHOFF KH-4081
265080948;KH-4083;5908287240834;CZTEROSTRONNA TARKA KUCHENNA KINGHOFF KH-4083
265080949;KH-4088;5908287240889;CZTEROSTRONNA TARKA KUCHENNA KINGHOFF KH-4088
265080950;KH-1656;5908287216563;BLOK STOJAK NA NOŻE KUCHENNE KINGHOFF KH-1656
265080951;KH-1655;5908287216556;BLOK STOJAK NA NOŻE KUCHENNE KINGHOFF KH-1655
265080952;KH-1653;5908287216532;BLOK STOJAK NA PRZYBORY KUCHENNE KINGHOFF KH-1653
265080953;KH-1651;5908287216518;TARKA BĘBNOWA DO WARZYW SERA KINGHOFF KH-1651
265080954;KH-1652;5908287216525;TARKA BĘBNOWA DO WARZYW SERA KINGHOFF KH-1652
265080955;KH-1657;5908287216570;TARKA SZATKOWNICA KRAJALNICA KINGHOFF KH-1657
265080956;KH-1658;5908287216587;TARKA SZATKOWNICA KRAJALNICA KINGHOFF KH-1658
265080957;KH-1632;5908287216327;ZESTAW DO OBIERANIA I WYCISKANIA CZOSNKU KINGHOFF KH-1632
265080958;KH-1650;5908287216501;ZAPARZACZ SITKO DO HERBATY ZIÓŁ KINGHOFF KH-1650
265080959;KB-7559;5908287275591;ZESTAW MŁYNKÓW DO PIEPRZU I SOLI KLAUSBERG KB-7559
265080960;KH-1613;5908287216136;EMALIOWANA BRYTFANNA ŻELIWNA 33cm KINGHOFF KH-1613
265080961;KH-1522;5908287215221;EMALIOWANA BRYTFANNA ŻELIWNA 30cm KINGHOFF KH-1522
265080962;BH-1881;5999108466052;PATELNIA WOK FLIP 26cm BERLINGER HAUS BH-1881
265080963;BH-1522;5999056777279;PATELNIA WOK FLIP 26cm BERLINGER HAUS BH-1522
265080964;BH-1989;5999108401749;GARNEK MAROKAŃSKI TADŻIN TAJINE BERLINGER HAUS BH-1989
265080966;BH-2481;5999108426094;ZESTAW NOŻY BERLINGER HAUS BH-2481 W STOJAKU
265080967;BH-6011;5999056797826;GARNEK GRANITOWY 20cm BERLINGER HAUS BH-6011 MOONLIGHT
265080968;BH-6012;5999056797833;GARNEK GRANITOWY 24cm BERLINGER HAUS BH-6012 MOONLIGHT
265080969;BH-6167;5999108408298;ZESTAW 3 PATELNI GRANITOWYCH BERLINGER HAUS BH-6167
265080970;BH-6323;5999108429255;ZESTAW PRZYBORÓW KUCHENNYCH BERLINGER HAUS BH-6323
265080971;BH-1923;5999056793200;WYCISKACZ PRASKA DO CZOSNKU BERLINGER HAUS BH-1923
265080972;BH-7613;5999108432828;STALOWA OBIERACZKA DO WARZYW BERLINGER HAUS BH-7613
265080973;BH-7783;5999108440120;MŁYNKI DO PIEPRZU I SOLI BERLINGER HAUS BH-7783
265080974;BH-7802;5999108442193;ZAPARZACZ ŻELIWNY 800ml BERLINGER HAUS BH-7802
265080975;BH-9108;5999108416972;WAGA ŁAZIENKOWA BODY FAT BERLINGER HAUS BH-9108
265080976;BH-9330;5999108433566;CZAJNIK ELEKTRYCZNY 1,7L BERLINGER HAUS BH-9330
265080977;BH-9350;5999108440144;ELEKTRONICZNA WAGA KUCHENNA BERLINGER HAUS BH-9350
265080978;BH-9352;5999108440182;ELEKTRONICZNA WAGA KUCHENNA BERLINGER HAUS BH-9352
265080979;BH-9355;5999108440243;ELEKTRONICZNA WAGA KUCHENNA BERLINGER HAUS BH-9355
265080980;BH-9359;5999108440328;ELEKTRONICZNA WAGA KUCHENNA BERLINGER HAUS BH-9359
265080981;BH-9361;5999108440366;ELEKTRONICZNA WAGA KUCHENNA BERLINGER HAUS BH-9361
265080982;BH-9363;5999108440403;ELEKTRONICZNA WAGA KUCHENNA BERLINGER HAUS BH-9363
265080983;BH-9134;5999108419270;ELEKTRYCZNY ZESTAW DO WINA BERLINGER HAUS BH-9134
265080984;BH-7638;5999108434310;KARBOWANA FORMA DO WYPIEKÓW BERLINGER HAUS BH-7638
265080985;BH-7642;5999108434358;KARBOWANA FORMA DO WYPIEKÓW BERLINGER HAUS BH-7642
265080986;KH-2255;5908287222557;BRYTFANNA ŻELIWNA 29cm 4,5L KINGHOFF KH-2255
265080987;KH-1476;5908287214767;GARNEK ŻELIWNY 24cm 4L KINGHOFF KH-1476
265080988;KH-1477;5908287214774;BRYTFANNA ŻELIWNA 29cm 4,5L KINGHOFF KH-1477
265080989;93559;5902340935590;MLECZNIK I CUKIERNICA Z ŁYŻECZKĄ KASSEL 93559
265080990;BH-6626;5999108417764;PATELNIA TYTANOWA BERLINGER HAUS 28cm BH-6626 PURPLE
265080991;BH-6634;5999108417849;PATELNIA GRILLOWA TYTANOWA BERLINGER HAUS BH-6634 PURPLE
265080992;BH-7643;5999108434761;KARBOWANA FORMA DO WYPIEKÓW BERLINGER HAUS BH-7643
265080996;BH-7776;5999108437311;STOLNICA MATA SILIKONOWA 62x42cm BERLINGER HAUS BH-7776
265080997;BH-2463;5999108412066;ZESTAW NOŻY BERLINGER HAUS BH-2463 W STOJAKU
265080998;KH-1531;5908287215313;BRYTFANNA ŻELIWNA 33cm 6,2L KINGHOFF KH-1531
265080999;KH-1275;5908287212756;UNIWERSLANA POKRYWKA POKRYWA 20cm KINGHOFF KH-1275
265081001;KH-1523;5908287215238;GARNEK ŻELIWNY 22cm 2,4L KINGHOFF KH-1523
265081002;2791;5906716927912;ZESTAW MŁYNKÓW DO PIEPRZU I SOLI 2791
265081003;KM-7101;5903148921730;ELEKTRONICZNA WAGA KUCHENNA LCD do 5kg 7101
265081005;KB-7565;5908287275652;CZAJNIK Z GWIZDKIEM 3L KLAUSBERG KB-7565
265081006;KB-7561;5908287275614;CZAJNIK Z GWIZDKIEM 2,8L KLAUSBERG KB-7561
265081007;KB-7562;5908287275621;CZAJNIK Z GWIZDKIEM 2,8L KLAUSBERG KB-7562
265081008;MX-7405;5903856187343;TERMOS GASTRONOMICZNY CATERINGOWY 7,5L METLEX MX-7405
265081009;MX-7407;5903856189071;TERMOS GASTRONOMICZNY CATERINGOWY 11L METLEX MX-7407
265081010;MX-7408;5903856189088;TERMOS GASTRONOMICZNY CATERINGOWY 13L METLEX MX-7408
265081011;MX-7406;5903856187350;TERMOS GASTRONOMICZNY CATERINGOWY 9,5L METLEX MX-7406
265081012;KB-7563;5908287275638;UCHWYT METALOWY NA RĘCZNIKI PAPIEROWE KLAUSBERG KB-7563
265081013;KB-7564;5908287275645;STOJAK NA PAPIER TOALETOWY KLAUSBERG KB-7564
265081014;BH-6473;5999108444074;FORMA DO PIECZENIA 12 MUFFINEK BERLINGER HAUS BH-6473
265081015;BH-6518;5999056780675;BRYTFANNA ŻELIWNA 5,56L BERLINGER HAUS BH-6518
265081016;BH-6726;5999108439865;CHLEBAK STALOWY BERLINGER HAUS BH-6726 ROSE GOLD
265081017;BH-6828;5999108421075;ZESTAW POJEMNIKÓW KUCHENNYCH BERLINGER HAUS BH-6828
265081018;BH-9364;5999108440403;ELEKTRONICZNA WAGA KUCHENNA BERLINGER HAUS BH-9364
265081019;BH-7112;5999108435232;WOK GRANITOWY 30cm BERLINGER HAUS BH-7112 BLACK ROSE
265081020;BH-7606;5999108428814;TERMOS STALOWY 0,5L BERLINGER HAUS BH-7606
265081021;BH-7607;5999108428821;TERMOS STALOWY 1L BERLINGER HAUS BH-7607
265081022;BH-6719;5999108425165;STOJAK NA RĘCZNIKI PAPIEROWE BERLINGER HAUS BH-6719
265081023;BH-9424;5999108448225;ELEKTRONICZNA WAGA KUCHENNA BERLINGER HAUS BH-9424
265081024;BH-9425;5999108448249;ELEKTRONICZNA WAGA KUCHENNA BERLINGER HAUS BH-9425
265081025;BH-9427;5999108448287;ELEKTRONICZNA WAGA KUCHENNA BERLINGER HAUS BH-9427
265081026;BH-9428;5999108448300;ELEKTRONICZNA WAGA KUCHENNA BERLINGER HAUS BH-9428
265081027;BH-9431;5999108448362;ELEKTRONICZNA WAGA KUCHENNA BERLINGER HAUS BH-9431
265081028;BH-9434;5999108448386;ELEKTRONICZNA WAGA KUCHENNA BERLINGER HAUS BH-9434
265081029;BH-9435;5999108448409;ELEKTRONICZNA WAGA KUCHENNA BERLINGER HAUS BH-9435
265081030;BH-6666;5999108439841;CZAJNIK 3L BERLINGER HAUS BH-6666 Z GWIZDKIEM
265081031;KB-7149;5902666611499;KLAUSBERG KUBEK TERMICZNY KB-7149 380ml
265081032;KH-4324;5908287243248;RONDELEK Z POKRYWĄ 18cm KINGHOFF KH-4324 2L
265081033;BH-9391;5999108442582;TOSTER DO GRZANEK BERLINGER HAUS BH-9391 AQUAMARINE
265081034;BH-9392;5999108442605;TOSTER DO GRZANEK BERLINGER HAUS BH-9392 PURPLE
265081035;BH-1511;5999056777163;PATELNIA GRANITOWA 30cm BERLINGER HAUS ROSE GOLD BH-1511
265081036;BH-6722;5999108439766;STOJAK NA RĘCZNIKI PAPIEROWE BERLINGER HAUS BH-6722
265081037;BH-7100;5999108430848;WOK GRANITOWY 30cm BERLINGER HAUS BH-7100 ROSE GOLD
265081038;BH-7129;5999108445880;GARNEK DO MLEKA BERLINGER HAUS 1,2L BH-7129 PURPLE
265081039;73920;5900378739203;LEŻAK SKŁADANY PLAŻOWY OGRODOWY HUSLA HUSE 73920
265081040;21032010;5903456099978;INTELIGENTNA MASELNICZKA WODNA Z NOŻYKIEM BIAŁA
265081041;10011090;5903456111151;KOMPLET ZESTAW 3 DESEK VEGANA ZE STOJAKIEM
265081042;10010990;5903456111199;KOMPLET ZESTAW 2 DESEK VEGANA ZE STOJAKIEM
265081043;10070390;5903456110895;MATA PODKŁADKA OCIEKACZ DO NACZYŃ 39x31cm FLEXI
265081044;HT-6518D;5908228101965;FORMA SILIKONOWA NA 6 KUL LODOWYCH DO DRINKÓW NAPOJÓW
265081045;229003;5907610289397;STOJAK METALOWY NA RĘCZNIKI PAPIEROWE LOFT
265081046;BH-9346;5999108436970;GRILL ELEKTRYCZNY STOŁOWY BERLINGER HAUS BH-9346
265081047;KH-1615;5908287216150;KUBEK TERMICZNY 500 ml KINGHOFF KH-1615
265081048;1710;5906716917104;KOSZYK STALOWY NA OWOCE 25cm różowe złoto 1710
265081049;3107;5906716931070;KOSZYK PIĘTROWY PATERA NA OWOCE LOFT 3107
265081050;KH-3328;5908287233287;GARNEK NA PARĘ KINGHOFF 4 ELEM. 22cm KH-3328
265081051;73912;5900378739128;MŁYNEK AKACJOWY DO PIEPRZU LUB SOLI 30 cm HUSLA 73912
265081052;HT459_SET;5908228002514;FORMA SILIKONOWA Z AKCESORIAMI DO PIECZENIA CHLEBA ALPENBURG
265081053;KH-1662;5908287216624;MATA ANTYPOŚLIZGOWA DO SZUFLAD 50x150 cm KINGHOFF KH-1662
265081054;KH-1664;5908287216648;MATA ANTYPOŚLIZGOWA DO SZUFLAD 50x300 cm KINGHOFF KH-1664
265081055;KH-1665;5908287216655;MATA ANTYPOŚLIZGOWA DO SZUFLAD 50x300 cm KINGHOFF KH-1665
265081056;KH-1663;5908287216631;MATA ANTYPOŚLIZGOWA DO SZUFLAD 50x150 cm KINGHOFF KH-1663
265081058;KH-1660;5908287216600;DZIADEK DO ORZECHÓW KINGHOFF KH-1660
265081059;KB-7567;5908287275676;ELEKTRYCZNA SUSZARKA DO GRZYBÓW OWOCÓW ZIÓŁ KLAUSBERG KB-7567
265081060;KB-7568;5908287275683;SUSZARKA DO GRZYBÓW OWOCÓW ZIÓŁ KLAUSBERG KB-7568
265081061;E-8084;5907768780845;KOSZYK PIĘTROWY NA OWOCE PRZYPRAWY LOFT E-8084
265081062;E-8104;5907768781040;KOSZYK PIĘTROWY NA OWOCE PRZYPRAWY LOFT E-8104
265081063;BH-6089;5999056799301;PATELNIA GRILLOWA 28cm BERLINGER HAUS BH-6089 EMERALD
265081064;BH-7097;5999108431487;GARNKI TYTANOWE BERLINGER HAUS 12el BH-7097 MONACO
265081065;KH-1661;5908287216617;MOŹDZIERZ STALOWY Z POKRYWĄ KINGHOFF KH-1661
265081066;KH-1271;5908287212718;SZPATUŁA CUKIERNICZA DO SMAROWANIA KINGHOFF KH-1271
265081067;73928;5900378739289;CZAJNIK ELEKTRYCZNY HUSLA 1,7L SCANDIC 73928
265081068;E-8087;5907768780876;SUSZARKA DO NACZYŃ Z OCIEKACZEM I TACĄ E-8087
265081069;E-8072;5907768780722;SUSZARKA DO NACZYŃ Z OCIEKACZEM I TACĄ E-8072
265081070;KH-4016;5908287240162;SZKLANA PATERA KINGHOFF 3-POZIOMOWA NA OWOCE CIASTA KH-4016
265081071;BH-1163;5999056764699;PATELNIA GRILLOWA GRANITOWA BERLINGER HAUS 28cm BH-1163 STONE TOUCH
265081076;KH-2202;5908287222021;WYCISKARKA PRZECIERAK DO POMIDORÓW I OWOCÓW KINGHOFF KH-2202
265081077;BH-7095;5999108431463;ZESTAW PATELNI TYTANOWYCH BERLINGER HAUS BH-7095 MONACO
265081078;BH-7096;5999108431470;ZESTAW PATELNI TYTANOWYCH BERLINGER HAUS BH-7096 MONACO
265081080;KH-1669;5908287216693;TERMOMETR KUCHENNY SZPILKOWY LCD KINGHOFF KH-1669
265081081;E-6046;5907768760465;CHLEBAK BAMBUSOWY POJEMNIK NA PIECZYWO E-6046
265081082;KH-1666;5908287216662;PATELNIA MARMURKOWA DO PLACUSZKÓW KINGHOFF KH-1666
265081083;KH-1667;5908287216679;PATELNIA MARMURKOWA DO PLACUSZKÓW KINGHOFF KH-1667
265081084;KH-1668;5908287216686;PATELNIA MARMURKOWA DO PLACUSZKÓW KINGHOFF KH-1668
265081085;KH-1671;5908287216716;PATELNIA MARMURKOWA DO JAJEK KINGHOFF KH-1671
265081086;KH-1672;5908287216723;PATELNIA MARMURKOWA DO PLACUSZKÓW KINGHOFF KH-1672
265081087;KB-7574;5908287275744;ZESTAW MŁYNKÓW DO PIEPRZU I SOLI KLAUSBERG KB-7574
265081088;KB-7575;5908287275751;ZESTAW MŁYNKÓW GRAWITACYJNYCH KLAUSBERG KB-7575
265081089;2903;5906716929039;ZESTAW DO DEKORACJI TORTÓW 8 ELEMENTÓW 2903
265081090;2210;5906716922108;MLECZNIK DZBANEK STALOWY DO SPIENIANIA MLEKA 600ml 2210
265081091;1483;5906716914837;SUSZARKA OCIEKACZ DO NACZYŃ 1483
265081092;1549;5906716915490;FORMA PRASKA DO FORMOWANIA BURGERÓW 1549
265081093;152365;8592381154554;ZESTAW BUTELEK DOZOWNIKÓW DO OLIWY I OCTU ORION 152365
265081094;KH-4144;5908287241442;RĘCZNY MŁYNEK DO KAWY PRZYPRAW KINGHOFF KH-4144
265081095;KH-4145;5908287241459;KINGHOFF MŁYNEK DO MIELENIA KAWY KH-4145
265081096;KB-7309;5902666613097;PATELNIA GRANITOWA 24cm KLAUSBERG KB-7309
265081097;KH-1697;5908287216976;PODKŁADKA ADAPTACYJNA DO PŁYT INDUKCYJNYCH KH-1697
265081098;KB-7519;5908287275195;GARNEK MARMURKOWY 1,3L 16cm KLAUSBERG KB-7519
265081099;KB-7520;5908287275201;GARNEK MARMURKOWY 2,3L 20cm KLAUSBERG KB-7520
265081100;KB-7521;5908287275218;GARNEK MARMURKOWY 3,3L 22cm KLAUSBERG KB-7521
265081101;KB-7522;5908287275225;GARNEK MARMURKOWY 4,5L 24cm KLAUSBERG KB-7522
265081102;KB-7525;5908287275256;GARNEK MARMURKOWY 6,2L 24cm KLAUSBERG KB-7525
265081103;BH-6721;5999108439759;CHLEBAK STALOWY BERLINGER HAUS BH-6721 MOONLIGHT
265081104;KB-7542;5908287275423;KUBEK TERMICZNY KLAUSBERG 380ml KB-7542
265081105;KH-1704;5908287217041;ZESTAW DO ROBIENIA I PODAWANIA SUSHI KINGHOFF KH-1704
265081106;KH-1701;5908287217010;ZĄBKOWANY NÓŻ DO POMIDORÓW KINGHOFF KH-1701
265081107;KH-1702;5908287217027;ZĄBKOWANY NÓŻ DO POMIDORÓW KINGHOFF KH-1702
265081108;KH-1703;5908287217034;ZĄBKOWANY NÓŻ DO POMIDORÓW KINGHOFF KH-1703
265081109;KH-1700;5908287217003;SILIKONOWA TRZEPACZKA UBIJACZKA KINGHOFF KH-1700
265081110;KH-1698;5908287216983;PODKŁADKA ADAPTACYJNA DO PŁYT INDUKCYJNYCH KH-1698
265081111;KH-1699;5908287216990;PODKŁADKA ADAPTACYJNA 23cm DO PŁYT INDUKCYJNYCH KH-1699
265081112;2615;5906716926151;ORGANIZER WKŁAD ROZSUWANY DO SZUFLAD NA SZTUĆCE 2615
265081113;3144;5906716931445;SUSZARKA OCIEKACZ MATA STALOWA NA ZLEWOZMYWAK 3144
265081114;KH-3291;5908287232914;KINGHOFF CZAJNIK Z GWIZDKIEM 3.0L KH-3291
265081115;KH-4177;5908287241770;KINGHOFF KUBEK TERMICZNY 500ml KH-4177
265081116;93222;5902340932223;KASSEL CZAJNIK ELEKTRYCZNY 1,7L 93222
265081117;3142;5906716931421;REGULOWANA TORTOWNICA FORMA DO PIECZENIA 15cm 3142
265081118;3143;5906716931438;REGULOWANA TORTOWNICA FORMA DO PIECZENIA 20cm 3143
265081119;KH-1710;5908287217102;PODKŁADKA ADAPTACYJNA DO PŁYT INDUKCYJNYCH KH-1710 28cm
265081120;KH-1715;5908287217157;SUSZARKA OCIEKACZ DO NACZYŃ KINGHOFF KH-1715
265081121;KH-1716;5908287217164;SUSZARKA DWUPOZIOMOWA DO NACZYŃ KINGHOFF KH-1716
265081122;E-6033;5907768760335;CHLEBAK POJEMNIK NA PIECZYWO E-6033
265081123;139213;8720573159289;PATERA 3-POZIOMOWA DO PRZEKĄSEK LOFT 139213
265081124;BH-1302;5999056767478;PATELNIA WOK FLIP 26cm BERLINGER HAUS BH-1302
265081125;BH-1447N;5999108479915;PATELNIA DO PLACKÓW JAJEK BERLINGER HAUS BH-1447
265081126;BH-1518;5999056777231;PATELNIA GRANITOWA 28cm BERLINGER HAUS BH-1518
265081127;BH-1591;5999056790506;Zestaw garnków granitowych Click&Cook Berlinger Haus BH-1591
265081128;BH-1639;5999056781726;PATELNIA DO NALEŚNIKÓW 25cm BERLINGER HAUS BH-1639
265081129;BH-2439;5999108404832;ZESTAW NOŻY DO STEKÓW 6 szt. BERLINGER HAUS BH-2439
265081130;BH-2469;5999108419591;ZESTAW NOŻY DO STEKÓW 6 szt. BERLINGER HAUS BH-2469
265081131;BH-2483;5999108426582;ZESTAW 3 NOŻY BERLINGER HAUS BH-2483 SHINE BASALT
265081132;BH-2484;5999108426599;ZESTAW 3 NOŻY BERLINGER HAUS BH-2484 PRIMAL GLOSS
265081133;BH-2486;5999108426612;ZESTAW 3 NOŻY BERLINGER HAUS BH-2486 SHINE BASALT
265081134;BH-2487;5999108426629;ZESTAW 3 NOŻY BERLINGER HAUS BH-2487 PRIMAL GLOSS
265081135;BH-2835;5999108436185;ZESTAW 6 NOŻY KUCHENNYCH BERLINGER HAUS BH-2835
265081136;BH-2837;5999108439346;ZESTAW NOŻY BERLINGER HAUS ASPEN BH-2837 W STOJAKU
265081137;KH-1396;5908287213968;TERMOS OBIADOWY KINGHOFF 1,5L + 3 POJEMNIKI KH-1396
265081138;BH-2838;5999056786899;ZESTAW 5 NOŻY KUCHENNYCH Z DESKĄ BERLINGER HAUS BH-2838
265081139;BH-2839;5999056786912;ZESTAW 5 NOŻY KUCHENNYCH Z LISTWĄ BERLINGER HAUS BH-2839
265081140;BH-6083;5999056799240;PATELNIA GRILLOWA BERLINGER HAUS BH-6083 MOONLIGHT
265081141;BH-6334;5999108440496;SZCZYPCE KUCHENNE BERLINGER HAUS BH-6334
265081142;BH-6660;5999108417146;ZESTAW 10 ELEM. GARNKÓW STALOWYCH BERLINGER HAUS BH-6660
265081143;BH-6661;5999108417153;ZESTAW 12 ELEM. GARNKÓW STALOWYCH BERLINGER HAUS BH-6661
265081144;BH-6772;5999108453991;PÓŁKA STOJAK NA WINO BERLINGER HAUS BH-6772
265081145;KH-1673;5908287216730;DESKA DO SERWOWANIA PIZZY 30cm KINGHOFF KH-1673
265081146;KH-1674;5908287216747;DESKA DO SERWOWANIA PIZZY 35cm KINGHOFF KH-1674
265081147;KH-1682;5908287216822;DESKA DO KROJENIA PIECZYWA Z TACĄ KINGHOFF KH-1682
265081148;KH-1684;5908287216846;DESKA DO KROJENIA Z RANTEM 45x33cm KINGHOFF KH-1684
265081150;KH-1685;5908287216853;DESKA DO KROJENIA Z RANTEM 58x38cm KINGHOFF KH-1685
265081151;KH-1688;5908287216884;STOJAK BAMBUSOWY NA RĘCZNIKI PAPIEROWE KINGHOFF KH-1688
265081152;KH-1689;5908287216891;POJEMNIK BAMBUSOWY NA CHUSTECZKI KINKGHOFF KH-1689
265081153;KH-1690;5908287216907;POJEMNIK BAMBUSOWY NA CHUSTECZKI KINKGHOFF KH-1690
265081154;KH-1691;5908287216914;DOZOWNIK MYDŁA PŁYNU DO MYCIA KINGHOFF KH-1691
265081155;KH-1694;5908287216945;MISKA BAMBUSOWA 16cm KINGHOFF KH-1694
265081156;KH-1692;5908287216921;STOJAK UCHWYT NA PAPIER TOALETOWY KINGHOFF KH-1692
265081157;KH-1695;5908287216952;ORGANIZER Z LUSTERKIEM NA BIŻUTERIĘ KINGHOFF KH-1695
265081158;KH-1687;5908287216877;ZESTAW ŁYŻEK DO SAŁATEK KINGHOFF KH-1687
265081159;KH-1693;5908287216938;SZCZOTKA TOALETOWA BAMBUSOWA KINGHOFF KH-1693
265081160;BH-6779;5999108419799;GARNEK + PATELNIA GRANITOWA BERLINGER HAUS BH-6779
265081161;BH-6906;5999108421402;PATELNIA WOK FLIP 26cm BERLINGER HAUS BH-6906
265081162;BH-6924;5999108421587;GARNEK GRANITOWY 30cm BERLINGERHAUS BH-6924 CARBON PRO
265081163;BH-7061;5999108463976;ZESTAW GARNKÓW TYTANOWYCH BERLINGER HAUS BH-7061N ASPEN
265081164;KH-1681;5908287216815;DESKA BAMBUSOWA Z WYSUWANYM POJEMNIKIEM KINGHOFF KH-1681
265081165;BH-7063;5999108430268;PATELNIA TYTANOWA 24cm BERLINGER HAUS BH-7063 ASPEN
265081166;BH-7062;5999108430251;PATELNIA TYTANOWA 20cm BERLINGER HAUS BH-7062 ASPEN
265081167;BH-7066;5999108430299;GARNEK TYTANOWY 20cm BERLINGER HAUS BH-7066 ASPEN
265081168;BH-7067;5999108430305;GARNEK TYTANOWY 24cm BERLINGER HAUS BH-7067 ASPEN
265081169;BH-7068;5999108430312;GARNEK TYTANOWY 28cm BERLINGER HAUS BH-7068 ASPEN
265081170;BH-7070;5999108430336;GARNEK TYTANOWY 28cm BERLINGER HAUS BH-7070 ASPEN
265081171;BH-7069;5999108430329;PATELNIA TYTANOWA 24cm BERLINGER HAUS BH-7069 ASPEN
265081172;BH-7071;5999108430343;WOK TYTANOWY 28cm BERLINGER HAUS BH-7071 ASPEN
265081173;BH-7072;5999108430350;PATELNIA GRILLOWA TYTANOWA BERLINGER HAUS BH-7072 ASPEN
265081174;BH-7073;5999108430367;PATELNIA GRILLOWA TYTANOWA BERLINGER HAUS BH-7073 ASPEN
265081175;BH-7074;5999108474606;PATELNIA TYTANOWA DO NALEŚNIKÓW BERLINGER HAUS BH-7074 ASPEN
265081176;BH-7075;5999108430381;ZESTAW PATELNI TYTANOWYCH BERLINGER HAUS BH-7075 ASPEN
265081177;BH-7076;5999108430398;ZESTAW PATELNI TYTANOWYCH BERLINGER HAUS BH-7076 ASPEN
265081180;KH-3180;5908287231801;KINGHOFF STALOWY TŁUCZEK DO MIĘSA KH-3180
265081181;BH-7079;5999108430428;GARNEK I PATELNIA TYTANOWA BERLINGER HAUS BH-7079 ASPEN
265081182;BH-7078;5999108430411;GARNEK TYTANOWY DO MLEKA BERLINGER HAUS 1,2L BH-7078 ASPEN
265081183;KH-1675;5908287216754;OSTRZAŁKA DO NOŻY KINGHOFF KH-1675
265081184;KH-1680;5908287216808;MOŹDZIERZ GRANITOWY KINGHOFF Ø12cm KH-1680
265081185;KH-1679;5908287216792;MOŹDZIERZ GRANITOWY KINGHOFF Ø12cm KH-1679
265081186;BH-7082;5999108431333;PATELNIA TYTANOWA 20cm BERLINGER HAUS BH-7082 MONACO
265081187;BH-7083;5999108431340;PATELNIA TYTANOWA 24cm BERLINGER HAUS BH-7083 MONACO
265081189;BH-7086;5999108469664;GARNEK TYTANOWY 20cm BERLINGER HAUS BH-7086 MONACO
265081190;BH-7087;5999108431388;GARNEK TYTANOWY 24cm BERLINGER HAUS BH-7087 MONACO
265081191;BH-7089;5999108431401;PATELNIA TYTANOWA 24cm BERLINGER HAUS BH-7089 MONACO
265081192;BH-7090;5999108431418;GARNEK TYTANOWY 28cm BERLINGER HAUS BH-7090 MONACO
265081193;BH-7091;5999108431425;WOK TYTANOWY 28cm BERLINGER HAUS BH-7091 MONACO
265081194;BH-7092;5999108431432;PATELNIA GRILLOWA TYTANOWA BERLINGER HAUS BH-7092 MONACO
265081195;BH-7094;5999108478697;PATELNIA TYTANOWA DO NALEŚNIKÓW 25cm BERLINGER HAUS BH-7094 MONACO
265081196;BH-7098;5999108431494;GARNEK I PATELNIA TYTANOWA BERLINGER HAUS BH-7098 MONACO
265081197;127144;8592381174347;MASELNICZKA MASELNICA PORCELANOWA BAMBUSOWA BIAŁA 127144
265081198;BH-6889;5999108421235;PATELNIA GRANITOWA 24cm BERLINGER HAUS BH-6889 CARBON PRO
265081199;BH-7110;5999108431869;GARNEK GRANITOWY WOK 28cm BERLINGER HAUS BH-7110
265081200;BH-7111;5999108432439;GARNEK GRANITOWY WOK 28cm BERLINGER HAUS BH-7111 CARBON PRO
265081201;BH-6947;5999108441806;FORMY DO ŚWIĄTECZNYCH WYPIEKÓW BERLINGER HAUS BH-6947
265081202;BH-6948;5999108441820;FORMY DO ŚWIĄTECZNYCH WYPIEKÓW BERLINGER HAUS BH-6948
265081203;BH-6949;5999108441844;FORMY DO ŚWIĄTECZNYCH WYPIEKÓW BERLINGER HAUS BH-6949
265081204;BH-6950;5999108441868;FORMY DO ŚWIĄTECZNYCH WYPIEKÓW BERLINGER HAUS BH-6950
265081205;BH-7122;5999108439667;PATELNIA GRANITOWA 30cm BERLINGER HAUS BH-7122 CARBON PRO
265081206;BH-7141;5999108446078;ZESTAW GARNKÓW 10 elem. BERLINGER HAUS BH-7141 PURPLE
265081207;BH-7207;5999108450693;JEDNOKOMOROWY LUNCH BOX BERLINGER HAUS BH-7207
265081208;BH-7825;5999108444326;MOŹDZIERZ GRANITOWY BERLINGER HAUS BH-7825 Ø14cm
265081209;BH-7832;5999108447495;TERMOS STALOWY 0,5L BERLINGER HAUS BH-7832
265081211;BH-7844;5999108449550;BRYTFANNA FORMA Z RUSZTEM BERLINGER HAUS BH-7844
265081212;BH-9135;5999108419218;GRILL ELEKTRYCZNY OPIEKACZ BERLINGER HAUS BH-9135
265081213;BH-9340;5999108448003;GRILL ELEKTRYCZNY OPIEKACZ BERLINGER HAUS BH-9340
265081214;BH-9356;5999108440267;WAGA ŁAZIENKOWA BODY FAT BERLINGERHAUS BH-9356
265081215;BH-9283;5999108428081;BLENDER KIELICHOWY MIKSER BERLINGER HAUS BH-9283
265081216;BH-9293;5999108431722;SOKOWIRÓWKA BERLINGER HAUS BH-9293 EMERALD
265081217;BH-9334;5999108433979;CZAJNIK ELEKTRYCZNY 1.8l BERLINGER HAUS BH-9334
265081218;BH-9416;5999108447907;BLENDER KIELICHOWY SMOOTHIE BERLINGER HAUS BH-9416
265081219;BH-9448;5999108451614;BLENDER KIELICHOWY SMOOTHIE BERLINGER HAUS BH-9448
265081220;BH-9449;5999108474149;BLENDER KIELICHOWY SMOOTHIE BERLINGER HAUS BH-9449
265081221;BH-9430;5999108448348;ELEKTRONICZNA WAGA KUCHENNA BERLINGER HAUS BH-9430
265081222;KH-1374;5908287213746;MENAŻKA TURYSTYCZNA KEMPINGOWA Z PRZYBORAMI KINGHOFF KH-1374
265081223;BH-9225;5999108425653;WAGA ŁAZIENKOWA ULTRA SLIM BERLINGER HAUS BH-9225
265081224;BH-9353;5999108440205;WAGA ŁAZIENKOWA ULTRA SLIM BERLINGER HAUS BH-9353
265081225;BH-9386;5999108444135;WYCISKARKA DO CYTRUSÓW BERLINGER HAUS BH-9386
265081226;KB-7580;5908287275805;ZESTAW BARMAŃSKI 9 ELEMENTÓW KLAUSBERG KB-7580
265081228;KB-7581;5908287275812;ZESTAW BARMAŃSKI 9 ELEMENTÓW KLAUSBERG KB-7581
265081229;KB-7582;5908287275829;ZESTAW BARMAŃSKI 16 ELEMENTÓW KLAUSBERG KB-7582
265081230;KB-7583;5908287275836;ZESTAW BARMAŃSKI 16 ELEMENTÓW KLAUSBERG KB-7583
265081231;KB-7584;5908287275843;ZESTAW BARMAŃSKI 16 ELEMENTÓW KLAUSBERG KB-7584
265081232;BH-6166;5999108408281;WOK GRANITOWY 30cm BERLINGER HAUS LINE BH-6166 BURGUNDY
265081233;BH-7041;5999108426926;ZESTAW GARNKÓW 9 elem. BERLINGER HAUS BH-7041 ODPINANY UCHWYT
265081234;KH-1393;5908287213937;SHAKER BARMAŃSKI Z RECEPTURAMI 600ml KINGHOFF KH-1393
265081236;5903456090234;5903456090234;DZIADEK DO ORZECHÓW DREWNIANY PRACTIC
265081237;5903456098377;5903456098377;"DZIADEK DO ORZECHÓW ""Grzybek"" DREWNIANY"
265081238;121113;8719202617573;WYKRAWACZE DO CIASTECZEK PIERNICZNKÓW ŚWIĄTECZNYCH 3D
265081239;122984;8592381181048;ORGANIZER POJEMNIK ROZKŁADANY NA SZTUĆCE PRZYBORY KUCHENNE
265081240;229012-B;5904316400071;ORGANIZER NA NOŻE BLOK WKŁAD DO SZUFLADY biały
265081241;121742;8719202918083;KOKILKI MISECZKI FOREMKI KAMIONKOWE DO ZAPIEKANIA 3 szt.
265081242;E-6254;5907768765248;KUCHENNY MOŹDZIERZ MARMUROWY ELITEHOFF E-6254
265081243;E-6253;5907768765231;KUCHENNY MOŹDZIERZ MARMUROWY ELITEHOFF E-6253
265081244;KB-7137;5902666611376;GARNEK NA PARĘ KLAUSBERG 5 ELEM. 18cm KB-7137
265081245;229013;5904316420710;ORGANIZER OCIEKACZ NA SZTUĆCE NOŻE KUCHENNE 229013
265081246;5902882003016;5902882003016;FORMA DO PIECZENIA CHLEBA KEKSU 31cm CAFFE CREME
265081247;KB-7510;5908287275102;CZAJNIK Z GWIZDKIEM 2,8L KLAUSBERG KB-7510
265081248;KB-7042;5902666610423;CZAJNIK KLAUSBERG 1,8L Z GWIZDKIEM KB-7042
265081249;KH-1616;5908287216167;KUCHENNY MOŹDZIERZ BAMBUSOWY 9cm KINGHOFF KH-1616
265081250;KH-1617;5908287216174;KUCHENNY MOŹDZIERZ BAMBUSOWY 11cm KINGHOFF KH-1617
265081251;KH-1620;5908287216204;MINUTNIK KUCHENNY MECHANICZNY KINGHOFF KH-1620
265081252;KH-3133;5908287231337;MINUTNIK KUCHENNY MECHANICZNY KINGHOFF KH-3133
265081253;KH-3176;5908287231764;MINUTNIK KUCHENNY MAGNETYCZNY KINGHOFF KH-3176
265081258;KH-3615;5908287236158;CHLEBAK BAMBUSOWO-AKRYLOWY KINGHOFF KH-3615
265081261;KB-7576;5908287275768;CHLEBAK STALOWY KLAUSBERG KB-7576
265081262;KB-7577;5908287275775;CHLEBAK STALOWY KLAUSBERG KB-7577
265081263;KB-7578;5908287275782;CHLEBAK STALOWY KLAUSBERG KB-7578
265081264;KH-1711;5908287217119;CHLEBAK STALOWY KINGHOFF KH-1711
265081265;KH-1712;5908287217126;CHLEBAK STALOWY KINGHOFF KH-1712
265081266;KH-1713;5908287217133;CHLEBAK STALOWY Z DESKĄ BAMBUSOWĄ KINGHOFF KH-1713
265081267;73940;5900378739401;CHLEBAK HUSLA Z DESKĄ DO KROJENIA I NOŻEM 73940
265081268;2705;5906716927059;CHLEBAK NA PIECZYWO Z POJEMNIKAMI 2705 biały
265081269;569004;5907610289441;NAROŻNA PÓŁKA ŁAZIENKOWA DO KABINY PRYSZNICOWEJ 569004
265081270;1047;5906716910471;FORMA GRANITOWA DO PIECZENIA BABKI 1047
265081271;KB-7588;5908287275881;SZYNKOWAR 1,5kg TERMOMETR WORKI KLAUSBERG KB-7588
265081272;KH-1659;5908287216594;CZAJNIK 3,1L Z GWIZDKIEM KINGHOFF KH-1659
265081273;KH-1718;5908287217188;SPRYSKIWACZ SPRAY DO OCTU I OLIWY KINGHOFF KH-1718
265081274;KH-1719;5908287217195;SPRYSKIWACZ SPRAY DO OCTU I OLIWY KINGHOFF KH-1719
265081275;KH-1724;5908287217249;ZESTAW MŁYNKÓW GRAWITACYJNYCH KINGHOFF KH-1724
265081276;KH-4005;5908287240056;STOJAK NA PRZYPRAWY 12 POJEMNIKÓW KINGHOFF KH-4005
265081277;KB-7388;5902666613882;ZESTAW STALOWYCH MISEK KUCHENNYCH KLAUSBER KB-7388
265081278;KH-1705;5908287217058;ZESTAW PRZYBORÓW BARMAŃSKICH KINGHOFF KH-1705
265081279;KH-1706;5908287217065;ZESTAW PRZYBORÓW BARMAŃSKICH KINGHOFF KH-1706
265081281;KH-1707;5908287217072;ZESTAW PRZYBORÓW BARMAŃSKICH KINGHOFF KH-1707
265081282;KH-1708;5908287217089;ZESTAW PRZYBORÓW BARMAŃSKICH KINGHOFF KH-1708
265081283;KH-1717;5908287217171;Organizer stojak podstawka na pokrywki KINGHOFF KH-1717
265081284;KH-1721;5908287217218;SPRYSKIWACZ SPRAY DO OCTU I OLIWY KINGHOFF KH-1721
265081285;KH-1722;5908287217225;SPRYSKIWACZ SPRAY DO OCTU I OLIWY KINGHOFF KH-1722
265081286;KB-7585;5908287275850;UCHWYT WIESZAK NA RĘCZNIKI PAPIEROWE KLAUSBERG KB-7585
265081287;KH-4830;5908287248304;KINGHOFF ZAPARZACZ DO KAWY/HERBATY Z DOCISKIEM 350ml KH-4830
265081288;1480;5906716914806;SUSZARKA OCIEKACZ DO NACZYŃ DWUPOZIOMOWA 1480
265081289;2312;5906716923129;SUSZARKA DO NACZYŃ Z OCIEKACZEM I TACĄ 2312
265081291;3153;5906716931537;REGULOWANA TORTOWNICA RANT OBRĘCZ DO TORTÓW 3153
265081296;A18782;8591022603802;TERMOS ZAPARZACZ SZKLANY 500ml BANQUET DOBLO
265081301;141332;8592381128265;SOLIDNY TASAK KUCHENNY DO MIĘSA KOŚCI WARZYW 141332
265081302;A12522;8593419415609;FORMA SZKLANA ŻAROODPORNA DO CHLEBA PASZTETU 28,5x12 cm BANQUET
265081303;A05336;8591022350386;MISA NACZYNIE CERAMICZNE DO ZAPIEKANIA 33x21 cm ORANGE BANQUET
265081304;A05396;8591022343173;NÓŻ SILIKONOWY 27,5cm DO PORCJOWANIA CIASTA BANQUET
265081305;A00652;8591022310236;DREWNIANY TŁUCZEK BARMAŃSKI MUDDLER DO MOJITO DRINKÓW BANQUET
265081306;A15981;8591022450529;WIRÓWKA OSUSZACZ 2,5L DO SAŁATY WARZYW BANQUET
265081307;A12462;8591022385395;NÓŻ KARBOWANY FALISTY DO WARZYW OWOCÓW FRYTEK BANQUET
265081308;A03257;8591022263167;PRZECIERAK TARKA SITO DO LANYCH KLUSEK BANQUET
265081309;A05379;8591022344972;SILIKONOWE FOREMKI DO PIECZENIA 6 szt. NIEDŹWIADKI BANQUET
265081310;A14198;8591022419878;TERMICZNY KUBEK STALOWY 300ml PODWÓJNE ŚCIANKI
265081311;A06298;8591022337547;TALERZ PÓŁMISEK PATELNIA ŻELIWNA Z DESKĄ DREWNIANĄ BANQUET
265081312;A03831;8591022239346;ZESTAW SZTUĆCÓW SZTUĆCE DO STEKÓW PIZZY 12 szt.BANQUET
265081313;A16490;8591022454671;MASZYNKA TARKA MŁYNEK DO TARCIA OWARZYW ORZECHÓW SERA BANQUET
265081314;A16620;8591022464823;KUBEK CERAMICZNY 400ml Z POKRYWĄ SILIKONOWĄ BANQUET GO szary
265081315;A22210;8591022537428;KUBEK CERAMICZNY 400ml Z POKRYWĄ SILIKONOWĄ BANQUET GO coffee
265081316;A05322;8591022346907;MISA NACZYNIE CERAMICZNE DO ZAPIEKANIA 33x21 cm BANQUET
265081317;A05321;8591022346891;MISA NACZYNIE CERAMICZNE DO ZAPIEKANIA 30x17 cm BANQUET
265081318;A02678;8591022218785;ZESTAW DO FONDUE CZEKOLADOWEGO + WIDELCZYKI BANQUET BIANCA
265081319;KH-4341;5908287243415;GARNEK Z POKRYWĄ 14cm KINGHOFF KH-4341 1L
265081320;1512;5906716915124;WAŁEK SILIKONOWY DO CIASTA 39 cm szary 1512
265081321;KB-7120;5902666611208;GARNEK Z POKRYWĄ 12cm KLAUSBERG KB-7120 0,5L
265081322;KH-1728;5908287217287;SUSZARKA OCIEKACZ DO NACZYŃ KINGHOFF KH-1728
265081323;KH-1729;5908287217294;SUSZARKA OCIEKACZ DO NACZYŃ KINGHOFF KH-1729
265081324;KH-1730;5908287217300;SUSZARKA OCIEKACZ DO NACZYŃ KINGHOFF KH-1730
265081325;KH-1725;5908287217256;SPRYSKIWACZ SPRAY DO OCTU I OLIWY KINGHOFF KH-1725
265081326;KH-1744;5908287217447;STALOWY OCIEKACZ NA SZTUĆCE KINGHOFF KH-1744
265081327;KH-1726;5908287217263;GARNEK 1,2L NA OLEJ Z SITKIEM KINGHOFF KH-1726
265081328;229042;8719987894503;STOJAK ORGANIZER NA KAPSUŁKI NESPRESSO DO KAWY 32szt.
265081329;152306;8719987259500;ZESTAW BUTELEK DOZOWNIKÓW DO OLIWY I OCTU W STOJAKU
265081330;139130;8711295374074;ZESTAW NOŻY DO STEKÓW BURGERÓW 6 szt. 139130
265081331;831102;8592381142988;ZESTAW NOŻY DO STEKÓW BURGERÓW 6 szt. 831102
265081332;E-6209;5907768762094;FORMA SILIKONOWA DO PIECZENIA BABKI E-6209
265081333;E-6274;5907768762742;RĘKAWICE SILIKONOWE DO MYCIA NACZYŃ WARZYW E-6274
265081334;A06299;8591022337561;TALERZ PÓŁMISEK PATELNIA ŻELIWNA Z DESKĄ BANQUET GRADA
265081335;A05329;8591022347126;KEKSÓWKA CERAMICZNA 29x12 cm ORANGE BANQUET
265081336;A23519;8591022569146;TYGIELEK DO PARZENIA KAWY PO TURECKU 450ml BANQUET
265081337;A23520;8591022569153;TYGIELEK DO PARZENIA KAWY PO TURECKU 650ml BANQUET
265081338;KH-4342;5908287243422;GARNEK Z POKRYWĄ 16cm KINGHOFF KH-4342 1,5L
265081339;KH-4343;5908287243439;GARNEK Z POKRYWĄ 18cm KINGHOFF KH-4343 2L
265081340;MX-7404;5903856189767;TERMOS GASTRONOMICZNY CATERINGOWY 3,8L METLEX MX-7404
265081341;151785;8592381183851;SILIKONOWA FORMA ZAJĄCZKI DO CIASTECZEK PRALINEK
265081342;E-8046;;TORTOWNICA 28cm Z WYMIENNYM DNEM KOMINEM E-8046
265081343;E-8013;5907768780135;TORTOWNICE FORMY ROZPINANE 3 SZT 24/26/28cm E-8013
265081344;E-8042;5907768780425;TORTOWNICE FORMY DO PIECZENIA 3 SZT. 20/22/24cm E-8042
265081345;1630;5906716916305;CHLEBAK STALOWY POJEMNIK NA PIECZYWO 1630
265081346;KH-1588;5908287215887;SPRYSKIWACZ SPRAY DO OCTU I OLIWY KINGHOFF KH-1588
265081347;BH-6810;5999108420351;FORMA DO PIECZENIA BABKI BERLINGER HAUS BH-6810
265081348;1627;5906716916275;CHLEBAK Z ZESTAWEM POJEMNIKÓW KUCHENNYCH I NOŻEM 1627
265081349;10085000;5903456118587;PATERA DREWNIANA Z KLOSZEM 30cm NA SERY CIASTO
265081350;10010490;5903456111113;ZESTAW 2 DESEK ANTYPOŚLIZGOWYCH ZE STOJAKIEM
265081351;E-6222;5907768762223;KOSZYK DO GRILLOWANIA SZASZŁYKÓW WARZYW
265081352;229074;5904316455606;ORGANIZER OCIEKACZ NA SZTUĆCE NOŻE KUCHENNE 229074
265081353;E-6256;5907768762568;RUSZT SIATKA KOSZYK DO GRILLOWANIA RYB E-6256
265081354;E-6255;5907768762551;MINI GRILL WĘGLOWY TURYSTYCZNY PRZENOŚNY WALIZKA
265081355;E-6241;5907768762414;SZPILKI SZPIKULCE STALOWE 60cm DO SZASZŁYKÓW E-6241
265081356;BC-02;5908228977775;MATA OSUSZAJĄCA OCIEKACZ DO NACZYŃ 46x41 cm
265081357;KH-1737;5908287217379;DZIADEK DO ORZECHÓW KINGHOFF KH-1737 STOŻKOWY
265081358;KH-1738;5908287217386;DZIADEK DO ORZECHÓW KINGHOFF KH-1738 STOŻKOWY
265081359;KH-1739;5908287217393;DZIADEK DO ORZECHÓW KINGHOFF KH-1739 STOŻKOWY
265081360;KH-1709;5908287217096;UCHWYT NA WIADERKO DO SZAMPANA KINGHOFF KH-1709
265081361;A21848;8591022528198;TŁUCZEK BARMAŃSKI MUDDLER DO MOJITO DRINKÓW BANQUET
265081362;A09599;8591022306109;ZESTAW SZTUĆCÓW SZTUĆCE DO STEKÓW PIZZY 12 szt. HAPPY GREEN
265081363;A06297;8591022337523;PÓŁMISEK PATELNIA ŻELIWNA GRILLOWA Z DESKĄ BANQUET GRADA
265081364;KB-7598;5908287275980;ELEKTRYCZNY PIEKARNIK FRYTOWNICA KLAUSBERG KB-7598
265081365;1494;;SUSZARKA DO NACZYŃ Z OCIEKACZEM I TACĄ 1494
265081366;1495;5906716914950;SUSZARKA DO NACZYŃ Z OCIEKACZEM I TACĄ 1495
265081367;2341;5906716923419;KOSZYK PIĘTROWY PATERA NA OWOCE LOFT 2341
265081368;E-6281;5907768762810;PODWÓJNA MASZYNKA FORMA DO LEPIENIA PIEROGÓW E-6281
265081369;KB-7597;5908287275973;STOLNICA SILIKONOWA + WAŁEK KLAUSBERG KB-7597
265081370;KH-1743;5908287217430;ZESTAW 4 DESEK KUCHENNYCH W STOJAKU KINGHOFF KH-1743
265081371;KH-1742;5908287217423;SZCZYPCE KUCHENNE 30cm KINGHOFF KH-1742
265081372;A03152;8591022191903;MENAŻKA TURYSTYCZNA KEMPINGOWA Z PRZYBORAMI BANQUET
265081373;E-8129;5907768781293;KOSZYK PIĘTROWY PATERA NA OWOCE LOFT E-8129
265081374;E-8120;5907768781200;SUSZARKA DO NACZYŃ Z OCIEKACZEM I TACĄ E-8120
265081375;E-8121;5907768781217;SUSZARKA DO NACZYŃ Z OCIEKACZEM I TACĄ E-8121
265081376;E-8111;5907768781118;KOSZYK PIĘTROWY NA OWOCE PRZYPRAWY LOFT E-8111
265081377;2735;5906716927356;STOJAK OBROTOWY NA PRZYPRAWY 16 POJEMNIKÓW 2735
265081378;2736;5906716927363;STOJAK OBROTOWY NA PRZYPRAWY 12 POJEMNIKÓW 2736
265081379;A25417;8591022584804;STOJAK ORGANIZER NA KAPSUŁKI NESPRESSO DO KAWY 40szt.
265081380;A25419;8591022584866;STOJAK ORGANIZER NA 52 KAPSUŁKI TASSIMO DO KAWY
265081381;A14544;8591022426289;SOLIDNY TASAK KUCHENNY DO MIĘSA KOŚCI WARZYW
265081382;KB-7571;5908287275713;FRYTOWNICA BEZTŁUSZCZOWA 1800W 7,7L KLAUSBERG KB-7571
265081383;KB-7596;5908287275966;FRYTOWNICA BEZTŁUSZCZOWA 1800W 7,7L KLAUSBERG KB-7596
265081384;2734;5906716927349;STOJAK OBROTOWY NA PRZYPRAWY 16 POJEMNIKÓW 2734
265081385;KB-7298;5902666612984;KLAUSBERG KAWIARKA 12 FILIŻANEK KB-7298
265081386;KH-1752;5908287217522;CHLEBAK STALOWY KINGHOFF KH-1752 BIAŁY
265081387;KB-7599;5908287275997;FRYTOWNICA BEZTŁUSZCZOWA 1400W 4,5L KLAUSBERG KB-7599
265081388;KB-7473;5908287274730;WIATRAK WENTYLATOR BIURKOWY 23cm KLAUSBERG KB-7473
265081389;KB-7474;5908287274747;WIATRAK WENTYLATOR BIURKOWY 30cm KLAUSBERG KB-7474
265081390;2702;5906716927028;CHLEBAK Z ZESTAWEM POJEMNIKÓW I NOŻEM 2702
265081391;1509;5906716915094;KUCHENNY PĘDZELEK SILIKONOWY KUCHENNY 1509
265081392;KH-1751;5908287217515;CHLEBAK STALOWY KINGHOFF KH-1751 szary
265081393;KH-1753;5908287217539;CHLEBAK STALOWY KINGHOFF KH-1753 czerwony
265081394;KH-1755;5908287217553;CHLEBAK STALOWY KINGHOFF KH-1755 zielony
265081395;KH-1756;5908287217560;CHLEBAK STALOWY KINGHOFF KH-1756 różowy
265081396;E-6159;5907768761592;ŁOPATA ŁOPATKA TACA DO PIZZY 30 cm E-6159
265081397;E-6021;5907768760212;CHLEBAK STALOWY + MASELNICZKA Z NOŻYKIEM E-6021
265081398;E-8141;5907768781415;TERMOS KUBEK 500ml Z WYŚWIETLACZEM TEMPERATURY 8141
265081399;3180;5906716931803;FORMA SILIKONOWA DO PIECZENIA 3 BAGIETEK 3180
265081404;1958;5906716919580;PATELNIA GRANITOWA DO PLACUSZKÓW Z UŚMIESZKAMI 1958
265081405;3064;5906716930646;ŁOPATA ŁOPATKA TACA DO PIZZY KWADRATOWA 3064
265081406;2977;5906716929770;FORMA SILIKONOWA DO PIECZENIA BABKI 2977
265081407;73965;5900378739654;ZESTAW 8 ELEM. GARNKÓW STALOWYCH HUSLA BLOSSOM 73965
265081408;KH-1239;5908287212398;SHAKER BARMAŃSKI DO KOKTAJLI 500ml KINGHOFF KH-1239
265081409;KH-1796;5908287217966;SUSZARKA OCIEKACZ DO NACZYŃ KINGHOFF KH-1796
265081410;KH-1797;5908287217973;SUSZARKA OCIEKACZ DO NACZYŃ KINGHOFF KH-1797
265081411;KH-1798;5908287217980;SUSZARKA OCIEKACZ DO NACZYŃ KINGHOFF KH-1798
265081412;KH-1799;5908287217997;SUSZARKA OCIEKACZ DO NACZYŃ KINGHOFF KH-1799
265081413;KB-7607;5908287276079;PATELNIA 24cm Z WKŁADEM DO JAJEK KLAUSBERG KB-7607
265081414;KB-7486;5908287274860;ZESTAW POJEMNIKÓW KUCHENNYCH KLAUSBERG KB-7486
265081415;KB-7487;5908287274877;ZESTAW POJEMNIKÓW KUCHENNYCH KLAUSBERG KB-7487
265081416;KH-3324;5908287233249;KINGHOFF CZAJNIK STALOWY Z GWIZDKIEM 2.0L KH-3324
265081417;BH-6183;5999108411472;TACA PŁYTA GRILLOWA BERLINGER HAUS BH-6183 GRANIT DIAMOND
265081418;KB-7592;5908287275928;AKACJOWY MŁYNEK DO PIEPRZU SOLI 25cm KLAUSBERG KB-7592
265081419;KB-7593;5908287275935;AKACJOWY MŁYNEK DO PIEPRZU SOLI 31,5cm KLAUSBERG KB-7593
265081420;KB-7594;5908287275942;AKACJOWY MŁYNEK DO PIEPRZU + SOLNICZKA KLAUSBERG KB-7594
265081421;KB-7602;5908287276024;ELEKTRYCZNY MŁYNEK DO KAWY KLAUSBERG KB-7602
265081422;KB-7601;5908287276017;ELEKTRYCZNY MŁYNEK DO KAWY KLAUSBERG KB-7601
265081423;KB-7603;5908287276031;ELEKTRYCZNY MŁYNEK DO KAWY KLAUSBERG KB-7603
265081424;BH-9071;5999108406645;Czajnik elektryczny 1.7l z termometrem BERLINGER HAUS BH-9071
265081425;KB-7595;5908287275959;ZESTAW MŁYNKÓW DO PIEPRZU I SOLI KLAUSBERG KB-7595
265081426;BH-7616;5999108453397;ZAPARZACZ DO HERBATY 1000ml BERLINGER HAUS BH-7616 Black Rose
265081427;142746;8592381185657;SILIKONOWY KUCHENNY PĘDZELEK TELESKOPOWY 67cm
265081428;259301;5904316460518;CHLEBAK Z DESKĄ BAMBUSOWĄ CZARNY 259301
265081429;259302;5904316460525;CHLEBAK Z DESKĄ BAMBUSOWĄ SZARY 259302
265081430;259303;5904316460532;CHLEBAK Z DESKĄ BAMBUSOWĄ KREMOWY 259303
265081432;BH-7131;5999108445903;PATELNIA DO NALEŚNIKÓW BERLINGER HAUS 28cm BH-7131 PURPLE
265081433;BH-7136;5999108445958;PATELNIA GRANITOWA DO NALEŚNIKÓW 28cm BERLINGER HAUS AQUAMARINE BH-7136
265081434;BH-7133;5999108445927;PATELNIA GRANITOWA DO NALEŚNIKÓW 28cm BERLINGER HAUS BH-7133 FOREST LINE
265081435;BH-7137;5999108445965;PATELNIA GRANITOWA DO NALEŚNIKÓW 28cm BERLINGER HAUS BH-7137 BLACK ROSE
265081436;KH-1795;5908287217959;CHLEBAK BAMBUSOWO STALOWY KINGHOFF KH-1795
265081437;KH-1806;5908287218062;PATELNIA 20cm Z WKŁADEM DO JAJEK KINGHOFF KH-1806
265081439;BH-7105;5999108446023;PATELNIA TYTANOWA GRILLOWA BERLINGER HAUS 28cm BH-7105
265081440;BH-7106;5999108446047;GARNEK I PATELNIA BERLINGER HAUS BH-7106 CARBON PRO
265081441;229080;5904316456962;PÓŁKA NA PRZYPRAWY Z WIESZAKAMI NA AKCESORIA 229080
265081442;BH-7107;5999108446054;ZESTAW PATELNI BERLINGER HAUS BH-7107 PURPLE
265081443;Coffee2Black;5902838312476;ZEGAR ŚCIENNY COFFEE TIME II BLACK
265081444;Coffe3dBlack;5902838310281;ZEGAR ŚCIENNY COFFEE TIME FILIŻANKA 3D
265081445;SatinWhite;5902838310625;ZEGAR ŚCIENNY COFFEE TIME FILIŻANKA SATIN
265081446;SteveMetal;5902838313466;ZEGAR ŚCIENNY METALOWY LOFT STEVE
265081448;Coffee2White;5902838312483;ZEGAR ŚCIENNY COFFEE TIME II WHITE
265081449;MasterchefBlack;5902838310441;ZEGAR ŚCIENNY MASTER CHEF
265081450;BH-7148;5999108450716;GARNEK GRANITOWY 30cm BERLINGER HAUS BH-7148 AQUAMARINE
265081451;BH-7150;5999108450730;GARNEK GRANITOWY 30cm BERLINGER HAUS BH-7150 FOREST LINE
265081452;BH-1436;5999056790575;FORMA DO PIECZENIA 12 MUFFINEK BERLINGER HAUS BH-1436
265081455;BH-1544;5999108457340;FORMA DO PIECZENIA 12 MUFFINEK BERLINGER HAUS BH-1544
265081456;BH-1821A;5999108443718;FORMA DO PIECZENIA 12 MUFFINEK BERLINGER HAUS BH-1821
265081457;BH-1824;5999108433467;FORMA DO PIECZENIA BABKI BERLINGER HAUS BH-1824
265081458;BH-2000;5999108448188;ZESTAW DO WINA BERLINGER HAUS BH-2000
265081459;BH-2782;5999108442742;ZESTAW NOŻY DO STEKÓW 6 szt. BERLINGER HAUS BH-2782
265081460;BH-2789;5999108442988;ZESTAW NOŻY DO STEKÓW 6 szt. BERLINGER HAUS BH-2789
265081461;BH-2840;5999108442896;ZESTAW NOŻY DO STEKÓW 6 szt. BERLINGER HAUS BH-2840
265081462;BH-2794;5999108443237;ZESTAW NOŻY BERLINGER HAUS BH-2794 W STOJAKU
265081464;BH-6800;5999108420252;FORMA DO PIECZENIA 12 MUFFINEK BERLINGER HAUS BH-6800
265081465;BH-6803;5999108420283;FORMA DO PIECZENIA BABKI BERLINGER HAUS BH-6803
265081466;BH-7101;5999108445996;ZESTAW 3 PATELNI GRANITOWYCH BERLINGER HAUS BH-7101
265081467;BH-7102;5999108446030;GARNEK I PATELNIA BERLINGER HAUS BH-7102 PURPLE
265081469;BH-7103;5999108446009;ZESTAW 3 PATELNI TYTANOWYCH BERLINGER HAUS BH-7103
265081470;BH-7104;5999108446016;ZESTAW 3 PATELNI TYTANOWYCH BERLINGER HAUS BH-7104
265081471;BH-6753;5999108448737;CHLEBAK Z ZESTAWEM POJEMNIKÓW BERLINGER HAUS BH-6753
265081472;BH-6606;5999108415166;GARNEK GRANITOWY 28cm BERLINGERHAUS BH-6606 SHINY BLACK
265081473;BH-6578;5999108414510;PATELNIA GRILLOWA BERLINGER HAUS 28cm BH-6578 PRIMAL GLOSS
265081474;BH-7102;5999108446030;GARNEK I PATELNIA BERLINGER HAUS BH-7102 PURPLE
265081476;BH-7106;5999108448515;GARNEK I PATELNIA BERLINGER HAUS BH-6074 PRIMAL GLOSS
265081477;BH-7845;5999108449574;BRYTFANNA FORMA Z RUSZTEM BERLINGER HAUS BH-7845
265081478;BH-7846;5999108449598;BRYTFANNA FORMA Z RUSZTEM BERLINGER HAUS BH-7846
265081479;BH-7849;5999108449659;BRYTFANNA FORMA Z RUSZTEM BERLINGER HAUS BH-7849
265081480;BH-7850;5999108449673;BRYTFANNA FORMA Z RUSZTEM BERLINGER HAUS BH-7850
265081482;BH-9429;5999108448324;ELEKTRONICZNA WAGA KUCHENNA BERLINGER HAUS BH-9429
265081483;KH-1769;5908287217690;FORMA DO TARTY Z WYJMOWANYM DNEM KINGHOFF KH-1769
265081484;KH-1771;5908287217713;FORMA KEKSÓWKA DO CHLEBA 26cm KINGHOFF KH-1771
265081485;KH-1772;5908287217720;FORMA KEKSÓWKA DO CHLEBA 31cm KINGHOFF KH-1772
265081486;KH-1773;5908287217737;FORMA KEKSÓWKA DO CHLEBA 35,5cm KINGHOFF KH-1773
265081487;KH-4831;5908287248311;KINGHOFF ZAPARZACZ DO KAWY/HERBATY Z DOCISKIEM 600ml KH-4831
265081490;KH-1774;5908287217744;BLACHA FORMA DO CIASTA 24x24 cm KINGHOFF KH-1774
265081491;KH-1775;5908287217751;BLACHA FORMA DO CIASTA 23x27 cm KINGHOFF KH-1775
265081492;KH-1777;5908287217775;BLACHA FORMA DO CIASTA 24x39,5 cm KINGHOFF KH-1777
265081493;KH-1781;5908287217812;FORMA TORTOWNICA MARMURKOWA 18cm KINGHOFF KH-1781
265081494;KH-1782;5908287217829;FORMA TORTOWNICA MARMURKOWA 24cm KINGHOFF KH-1782
265081495;KH-1745;5908287217454;WKŁAD BAMBUSOWY DO SZUFLADY KINGHOFF KH-1745 czarny
265081497;KH-1746;5908287217461;WKŁAD BAMBUSOWY DO SZUFLADY KINGHOFF KH-1746 biały
265081498;KH-1748;5908287217485;WKŁAD BAMBUSOWY DO SZUFLADY KINGHOFF KH-1748 biały
265081499;KH-1749;5908287217492;STOJAK UCHWYT NA PAPIER TOALETOWY KINGHOFF KH-1749
265081501;KH-1750;5908287217508;STOJAK UCHWYT NA PAPIER TOALETOWY KINGHOFF KH-1750
265081502;KH-1778;5908287217782;TORTOWNICA 24cm Z WKŁADEM DO BABKI KINGHOFF KH-1778
265081503;KH-1779;5908287217799;TORTOWNICA 26cm Z WKŁADEM DO BABKI KINGHOFF KH-1779
265081505;KH-1780;5908287217805;TORTOWNICA 28cm Z WKŁADEM DO BABKI KINGHOFF KH-1780
265081506;KH-1783;5908287217836;FORMA TORTOWNICA MARMURKOWA 26cm KINGHOFF KH-1783
265081508;KH-1784;5908287217843;FORMA TORTOWNICA MARMURKOWA 28cm KINGHOFF KH-1784
265081509;KH-1785;5908287217850;FORMA DO CHLEBA KEKSÓWKA KINGHOFF KH-1785 ROZPINANA
265081510;KH-1786;5908287217867;FORMA DO CIASTA 39x27cm KINGHOFF KH-1786 ROZPINANA
265081511;KH-1791;5908287217911;FORMA DO CIASTA 27x27cm KINGHOFF KH-1791 ROZPINANA
265081512;KH-1787;5908287217874;TORTOWNICA DO TORTÓW PIĘTROWYCH 8cm KINGHOFF KH-1787
265081513;KH-1788;5908287217881;TORTOWNICA DO TORTÓW PIĘTROWYCH 12cm KINGHOFF KH-1788
265081514;KH-1789;5908287217898;TORTOWNICA DO TORTÓW PIĘTROWYCH 14cm KINGHOFF KH-1789
265081517;KH-1790;5908287217904;TORTOWNICA DO TORTÓW PIĘTROWYCH 16cm KINGHOFF KH-1790
265081518;KB-7611;5908287276116;TERMOS DZBANEK PRÓŻNIOWY 2L KLAUSBERG KB-7611
265081519;KB-7610;5908287276109;MŁYNKI ELEKTRYCZNE DO PIEPRZU I SOLI KLAUSBERG KB-7610
265081520;KH-1767;5908287217676;12 ELEMENTOWY ZESTAW GARNKÓW KINGHOFF KH-1767
265081529;KH-1761;5908287217614;ZESTAW GARNKÓW 6 ELEMENTÓW KINGHOFF KH-1761
265081530;KH-1762;5908287217621;ZESTAW GARNKÓW 6 ELEMENTÓW KINGHOFF KH-1762
265081531;KH-1763;5908287217638;ZESTAW GARNKÓW 8 ELEMENTÓW KINGHOFF KH-1763
265081533;KH-1764;5908287217645;ZESTAW GARNKÓW 10 ELEMENTÓW KINGHOFF KH-1764
265081534;KH-1765;5908287217652;ZESTAW GARNKÓW 12 ELEMENTÓW KINGHOFF KH-1765
265081535;KH-1766;5908287217669;ZESTAW GARNKÓW 12 ELEMENTÓW KINGHOFF KH-1766
265081537;KB-7048;5902666610485;CZAJNIK 2,7L ZMIENIAJĄCY KOLOR KINGHOFF KB-7048
265081538;KH-1807;5908287218079;PODGRZEWACZ ŻELIWNY DO ZAPARZACZY KINGHOFF KH-1807
265081539;KB-7641;5908287276413;ŁOPATA WIOSŁO DO PIZZY SKŁADANA KLUSBERG KB-7641
265081543;KH-1801;5908287218017;DRYLOWNICA WYKRAWACZ DO JABŁEK KINGHOFF KH-1801
265081544;KH-1803;5908287218031;DRYLOWNICA WYKRAWACZ DO JABŁEK KINGHOFF KH-1803
265081546;KH-1804;5908287218048;STOJAK DO TORTILLI WRAPÓW HOT DOGÓW KINGHOFF KH-1804
265081547;E-8110;5907768781101;REGULOWANA TORTOWNICA RANT OBRĘCZ 20cm DO TORTÓW E-8110
265081548;BH-7838;5999108447624;FORMA DO PIECZENIA Z POKRYWĄ BERLINGER HAUS BH-7838
265081549;BH-7840;5999108447662;FORMA DO PIECZENIA Z POKRYWĄ BERLINGER HAUS BH-7840
265081550;BH-7841;5999108447686;FORMA DO PIECZENIA Z POKRYWĄ BERLINGER HAUS BH-7841
265081552;BH-7842;5999108447709;FORMA DO PIECZENIA Z POKRYWĄ BERLINGER HAUS BH-7842
265081553;BH-7843;5999108447723;FORMA DO PIECZENIA Z POKRYWĄ BERLINGER HAUS BH-7843
265081555;KH-4309;590828743095;ZESTAW GARNKÓW 6-EL. KINGHOFF KH-4309
265081556;KH-4311;5908287243118;ZESTAW GARNKÓW 6-EL. KINGHOFF KH-4311
265081557;BH-7814;5999108443824;SPORTOWA BUTELKA 540ml BERLINGER HAUS BH-7814
265081558;BH-7815;5999108443855;SPORTOWA BUTELKA 720ml BERLINGER HAUS BH-7815
265081559;BH-7816;5999108443886;TERMOS BUTELKA TERMICZNA 500ml BERLINGER HAUS BH-7816
265081561;BH-7818;5999108443947;TERMOS STALOWY 0,5L BERLINGER HAUS BH-7818
265081563;BH-7819;5999108443978;TERMOS STALOWY 0,75L BERLINGER HAUS BH-7819
265081564;BH-7820;5999108444005;TERMOS STALOWY 1L BERLINGER HAUS BH-7820
265081565;BH-7833;5999108447525;TERMOS STALOWY 0,5L BERLINGER HAUS BH-7833
265081566;BH-6006;5999056797772;PATELNIA WOK FLIP 26cm BERLINGER HAUS BH-6006
265081568;BH-6052;5999056798236;PATELNIA WOK FLIP 26cm BERLINGER HAUS BH-6052
265081569;BH-6120;5999108406065;PATELNIA WOK FLIP 26cm BERLINGER HAUS BH-6120
265081571;BH-6108;5999108402067;PATELNIA GRILLOWA GRANITOWA BERLINGER HAUS 28cm BH-6108
265081572;BH-6521;5999108451317;GARNEK ŻELIWNY 20cm 2,7L BERLINGER HAUS BH-6521
265081573;BH-6522;5999108451331;GARNEK ŻELIWNY 24cm 4,35L BERLINGER HAUS BH-6522
265081574;BH-6524;5999108451379;BRYTFANNA ŻELIWNA 3L BERLINGER HAUS BH-6524
265081575;BH-7114;5999108435270;WOK GRANITOWY 30cm BERLINGER HAUS BH-7114
265081578;BH-7115;5999108435294;WOK GRANITOWY 30cm BERLINGER HAUS BH-7115
265081579;BH-7649;5999108446924;FORMA DO PIECZENIA 40x25cm BERLINGER HAUS BH-7649
265081580;BH-7741;5999108457265;GARNEK I PATELNIA BERLINGER HAUS BH-7741 BLACK ROSE
265081581;BH-7762;5999108436321;SPORTOWA BUTELKA 720ml BERLINGER HAUS BH-7762
265081583;BH-7761;5999108436314;SPORTOWA BUTELKA 720ml BERLINGER HAUS BH-7761
265081584;BH-7763;5999108436338;SPORTOWA BUTELKA 720ml BERLINGER HAUS BH-7763
265081586;BH-7764;5999108436345;SPORTOWA BUTELKA 720ml BERLINGER HAUS BH-7764
265081587;BH-7765;5999108436352;SPORTOWA BUTELKA 720ml BERLINGER HAUS BH-7765
265081589;BH-7767;5999108436376;SPORTOWA BUTELKA 720ml BERLINGER HAUS BH-7767
265081590;BH-7769;5999108436390;SPORTOWA BUTELKA 720ml BERLINGER HAUS BH-7769
265081591;BH-7770;5999108436406;SPORTOWA BUTELKA 720ml BERLINGER HAUS BH-7770
265081593;BH-7218;5999108447464;TERMOS STALOWY 0,75L BERLINGER HAUS BH-7218
265081594;BH-7602;5999108428777;TERMOS STALOWY 0,75L BERLINGER HAUS BH-7602
265081595;BH-7601;5999108428760;TERMOS STALOWY 0,5L BERLINGER HAUS BH-7601
265081597;BH-7605;5999108428807;TERMOS STALOWY 1L BERLINGER HAUS BH-7605
265081598;KH-1792;5908287217928;TORTOWNICA RANT OBRĘCZ DO TORTÓW 12cm KINGHOFF KH-1792
265081600;KH-1793;5908287217935;TORTOWNICA RANT OBRĘCZ DO TORTÓW 15cm KINGHOFF KH-1793
265081602;KH-1794;5908287217942;TORTOWNICA RANT OBRĘCZ DO TORTÓW 20cm KINGHOFF KH-1794
265081603;KK-1740;5908287217409;PRASKA DO FORMOWANIA BURGERÓW KINGHOFF KH-1740
265081605;E-6022;5907768760229;CHLEBAK STALOWY + MASELNICZKA Z NOŻYKIEM E-6022
265081606;2656;5906716926564;ŻELIWNA PATELNIA GRILLOWA 26cm 2656
265081607;BH-2726;5999108450150;SZTUĆCE 4 ELEM. BERLINGER HAUS BH-2726 BLACK SILVER
265081608;BH-2728;5999108450198;SZTUĆCE 4 ELEM. BERLINGER HAUS BH-2728 CHAMPAGNE
265081610;BH-9336;5999108433993;CZAJNIK ELEKTRYCZNY 1.8l BERLINGER HAUS BH-9336
265081612;KH-1835;5908287218352;CZAJNIK Z GWIZDKIEM 3L KINGHOFF KH-1835
265081613;154001;8592381161224;PODAJNIK DYSPENSER DO FOLII I RĘCZNIKÓW KUCHENNYCH ORION
265081614;BH-9139;5999108419089;Grill elektryczny opiekacz BERLINGER HAUS BH-9139
265081615;BH-9453;5999108451690;GRILL TOSTER GOFROWNICA 3w1 BERLINGER HAUS BH-9453
265081616;BH-9362;5999108440380;ELEKTRONICZNA WAGA KUCHENNA BERLINGER HAUS BH-9362
265081618;BH-9382;5999056792548;BLENDER RĘCZNY BERLINGER HAUS BH-9382
265081619;10020610;5903456013967;FOREMKA DO LEPIENIA PIEROGÓW 9cm PIEROGOWNICA
265081620;KH-1812;5908287218123;SZCZOTKA DO WC Z POJEMNIKIEM KINGHOFF KH-1812
265081622;126715;8592381174323;PORCELANOWA CUKIERNICA CUKIERNICZKA Z ŁYŻECZKĄ ORION 126715
265081623;3294;5906716932947;MASZYNKA DO ROBIENIA SUSHI ROLLER BAZOOKA 3294
265081624;1977;5906716919771;PATELNIA GRANITOWA DO PLACUSZKÓW ZWIERZĄTKA 1977
265081625;KB-7648;5908287276482;SHAKER BARMAŃSKI DO KOKTAJLI 750ml KLAUSBERG KB-7648
265081627;KB-7649;5908287276499;SHAKER BARMAŃSKI DO KOKTAJLI 750ml KLAUSBERG KB-7649
265081629;KB-7650;5908287276505;SHAKER BARMAŃSKI DO KOKTAJLI 750ml KLAUSBERG KB-7650
265081630;KB-7652;5908287276529;SHAKER BOSTOŃSKI DO KOKTAJLI KLAUSBERG KB-7652 700ml + 600ml
265081631;KB-7656;5908287276567;WIADERKO DO LODU 1,3L + SZCZYPCE KLAUSBERG KB-7656
265081632;KB-7653;5908287276536;ZESTAW PRZYBORÓW BARMAŃSKICH KLAUSBERG KB-7653
265081633;KB-7654;5908287276543;ZESTAW PRZYBORÓW BARMAŃSKICH KLAUSBERG KB-7654
265081635;KB-7655;5908287276550;ZESTAW PRZYBORÓW BARMAŃSKICH KLAUSBERG KB-7655
265081636;KB-7617;5908287276178;TERMICZNY KUBEK 380ml CLICK CLACK KLAUSBERG KB-7617
265081637;93706;5902340937068;5 elementowy zestaw przyborów kuchennych Kassel 93706
265081639;KH-1815;5908287218154;WYCISKACZ PRASKA DO CZOSNKU KINGHOFF KH-1815
265081640;KB-7618;5908287276185;TERMICZNY KUBEK 380ml CLICK CLACK KLAUSBERG KB-7618
265081641;KB-7619;5908287276192;TERMICZNY KUBEK 380ml CLICK CLACK KLAUSBERG KB-7619
265081642;KB-7620;5908287276208;TERMICZNY KUBEK 380ml CLICK CLACK KLAUSBERG KB-7620
265081644;KB-7621;5908287276215;KUBEK TERMICZNY 280ml KLAUSBERG KB-7621
265081645;KB-7622;5908287276222;KUBEK TERMICZNY 280ml KLAUSBERG KB-7622
265081646;KB-7623;5908287276239;KUBEK TERMICZNY 280ml KLAUSBERG KB-7623
265081648;KB-7624;5908287276246;KUBEK TERMICZNY 280ml KLAUSBERG KB-7624
265081649;KB-7625;5908287276253;KUBEK TERMICZNY 320ml KLAUSBERG KB-7625
265081650;KB-7626;5908287276260;KUBEK TERMICZNY 320ml KLAUSBERG KB-7626
265081652;KB-7627;5908287276277;KUBEK TERMICZNY 320ml KLAUSBERG KB-7627
265081653;KB-7628;5908287276284;KUBEK TERMICZNY 320ml KLAUSBERG KB-7628
265081654;KB-7629;5908287276291;TERMICZNY KUBEK 300ml CLICK CLACK KLAUSBERG KB-7629
265081655;KB-7630;5908287276307;TERMICZNY KUBEK 300ml CLICK CLACK KLAUSBERG KB-7630
265081656;KB-7631;5908287276314;TERMICZNY KUBEK 300ml CLICK CLACK KLAUSBERG KB-7631
265081658;KB-7632;5908287276321;TERMICZNY KUBEK 300ml CLICK CLACK KLAUSBERG KB-7632
265081660;KB-7633;5908287276338;TERMICZNY KUBEK 400ml CLICK CLACK KLAUSBERG KB-7633
265081661;KB-7634;5908287276345;TERMICZNY KUBEK 400ml CLICK CLACK KLAUSBERG KB-7634
265081662;KB-7635;5908287276352;TERMICZNY KUBEK 400ml CLICK CLACK KLAUSBERG KB-7635
265081663;KB-7636;5908287276369;TERMICZNY KUBEK 400ml CLICK CLACK KLAUSBERG KB-7636
265081669;KB-7637;5908287276376;TERMOS BUTELKA TERMICZNA 720ml KLAUSBERG KB-7637
265081671;KB-7638;5908287276383;TERMOS BUTELKA TERMICZNA 720ml KLAUSBERG KB-7638
265081672;KB-7639;5908287276390;TERMOS BUTELKA TERMICZNA 720ml KLAUSBERG KB-7639
265081673;KB-7640;5908287276406;TERMOS BUTELKA TERMICZNA 720ml KLAUSBERG KB-7640
265081675;KB-7645;5908287276451;SHAKER DO CUKRU CYNAMONU KAKAO KLAUSBERG KB-7645
265081676;KB-7646;5908287276468;ELEKTRYCZNY GRAWITACYJNY MŁYNEK AKUMULATOROWY KLAUSBERG KB-7646
265081678;KH-1814;5908287218147;MŁYNEK DO PIEPRZU SOLI KINGHOFF KH-1814 DUET
265081679;KH-1833;5908287218338;STALOWY NÓŻ DO MASŁA KINGHOFF KH-1833
265081680;KB-7647;5908287276475;SZKLANY SHAKER BARMAŃSKI 400ml Z PRZEPISAMI KLAUSBERG KB-7647
265081681;KH-1818;5908287218185;ZAPARZACZ ŻELIWNY 900ml Z FILTREM KINGHOFF KH-1818
265081683;KH-1817;5908287218178;ZAPARZACZ ŻELIWNY DZBANEK 300ml Z FILTREM KINGHOFF KH-1817
265081684;KH-1809;5908287218093;GAŁKOWNICA ŁYŻKA DO NABIERANIA LODÓW 5cm KINGHOFF KH-1809
265081685;KH-1808;5908287218086;GAŁKOWNICA ŁYŻKA DO NABIERANIA LODÓW 5cm KINGHOFF KH-1808
265081686;3291;5906716932916;MASZYNKA DO LEPIENIA PIEROGÓW 7,5cm PIEROGOWNICA 3291
265081687;BH-8503;5999108464782;PATELNIA 20cm BERLINGER HAUS BH-8503 ETERNAL
265081689;BH-8504;5999108464805;PATELNIA 24cm BERLINGER HAUS BH-8504 ETERNAL
265081690;BH-9045;5999108401077;BLENDER RĘCZNY BERLINGER HAUS BH-9045 MOONLIGHT
265081691;BH-1948;5999056795686;PATELNIA GRANITOWA 24cm BERLINGER HAUS BH-1948 ROSE GOLD
265081692;BH-6729;5999056790827;CHLEBAK Z ZESTAWEM POJEMNIKÓW BERLINGER HAUS BH-6729 BURGUNDY
265081693;BH-6730;5999056790841;CHLEBAK Z ZESTAWEM POJEMNIKÓW BERLINGER HAUS BH-6730 ROSE GOLD
265081694;BH-1956;5999056795761;PATELNIA GRILLOWA 28cm BERLINGER HAUS BH-1956 GRANIT DIAMOND
265081696;BH-6727;5999108439872;ZESTAW POJEMNIKÓW KUCHENNYCH BERLINGER HAUS BH-6727
265081697;BH-6732;5999108456114;CHLEBAK Z ZESTAWEM POJEMNIKÓW BERLINGER HAUS BH-6732 CARBON PRO
265081698;BH-6755;5999108448799;CHLEBAK Z ZESTAWEM POJEMNIKÓW BERLINGER HAUS BH-6755 MOONLIGHT
265081699;BH-6322;5999108451393;ZESTAW PRZYBORÓW KUCHENNYCH BERLINGER HAUS BH-6322
265081700;BH-6390;5999108403989;KAWIARKA ZAPARZACZ DO KAWY 300ml BERLINGER HAUS BH-6390
265081701;BH-6389;5999108403972;KAWIARKA ZAPARZACZ DO KAWY 150ml BERLINGER HAUS BH-6389
265081703;BH-6070;5999108447013;GARNEK I PATELNIA BERLINGER HAUS BH-6070 MOONLIGHT
265081704;BH-6082;5999056799233;PATELNIA GRANITOWA 28cm BERLINGER HAUS BH-6082 MOONLIGHT
265081705;BH-2575;5999108429163;ZESTAW 5 NOŻY KUCHENNYCH Z DESKĄ BERLINGER HAUS BH-2575
265081706;BH-2596;5999108435485;ZESTAW 6 NOŻY KUCHENNYCH BERLINGER HAUS BH-2596
265081707;BH-2697;5999108435775;ZESTAW 5 NOŻY KUCHENNYCH BERLINGER HAUS BH-2697 Z LISTWĄ
265081708;BH-2982;5999108449949;SŁOMKI METALOWE DO NAPOJÓW BERLINGER HAUS BH-2982 ROSE GOLD
265081709;BH-2984;5999108450006;SŁOMKI METALOWE DO NAPOJÓW BERLINGER HAUS BH-2984
265081710;BH-3033;5999108459207;TARKA SZATKOWNICA CERAMICZNA BERLINGER HAUS BH-3033
265081711;KB-7674;5908287276741;ZESTAW 7 ELEM. GARNKÓW MARMURKOWYCH KLAUSBERG KB-7674
265081712;KB-7672;5908287276727;GARNEK MARMURKOWY KLAUSBERG 28cm 5,7L KB-7672
265081713;KB-7671;5908287276710;GARNEK MARMURKOWY KLAUSBERG 24cm 3,7L KB-7671
265081715;KB-7670;5908287276703;GARNEK MARMURKOWY KLAUSBERG 20cm 2,3L KB-7670
265081716;KB-7661;5908287276611;PATELNIA GRILLOWA MARMURKOWA KLAUSBERG 24cm KB-7661
265081717;KB-7666;5908287276666;PATELNIA MARMURKOWA Z POKRYWĄ KLAUSBERG 24cm KB-7666
265081718;KB-7665;5908287276659;PATELNIA MARMURKOWA KLAUSBERG 28cm KB-7665
265081719;KB-7664;5908287276642;PATELNIA MARMURKOWA KLAUSBERG 24cm KB-7664
265081720;KB-7663;5908287276635;PATELNIA MARMURKOWA KLAUSBERG 20cm KB-7663
265081721;KB-7662;5908287276628;PATELNIA GRILLOWA MARMURKOWA KLAUSBERG 28cm KB-7662
265081722;KH-1813;5908287218130;STALOWY MINI KOSZ NA ŚMIECI ODPADKI KINGHOFF KH-1813 NA STÓŁ
265081723;3233;5906716932336;ZESTAW 4 DESEK KUCHENNYCH BAMBUSOWYCH W STOJAKU 3233
265081724;3140;5906716931407;WYKRAWACZE DO CIASTECZEK PIERNICZNKÓW ŚWIĄTECZNYCH 3D 3140
265081726;3029;5906716930295;SILIKONOWA FORMA DO ŚWIĄTECZNYCH CIASTEK PIERNICZKÓW 3029
265081727;3033;5906716930332;SILIKONOWA FORMA DO ŚWIĄTECZNYCH CIASTEK PIERNICZKÓW 3033
265081728;KB-7697;5908287276970;ZESTAW GARNKÓW 10 ELEMENTÓW KLAUSBERG KB-7697
265081729;KB-7698;5908287276987;ZESTAW GARNKÓW 12 ELEMENTÓW KLAUSBERG KB-7698
265081730;KB-7699;5908287276994;ZESTAW GARNKÓW 8 ELEMENTÓW KLAUSBERG KB-7699
265081731;KB-7700;5908287277007;ZESTAW GARNKÓW 12 ELEMENTÓW KLAUSBERG KB-7700
265081733;KB-7702;5908287277021;ZESTAW GARNKÓW 12 ELEMENTÓW KLAUSBERG KB-7702
265081734;KB-7696;5908287276963;ZESTAW GARNKÓW 10 ELEMENTÓW KLAUSBERG KB-7696
265081735;KB-7676;5908287276765;ZAPARZACZ TŁOKOWY DO KAWY/HERBATY Z 350ml KLAUSBERG KB-7676
265081736;KB-7678;5908287276789;ZAPARZACZ TŁOKOWY DO KAWY/HERBATY 800ml KLAUSBERG KB-7678
265081737;KB-7679;5908287276796;ZAPARZACZ TŁOKOWY DO KAWY/HERBATY 350ml KLAUSBERG KB-7679
265081738;KB-7680;5908287276802;ZAPARZACZ TŁOKOWY DO KAWY/HERBATY 600ml KLAUSBERG KB-7680
265081742;KB-7682;5908287276826;ZAPARZACZ TŁOKOWY DO KAWY/HERBATY TERMICZNY 350ml KLAUSBERG KB-7682
265081748;KB-7683;5908287276833;ZAPARZACZ TŁOKOWY DO KAWY/HERBATY TERMICZNY 600ml KLAUSBERG KB-7683
265081749;KB-7684;5908287276840;ZAPARZACZ TŁOKOWY DO KAWY/HERBATY TERMICZNY 350ml KLAUSBERG KB-7684
265081750;KB-7685;5908287276857;ZAPARZACZ TŁOKOWY DO KAWY/HERBATY TERMICZNY 600ml KLAUSBERG KB-7685
265081753;E-6123;5907768761233;ZESTAW 3 KUCHENNYCH NOŻY MARMURKOWYCH Z OBIERACZKĄ E-6123
265081754;E-6288;5907768762889;ZESTAW 12 PRZYBORÓW KUCHENNYCH W STOJAKU E-6288
265081755;E-6289;5907768762896;ZESTAW 12 PRZYBORÓW KUCHENNYCH W STOJAKU E-6289
265081756;KB-7686;5908287276864;DZBANEK SZKLANY DO WODY NAPOJÓW 1L KLAUSBERG KB-7686
265081757;KB-7687;5908287276871;DZBANEK SZKLANY DO WODY NAPOJÓW 1,5L KLAUSBERG KB-7687
265081758;A26014;8591022597156;MINI RONDELEK 14cm Z POKRYWĄ BANQUET PICCOLO BELLY 950ml
265081759;A26015;8591022597149;MINI GARNEK 14cm Z POKRYWĄ BANQUET PICCOLO BELLY 1,2L
265081760;KB-7613;5908287276130;ZESTAW 5 KUCHENNYCH NOŻY MARMURKOWYCH Z OBIERACZKĄ KLAUSBERG KB-7613
265081762;KB-7614;5908287276147;ZESTAW 5 KUCHENNYCH NOŻY W BLOKU KLAUSBERG KB-7614
265081763;KB-7616;5908287276161;ZESTAW 5 KUCHENNYCH NOŻY W STOJAKU KLAUSBERG KB-7616
265081764;KB-7615;5908287276154;ZESTAW 5 KUCHENNYCH NOŻY W STOJAKU KLAUSBERG KB-7615
265081765;BH-7751;5999108436215;SPORTOWA BUTELKA 540ml BERLINGER HAUS BH-7751
265081766;BH-7753;5999108436239;SPORTOWA BUTELKA 540ml BERLINGER HAUS BH-7753
265081767;BH-9294;5999108431746;SOKOWIRÓWKA BERLINGER HAUS BH-9294 PURPLE ECLIPSE
265081768;BH-9472;5999108464065;CZAJNIK ELEKTRYCZNY 1.8l BERLINGER HAUS BH-9472 BLACK ROSE
265081769;BH-6136;5999108409707;GARNEK DO MLEKA BERLINGER HAUS 1,2L BH-6136
265081770;BH-7754;5999108436246;SPORTOWA BUTELKA 540ml BERLINGER HAUS BH-7754
265081771;BH-7755;5999108436253;SPORTOWA BUTELKA 540ml BERLINGER HAUS BH-7755
265081772;BH-7757;5999108436277;SPORTOWA BUTELKA 540ml BERLINGER HAUS BH-7757
265081773;BH-7758;5999108436284;SPORTOWA BUTELKA 540ml BERLINGER HAUS BH-7758
265081774;A26012;8591022597132;MINI RONDELEK 14cm Z POKRYWĄ BANQUET PICCOLO 750ml
265081775;E-8146;5907768781460;FORMA WYKRAWACZ DO PIEROGÓW USZEK PIELMIENI E-8146
265081776;2880;5906716928803;FORMA WYKRAWACZ DO PIEROGÓW USZEK PIELMIENI 2880
265081777;3251;5906716932510;FORMA WYKRAWACZ DO PIEROGÓW TRADYCYJNYCH 3251
265081778;2563;5906716925635;DESKA DREWNIANA Z KLOSZEM DO PODAWANIA SERÓW WĘDLIN 2563
265081779;126714;8592381174316;PORCELANOWA CUKIERNICA CUKIERNICZKA Z ŁYŻECZKĄ ORION 126714
265081780;122617;5907610288604;POJEMNIK ORGANIZER NA WĘDLINY SERY 3 POZIOMY 122617
265081781;122602;5907610289366;POJEMNIK ORGANIZER NA WĘDLINY SERY 2 POZIOMY 122602
265081782;10-224-011;5205746141597;DZBANEK ZAPARZACZ Z SITKIEM 1,1L DO HERBATY ZIÓŁ NAVA
265081783;530814;8719987233722;PÓŁKA KUCHENNA NA PRZYPRAWY AKCESORIA 530814
265081784;KH-4836;5908287248366;ZAPARZACZ TŁOKOWY DO KAWY/HERBATY 350ml KINGHOFF KH-4836
265081785;KH-4837;5908287248373;ZAPARZACZ TŁOKOWY DO KAWY/HERBATY 600ml KINGHOFF KH-4837
265081787;KH-4838;5908287248380;ZAPARZACZ TŁOKOWY DO KAWY/HERBATY 800ml KINGHOFF KH-4838
265081788;259399;8720573479783;ZESTAW DO SERWOWANIA SUSHI dla 2 osób 259399
265081789;259234-OW;5904316455866;KOKILKI MISECZKI PORCELANOWE DO ZAPIEKANIA 3 szt. OWALNE
265081790;259231;8720573197984;KOKILKI MISECZKI PORCELANOWE DO ZAPIEKANIA 9cm 2 szt. 259231
265081792;833140;8720573224918;PALNIK KUCHENNY GAZOWY DO CREME BRULEE 833140
265081793;153663;8592381162054;MLECZNIK DZBANEK STALOWY DO SPIENIANIA MLEKA 150ml
265081794;110528;8595116766145;PATELNIA DO JAJEK SADZONYCH PLACUSZKÓW 25cm 110528
265081795;KB-7703;5908287277038;ZAPARZACZ TŁOKOWY DO KAWY/HERBATY 1000ml KLAUSBERG KB-7703
265081797;KB-7704;5908287277045;ZAPARZACZ TŁOKOWY DO KAWY/HERBATY 1000ml KLAUSBERG KB-7704
265081798;KH-3761;5908287237612;CZAJNIK ZAPARZACZ Z SITKIEM KINGHOFF 1L KH-3761
265081799;KB-7688;5908287276888;PATELNIA MARMURKOWA KLAUSBERG 20cm KB-7688
265081800;KB-7689;5908287276895;PATELNIA MARMURKOWA KLAUSBERG 24cm KB-7689
265081801;KB-7690;5908287276901;PATELNIA MARMURKOWA KLAUSBERG 28cm KB-7690
265081802;KB-7691;5908287276918;PATELNIA MARMURKOWA Z POKRYWĄ KLAUSBERG 24cm KB-7691
265081803;KB-7692;5908287276925;PATELNIA MARMURKOWA Z POKRYWĄ KLAUSBERG 28cm KB-7692
265081804;KH-1836;5908287218369;ELEKTRONICZNA WAGA KUCHENNA KINGHOFF KH-1836
265081805;KH-1829;5908287218291;ELEKTRONICZNA WAGA KUCHENNA Z DZBANKIEM KINGHOFF KH-1829
265081806;KH-1828;5908287218284;ELEKTRONICZNA WAGA KUCHENNA Z MISĄ 2L KINGHOFF KH-1828
265081807;KH-1826;5908287218260;ELEKTRONICZNA WAGA KUCHENNA Z MISĄ KINGHOFF KH-1826
265081808;KH-1822;5908287218222;ELEKTRONICZNA WAGA KUCHENNA KINGHOFF KH-1822 NA RELING
265081809;KH-1821;5908287218215;ELEKTRONICZNA WAGA KUCHENNA KINGHOFF KH-1821
265081810;2660;5906716926601;PATELNIA ŻELIWNA 28cm DO NALEŚNIKÓW PIZZY 2660
265081811;2334;5906716923341;SUSZARKA DO NACZYŃ Z OCIEKACZEM I TACĄ 2334
265081812;2617;5906716926175;STOJAK OBROTOWY NA KAPSUŁKI DOLCE GUSTO 28szt. 2617
265081813;3009;5906716930097;FOREMKA DO LEPIENIA PIEROGÓW 12cm 3009
265081814;KH-1823;5908287218239;ELEKTRONICZNA WAGA KUCHENNA KINGHOFF KH-1823
265081815;KH-1824;5908287218246;ELEKTRONICZNA WAGA KUCHENNA KINGHOFF KH-1824
265081816;KH-1825;5908287218253;ELEKTRONICZNA WAGA KUCHENNA BABUSOWA KINGHOFF KH-1825
265081817;KH-1827;5908287218277;ELEKTRONICZNA WAGA ŁAZIENKOWA do 180 kg KINGHOFF KH-1827
265081818;KH-1819;5908287218192;ELEKTRONICZNY MINUTNIK KUCHENNY MAGNETYCZNY KINGHOFF KH-1819
265081819;KH-1820;5908287218208;ELEKTRONICZNA WAGA BAGAŻOWA 1-50kg KINGHOFF KH-1820
265081820;229059;5904316422929;PÓŁKA STOJAK NA WINO 6 BUTELEK 229059
265081821;960369;8592381162818;FARTUCH FARTUSZEK KUCHENNY BAWEŁNIANY OCHRONNY 960369
265081822;960862;8592381179809;FARTUCH FARTUSZEK KUCHENNY BAWEŁNIANY OCHRONNY 960862
265081823;960377;8592381167899;FARTUCH FARTUSZEK KUCHENNY BAWEŁNIANY OCHRONNY 960377
265081824;E-6057;5907768760571;ZESTAW 3 POJEMNIKÓW KUCHENNYCH I MASELNICZKA E-6057
265081825;E-6055;5907768760557;ZESTAW 4 POJEMNIKÓW KUCHENNYCH I MASELNICZKA E-6055
265081826;E-6056;5907768760564;ZESTAW 4 POJEMNIKÓW KUCHENNYCH I MASELNICZKA E-6056
265081827;E-6058;5907768760588;ZESTAW 3 POJEMNIKÓW KUCHENNYCH I MASELNICZKA E-6058
265081828;KB-7642;5908287276420;CZAJNIK STALOWY Z GWIZDKIEM 3L KLAUSBERG KB-7642
265081829;KB-7643;5908287276437;CZAJNIK STALOWY Z GWIZDKIEM 3L KLAUSBERG KB-7643
265081830;KB-7644;5908287276444;CZAJNIK STALOWY Z GWIZDKIEM 3L KLAUSBERG KB-7644
265081831;139317;5904316457006;SERWETNIK METALOWY STOJAK NA SERWETKI CZARNY LOFT 139317
265081832;139379;8720573682312;SERWETNIK POJEMNIK NA SERWETKI Z DOCISKIEM BISTRO 139379
265081833;KH-1838;5908287218383;SUSZARKA OCIEKACZ DO NACZYŃ KINGHOFF KH-1838
265081834;259234-OK;5904316455859;KOKILKI MISECZKI PORCELANOWE DO ZAPIEKANIA 3 szt. OKRĄGŁE
265081835;E-6059;5907768760595;CHLEBAK POJEMNIK NA PIECZYWO I MASELNICZKA E-6059
265081836;E-6060;5907768760601;CHLEBAK NA PIECZYWO Z ZESTAWEM POJEMNIKÓW E-6060
265081837;199011;5904316465131;ZESTAW 3 PATELNI GRANITOWYCH BLACK&WOOD 20/24/28 cm 199011
265081838;1091;5906716910914;STALOWY DURSZLAK CEDZAK KUCHENNY 19,5cm 1091
265081839;KH-1837;5908287218376;RĘKAWICA OCHRONNA TEKSTYLNA KUCHENNA KINGHOFF KH-1837
265081840;229096;5904316465254;KOSZYK PIĘTROWY NA OWOCE PRZYPRAWY LOFT 229096
265081841;569734;5904316465162;NAROŻNA PÓŁKA ŁAZIENKOWA DO KABINY PRYSZNICOWEJ 569734
265081842;569733;5904316465155;PÓŁKA ŁAZIENKOWA DO KABINY PRYSZNICOWEJ PRZYKLEJANA 569733
265081843;229100;5904316465292;PÓŁKA STOJAK NA WINO 6 BUTELEK 229100
265081844;569703;5904316463151;ZESTAW DYWANIKÓW ŁAZIENKOWYCH GRANATOWY 569703
265081845;730510-A;5904316405311;POJEMNIK NA WARZYWA CEBULĘ ZIEMNIAKI 13L 730510-A
265081846;730510-S;5904316405373;POJEMNIK NA WARZYWA CEBULĘ ZIEMNIAKI 13L 730510-S
265081847;229047-C;5904316405403;ORGANIZER POJEMNIK NA PRZYPRAWY W TOREBKACH CZARNY 229047-C
265081848;229047-S;5904316405410;ORGANIZER POJEMNIK NA PRZYPRAWY W TOREBKACH SZARY 229047-S
265081850;870123;8719202215472;ZESTAW DO SERWOWANIA SUSHI 870123
265081851;124818;8592381174286;TERMOS KUBEK TERMICZNY BIDON PUSZKA 700ml LOUKA 124818
265081852;125875;8592381156503;TERMOS KUBEK TERMICZNY BIDON PUSZKA 700ml 128875
265081853;3357;5906716933579;FORMA SILIKONOWA KEKSÓWKA DO CHLEBA PASZTETU USZTYWNIANA 3357
265081854;3358;5906716933586;FORMA SILIKONOWA DO BABKI USZTYWNIANA 3358
265081855;3355;5906716933555;FORMA SILIKONOWA OKRĄGŁA 23cm USZTYWNIANA 3355
265081856;3356;5906716933562;FORMA SILIKONOWA KWADRATOWA 20x20cm USZTYWNIANA 3356
265081857;151793;8592381188771;FORMA SILIKONOWA DO BATONÓW MUSLI SILLINIE 151793
265081858;3412;5906716934125;SUSZARKA OCIEKACZ DO NACZYŃ TRZY POZIOMOWA 3412
265081859;2760;5906716927608;ZESTAW 4 POJEMNIKÓW KUCHENNYCH CUKIER SÓL KAWA HERBATA 2760
265081860;2761;5906716927615;MASELNICZKA STALOWA Z NOŻYKIEM DO SMAROWANIA 2761
265081861;3386;5906716933869;SUSZARKA DO NACZYŃ Z OCIEKACZEM I TACĄ 3386
265081862;3387;5906716933876;SUSZARKA DO NACZYŃ Z OCIEKACZEM I TACĄ 3387
265081863;3385;5906716933852;SUSZARKA DO NACZYŃ Z OCIEKACZEM I TACĄ 3385
265081864;KB-7370;5902666613707;CZAJNIK STALOWY Z TERMOMETREM 3L KLAUSBERG KB-7370
265081865;BH-1734;5999108463099;ZESTAW POJEMNIKÓW KUCHENNYCH BERLINGER HAUS BH-1734
265081866;BH-6296;5999108407420;ZESTAW POJEMNIKÓW KUCHENNYCH BERLINGER HAUS BH-6296
265081867;BH-2671;5999108429293;ZESTAW NOŻY BERLINGER HAUS BH-2671 W STOJAKU
265081868;BH-2791;5999108443176;ZESTAW NOŻY BERLINGER HAUS BH-2791 W STOJAKU
265081869;BH-2798;5999108443336;ZESTAW NOŻY BERLINGER HAUS BH-2798 W STOJAKU
265081870;BH-2619NA;5999108434921;SZTUĆCE 24 ELEM. BERLINGER HAUS BH-2619 ROSE GOLD
265081871;BH-6070;5999108419782;GARNEK I PATELNIA BERLINGER HAUS BH-6200 ROSE GOLD
265081872;BH-6754;5999108448751;CHLEBAK Z ZESTAWEM POJEMNIKÓW BERLINGER HAUS BH-6754 BLACK SILVER
265081873;BH-9480;5999108465208;ZEGAR KUCHENNY ŚCIENNY BERLINGER HAUS BH-9480
265081874;BH-6176;5999108419737;ZESTAW GARNKÓW GRANITOWYCH BERLINGER HAUS BH-6176 STONE TOUCH
265081875;BH-9140;5999108419096;OPIEKACZ DO KANAPEK SANDWICH MAKER BERLINGER HAUS BH-9140
265081876;BH-9197;5999108425806;MIKSER ROBOT PLANETARNY BERLINGER HAUS BH-9197
265081877;BH-9241;5999108445347;TOSTER DO GRZANEK BERLINGER HAUS BH-9241
265081878;BH-9284;5999108428098;BLENDER KIELICHOWY MIKSER BERLINGER HAUS BH-9284
265081879;BH-9295;5999108436956;MŁYNEK ELEKTRYCZNY BERLINGER HAUS BH-9295 CARBON PRO
265081880;BH-9479;5999108465185;ZEGAR KUCHENNY ŚCIENNY BERLINGER HAUS BH-9479
265081881;259177;5904316445591;CHLEBAK Z DESKĄ BAMBUSOWĄ SZARY 259177
265081882;BL-3203;5999056790162;SZTUĆCE 66 ELEM. BLAUMANN BL-3203 POŁYSK
265081883;BL-3207;5999108460739;SZTUĆCE 38 ELEM. BLAUMANN BL-3207 POŁYSK
265081884;2745;5906716927455;STOJAK OBROTOWY NA PRZYPRAWY 16 POJEMNIKÓW 2745
265081885;2746;5906716927462;STOJAK OBROTOWY NA PRZYPRAWY 12 POJEMNIKÓW 2746
265081886;2748;5906716927486;STOJAK OBROTOWY NA PRZYPRAWY 12 POJEMNIKÓW 2748
265081887;831516;8592381083526;NOŻYCZKI DO SAŁAT ZIÓŁ SZCZYPIORKU 831519
265081888;E-6302;5907768763022;MASELNICZKA STALOWA Z NOŻYKIEM DO SMAROWANIA E-6302
265081889;128372;8592381151775;ZESTAW 3 POJEMNIKÓW DO PANIEROWANIA POTRAW 128372
265081890;569003;5907610289434;PÓŁKA ŁAZIENKOWA DO KABINY PRYSZNICOWEJ PRZYKLEJANA 569003
265081891;MX-1202;5903856194167;TERMOS OBIADOWY CATERINGOWY 3L METLEX MX-1202
265081892;3603;5906716936037;FORMA SILIKONOWA DO PIECZENIA BABKI 24cm 3603
265081893;3604;5906716936044;FORMA SILIKONOWA DO PIECZENIA BABKI 20cm 3604
265081895;3402;5906716934026;SUSZARKA OCIEKACZ ZWIJANY MATA STALOWA NA ZLEWOZMYWAK 3402
265081896;121783;8680398794457;KUBEK POJEMNIK 400 ml Z ŁYŻECZKĄ NA JOGURT MUSLI SAŁATKĘ 121783
265081897;121784;8680398794525;KUBEK POJEMNIK 370 ml NA JOGURT MUSLI SAŁATKĘ 121784
265081898;153692;8592381174354;PRZYPRAWNIK PORCELANOWY SERWETNIK SOLNICZKA PIEPRZNICZKA ORION 153692
265081899;1695;5906716916954;SILIKONOWA FORMA DO PĄCZKÓW DONUTÓW 1695
265081900;2797;5906716927974;ZESTAW MŁYNKÓW DO PIEPRZU I SOLI 2797
265081901;KB-7572;5908287275720;FRYTOWNICA BEZTŁUSZCZOWA 1800W 7,7L KLAUSBERG KB-7572
265081902;2796;5906716927967;ZESTAW MŁYNKÓW DO PIEPRZU I SOLI 2796
265081903;2795;5906716927950;ZESTAW MŁYNKÓW DO PIEPRZU I SOLI 2795
265081904;A26235;8591022601631;TACA PŁYTA GRILLOWA 45x27cm BANQUET ALIVIA
265081905;28MT602;8591022343906;MINUTNIK KUCHENNY MECHANICZNY ICE BUCKET BANQUET
265081906;A23515;8591022569009;STALOWA MISKA KUCHENNA 20cm BANQUET LATINO
265081907;A23533;8591022569511;STALOWA MISKA KUCHENNA 24,5cm BANQUET CULINARIA
265081908;A23532;8591022569504;STALOWA MISKA KUCHENNA 19,5cm BANQUET CULINARIA
265081909;3367;5906716933678;MATA TEFLONOWA DO GRILLOWANIA PIECZENIA 4 szt. 3367
265081910;3342;5906716933425;TŁUCZEK BARMAŃSKI MUDDLER DO MOJITO DRINKÓW 3342
265081911;3348;5906716933487;ŁOPATA ŁOPATKA TACA DO PIZZY KWADRATOWA SKŁADANA 3348
265081912;3369;5906716933692;ŁOPATA ŁOPATKA TACA DO PIZZY OKRĄGŁA SKŁADANA 3369
265081913;3335;5906716933357;MASZYNKA DO SPIRALNYCH CHIPSÓW FRYTEK ZIEMNIAKÓW 3335
265081914;3365;5906716933654;TASAK KUCHENNY DO MIĘSA KOŚCI WARZYW 3365
265081915;139378;8711252495460;PATERA PORCELANOWA PIĘTROWA NA PRZEKĄSKI 139378
265081916;KB-7710;5908287277106;PATERA OBROTOWA 31cm DO TORTÓW CIAST KLAUSBERG KB-7710
265081917;2661;5906716926618;ŻELIWNA PRASKA DO GRILLOWANIA BURGERÓW STEKÓW MIĘSA 2661
265081918;142606;5907610286648;ZESTAW PRZYBORÓW DO GRILLA W ETUI 142606
265081919;731199;8592381180089;POJEMNIK ORGANIZER ROZSUWANY DO LODÓWKI POD PÓŁKĘ 731199
265081920;199034;5904316471729;PATELNIA ŻELIWNA 20cm Z SILIKONOWĄ NAKŁADKĄ CAST LINE 199034
265081921;199035;5904316471736;PATELNIA ŻELIWNA 25cm Z SILIKONOWĄ NAKŁADKĄ CAST LINE 199035
265081922;199044;5904316471828;PATELNIA GRILLOWA ŻELIWNA 24cm Z SILIKONOWĄ NAKŁADKĄ CAST LINE 199044
265081923;199046;5904316471842;PŁYTA ŻELIWNA GRILLOWA DWUSTRONNA 40x21cm CAST LINE 199046
265081924;199047;5904316471859;PŁYTA ŻELIWNA GRILLOWA DWUSTRONNA 45,5x22,5cm CAST LINE 199047
265081925;PH-12525;9120047396285;ZAPARZACZ TŁOKOWY DO KAWY/HERBATY 600ml PETERHOF PH-12525
265081926;1396111;5904316472030;TALERZ TACA KAMIENNA DO SERWOWANIA 20x30cm 139611
265081927;73916;5900378739166;CZAJNIK ELEKTRYCZNY HUSLA 1,5L 73916 BIAŁY
265081928;73917;5900378739173;CZAJNIK ELEKTRYCZNY HUSLA 1,5L 73917 CZARNY
265081929;73909;5900378739098;CZAJNIK Z GWIZDKIEM 2,5L HUSLA 73909
265081930;73960;5900378739609;ZESTAW 6 PRZYBORÓW KUCHENNYCH HUSLA 73960
265081931;73918;5900378739180;EKSPRES CIŚNIENIOWY KOLBOWY DO KAWY HUSLA 73918
265081932;KB-7713;5908287277137;UCHWYT NA PAPIER TOALETOWY KLAUSBERG KB-7713
265081934;KB-7715;5908287277151;STOJAK NA RĘCZNIKI PAPIEROWE KLAUSBERG KB-7715
265081935;KB-7716;5908287277168;STOJAK UCHWYT NA KUBKI FILIŻANKI KLAUSBERG KB-7716
265081936;SZ-1611;5908287216112;6-ELEMENTOWY ZESTAW NOŻY GRANITOWYCH ZURICH SZ-1611
265081937;KH-1840;5908287218406;CHLEBAK STALOWY KINGHOFF KH-1840 ROSE GOLD
265081938;KB-7712;5908287277120;CHLEBAK POJEMNIK NA PIECZYWO KLAUSBERG KB-7712
265081939;KB-7711;5908287277113;CHLEBAK POJEMNIK NA PIECZYWO KLAUSBERG KB-7711
265081940;124574-N;5907610280820;BUTELKA BIDON 650ml Z WKŁADEM NA OWOCE NIEBIESKA 124574-Z
265081941;143757;8592381175641;SZKLANA BUTELKA 450ml NA WODĘ Z SITKIEM 143757
265081942;KB-7087;5902666610874;UCHWYT METALOWY NA RĘCZNIKI PAPIEROWE KLAUSBERG KB-7087
265081943;143761;8592381175962;SZKLANA BUTELKA NA WODĘ 600ml 143761 ZIELONA
265081944;259152-C;5904316418663;SZKLANA BUTELKA NA WODĘ 600ml 259152-C CZARNA
265081945;259152-S;5904316418670;SZKLANA BUTELKA NA WODĘ 600ml 259152-S SZARA
265081946;730512-S;5907610284613;POJEMNIK NA WARZYWA CEBULĘ ZIEMNIAKI 12L 730512-S
265081947;3290;5906716932909;OCIEKACZ KOSZYK ROZSUWANY REGULOWANY DO ZLEWU 3290
265081948;730513-S;5907610283265;POJEMNIK NA WARZYWA CEBULĘ ZIEMNIAKI 12L 730513-S
265081949;120045;8592381194291;WKŁAD PAPIEROWY DO FRYTOWNICY 16cm 100szt. 120045
265081950;139602;5904316470944;SŁÓJ SZKLANY 4,2l DO NAPOJÓW Z KRANIKIEM I STOJAKIEM 139602
265081951;KB-7706;5908287277069;CZAJNIK ELEKTRYCZNY 1,7L KLAUSBERG KB-7706 CZARNY
265081952;152559;8592381113926;ZAPARZACZ TŁOKOWY DO KAWY/HERBATY 600ml ORION 152559
265081953;152561;8592381113940;ZAPARZACZ TŁOKOWY DO KAWY/HERBATY 1000ml ORION 152561
265081954;152599;8592381168667;ZAPARZACZ TŁOKOWY DO KAWY/HERBATY 750ml ORION 152599
265081955;152600;8592381168674;ZAPARZACZ TŁOKOWY DO KAWY/HERBATY 1000ml ORION 152600
265081956;KH-1372;5908287213722;STALOWA MISA COOLER DO CHŁODZENIA ALKOHOLI KINGHOFF KH-1372
265081957;152560;8592381113933;ZAPARZACZ TŁOKOWY DO KAWY/HERBATY 800ml ORION 152560
265081958;152598;8592381168650;ZAPARZACZ TŁOKOWY DO KAWY/HERBATY 400ml ORION 152598
265081959;2644;5906716926441;MINI GRILL WĘGLOWY TURYSTYCZNY PRZENOŚNY WALIZKA 2644
265081961;1976;5906716919764;PATELNIA DO PLACKÓW JAJEK SADZONYCH BURGERÓW 1976
265081962;2461;5906716924614;CZAJNIK Z GWIZDKIEM BRUNBESTE 2,5L 2461 SZARY
265081963;KC-2125;5908287221253;WENTYLATOR WIATRAK STOJĄCY PODŁOGOWY KINGCOOL KC-2125 czarny
265081964;125868;8592381151300;TERMOMISA DO LODÓW TERMOS OBIADOWY 1,5L VENUS 125868
265081965;229097;5904316465261;KOSZYK PIĘTROWY NA OWOCE PRZYPRAWY LOFT 229097
265081966;KH-1235;5908287212350;STALOWY DURSZLAK 24cm Z UCHWYTAMI KINGHOFF KH-1235
265081967;KH-1558;5908287215580;BAMBUSOWY BLOK STOJAK NA NOŻE KUCHENNE KINGHOFF KH-1558
265081968;KH-1559;5908287215597;BAMBUSOWY BLOK STOJAK NA NOŻE KUCHENNE KINGHOFF KH-1559
265081969;E-8181;5907768781811;KOSZYK PIĘTROWY NA OWOCE PRZYPRAWY LOFT E-8181
265081970;E-8180;5907768781804;KOSZYK PIĘTROWY NA OWOCE PRZYPRAWY LOFT E-8180
265081971;E-8177;5907768781774;SUSZARKA OCIEKACZ DO NACZYŃ TRZY POZIOMOWA E-8177 SREBRNA
265081972;259248;5904316456740;PROSTOKĄTNY POJEMNIK NA CIASTO 40x33cm Z POKRYWĄ 259248
265081973;KH-2231;5908287222311;KOCIOŁEK GARNEK MYŚLIWSKI ŻELIWNY 4L KINGHOFF KH-2231
265081974;KH-2232;5908287222328;KOCIOŁEK GARNEK MYŚLIWSKI ŻELIWNY 7L KINGHOFF KH-2232
265081975;5900672758481;5900672758481;SOKOWNIK 8L INDUKCJA GARNEK DO SOKU DOMOWEGO KONIGHOFFER
265081976;3415;5906716934156;KOSZYK PIĘTROWY NA OWOCE PATERA 3415
265081977;259636;5904316473150;DRYLOWNICA DO WIŚNI CZEREŚNI OLIWEK 259636
265081978;259654;8720573459297;FORMA SILIKONOWA NA 4 KOSTKI LODOWE BARMAŃSKIE XXL DO DRINKÓW 259654
265081979;259635;5904316473143;ZESTAW 7 POJEMNIKÓW NA ŻYWNOŚĆ Z POKRYWAMI I USZCZELKAMI 259635
265081980;489298;5904316474232;ZESTAW 10 PRZYBORÓW DO GRILLA W ETUI 489298
265081981;2773;5906716927738;CHLEBAK BAMBUSOWY Z NOŻEM DO PIECZYWA 2773 CZARNY
265081982;2775;5906716927752;CHLEBAK STALOWY + MASELNICZKA Z NOŻYKIEM + NÓŻ DO PIECZYWA 2775
265081983;E-6293;5907768762933;FORMY SILIKONOWE NA 6 KUL I 6 KOSTEK XXL DO DRINKÓW NAPOJÓW E-6293
265081984;BH-2940;5999108486098;ZESTAW 5 NOŻY KUCHENNYCH Z LISTWĄ BERLINGER HAUS BH-2940 ANTRACIT
265081985;BH-2943;5999108486159;ZESTAW 5 NOŻY KUCHENNYCH Z LISTWĄ BERLINGER HAUS BH-2943 MATTE BLACK
265081986;BH-2944;5999108486173;ZESTAW 5 NOŻY KUCHENNYCH Z LISTWĄ BERLINGER HAUS BH-2944 LEONARDO
265081987;BH-2945;5999108486197;ZESTAW 5 NOŻY KUCHENNYCH Z LISTWĄ BERLINGER HAUS BH-2945 SAHARA
265081988;BH-2946;5999108486210;ZESTAW 5 NOŻY KUCHENNYCH Z LISTWĄ BERLINGER HAUS BH-2946 TAUPE
265081989;BH-2947;5999108478055;ZESTAW 6 NOŻY KUCHENNYCH BERLINGER HAUS BH-2947 ANTRACIT
265081990;BH-2950;5999108478116;ZESTAW 6 NOŻY KUCHENNYCH BERLINGER HAUS BH-2950 MATTE BLACK
265081991;BH-2953;5999108478178;ZESTAW 6 NOŻY KUCHENNYCH BERLINGER HAUS BH-2953 TAUPE
265081992;BH-2954;5999108478192;ZESTAW 4 NOŻY KUCHENNYCH BERLINGER HAUS BH-2954 ANTRACIT
265081993;BH-2960;5999108478314;ZESTAW 4 NOŻY KUCHENNYCH BERLINGER HAUS BH-2960 TAUPE
265081994;3330;5906716933302;KOSZYK PIĘTROWY NA OWOCE PATERA 3330
265081995;KB-7721;5908287277212;ZAPARZACZ TŁOKOWY DO KAWY/HERBATY TERMICZNY 350ml KLAUSBERG KB-7721
265081996;KB-7723;5908287277236;ZAPARZACZ TŁOKOWY DO KAWY/HERBATY TERMICZNY 350ml KLAUSBERG KB-7723
265081998;KB-7722;5908287277229;ZAPARZACZ TŁOKOWY DO KAWY/HERBATY TERMICZNY 600ml KLAUSBERG KB-7722
265082000;KB-7724;5908287277243;ZAPARZACZ TŁOKOWY DO KAWY/HERBATY TERMICZNY 600ml KLAUSBERG KB-7724
265082001;KH-3262;5908287232624;CZAJNIK Z GWIZDKIEM KINGHOFF 3L KH-3262
265082002;KB-7740;5908287277403;ZAPARZACZ TŁOKOWY DO KAWY/HERBATY 1000ml KLAUSBERG KB-7740
265082004;KH-1844;5908287218444;ZAPARZACZ ŻELIWNY DZBANEK 1,1L Z FILTREM KINGHOFF KH-1844
265082005;KH-1845;5908287218451;ZAPARZACZ ŻELIWNY DZBANEK 1,3L Z FILTREM KINGHOFF KH-1845
265082006;KH-1847;5908287218475;ZAPARZACZ ŻELIWNY DZBANEK 0,8L Z FILTREM I PODGRZEWACZEM KINGHOFF KH-1847
265082007;KH-1846;5908287218468;ZAPARZACZ ŻELIWNY DZBANEK 1L Z FILTREM i FILIŻANKAMI KINGHOFF KH-1846
265082008;KH-1843;5908287218437;PODGRZEWACZ ŻELIWNY DO ZAPARZACZY KINGHOFF KH-1843
265082009;KH-1848;5908287218482;ŻELIWNA PODSTAWKA POD ZAPARZACZ GARNEK KINGHOFF KH-1848
265082010;140755;6944217207118;PODWÓJNY OBIERAK OBIERACZKA DO WARZYW I OWOCÓW 140755
265082011;BH-3124;5999108484520;ZESTAW NOŻY BERLINGER HAUS BH-3124 ANTRACIT W BLOKU AKACJOWYM
265082012;BH-2961;5999108478338;ZESTAW 5 NOŻY KUCHENNYCH Z DESKĄ BERLINGER HAUS BH-2961 ANTRACIT
265082013;BH-2966;5999108478437;ZESTAW 5 NOŻY KUCHENNYCH Z DESKĄ BERLINGER HAUS BH-2966 SAHARA
265082014;BH-2968;5999108478475;ZESTAW NOŻY BERLINGER HAUS BH-2968 ANTRACIT W BLOKU BAMBUSOWYM
265082015;BH-2971;5999108478536;ZESTAW NOŻY BERLINGER HAUS BH-2971 MATTE BLACK W BLOKU BAMBUSOWYM
265082016;BH-2972;5999108478550;ZESTAW NOŻY BERLINGER HAUS BH-2972 LEONARDO W BLOKU BAMBUSOWYM
265082017;BH-2973;5999108478574;ZESTAW NOŻY BERLINGER HAUS BH-2973 SAHARA W BLOKU BAMBUSOWYM
265082018;BH-2974;5999108478598;ZESTAW NOŻY BERLINGER HAUS BH-2974 TAUPE W BLOKU BAMBUSOWYM
265082019;BH-2977;5999108478758;ZESTAW 4 NOŻY BERLINGER HAUS BH-2977 TAUPE
265082021;BH-8023;5999108467882;PATELNIA TYTANOWA 24cm BERLINGER HAUS BH-8023 LEONARDO
265082022;BH-8024;5999108467905;PATELNIA TYTANOWA 28cm BERLINGER HAUS BH-8024 LEONARDO
265082023;BH-8025;5999108467929;PATELNIA TYTANOWA DO NALEŚNIKÓW 25cm BERLINGER HAUS BH-8025 LEONARDO
265082024;BH-8027;5999108467967;RONDELEK TYTANOWY 16cm BERLINGER HAUS BH-8027 LEONARDO
265082025;BH-8028;5999108467981;RONDELEK TYTANOWY Z POKRYWĄ 16cm BERLINGER HAUS BH-8028 LEONARDO
265082026;BH-8029;5999108468001;WOK PATELNIA FLIP TYTANOWA 26cm BERLINGER HAUS BH-8029 LEONARDO
265082027;BH-8030;5999108468025;GŁĘBOKA PATELNIA TYTANOWA 24cm BERLINGER HAUS BH-8030 LEONARDO
265082028;BH-8031;5999108468049;GŁĘBOKA PATELNIA TYTANOWA 28cm BERLINGER HAUS BH-8031 LEONARDO
265082029;BH-8032;5999108468063;GŁĘBOKA PATELNIA TYTANOWA 24cm BERLINGER HAUS BH-8032 LEONARDO
265082030;BH-8033;5999108468087;WOK TYTANOWY 28cm BERLINGER HAUS BH-8033 LEONARDO
265082031;BH-8037;5999108468162;PATELNIA GRILLOWA TYTANOWA Z POKRYWĄ 28cm BERLINGER HAUS BH-8037 LEONARDO
265082032;BH-8038;5999108468186;PŁASKI GARNEK TYTANOWY Z POKRYWĄ 28cm BERLINGER HAUS BH-8038 LEONARDO
265082033;BH-8039;5999108468209;PŁASKI GARNEK TYTANOWY Z POKRYWĄ 30cm BERLINGER HAUS BH-8039 LEONARDO
265082034;BH-8040;5999108468223;GARNEK TYTANOWY Z POKRYWĄ 20cm BERLINGER HAUS BH-8040 LEONARDO
265082035;BH-8041;5999108468247;GARNEK TYTANOWY Z POKRYWĄ 24cm BERLINGER HAUS BH-8041 LEONARDO
265082036;BH-8043;5999108468285;GARNEK TYTANOWY Z POKRYWĄ 30cm BERLINGER HAUS BH-8043 LEONARDO
265082037;BH-8044;5999108468308;PATELNIA TYTANOWA DO RYB BERLINGER HAUS BH-8044 LEONARDO
265082038;BH-8046;5999108468346;MINI PATELNIA TYTANOWA 16cm BERLINGER HAUS BH-8046 LEONARDO
265082039;BH-8045;5999108468322;GARNEK TYTANOWY DO MLEKA 1,2L BERLINGER HAUS BH-8045 LEONARDO
265082040;BH-8047;5999108468360;PŁYTA GRILLOWA TYTANOWA 47cm BERLINGER HAUS BH-8047 LEONARDO
265082041;BH-8048;5999108468384;ZESTAW 3 PATELNI TYTANOWYCH BERLINGER HAUS BH-8048 LEONARDO
265082042;BH-8049;5999108468407;ZESTAW 3 PATELNI TYTANOWYCH BERLINGER HAUS BH-8049 LEONARDO
265082043;BH-8584;5999108477935;ZAPARZACZ TŁOKOWY DO KAWY HERBATY 600ml BERLINGER HAUS BH-8584 LEONARDO
265082045;BH-8585;5999108477959;ZAPARZACZ TŁOKOWY DO KAWY HERBATY 800ml BERLINGER HAUS BH-8585 LEONARDO
265082046;BH-8590;5999108480805;SERWETNIK Z DOCISKIEM BERLINGER HAUS BH-8590 LEONARDO
265082047;BH-9516;5999108477324;CZAJNIK ELEKTRYCZNY 1,7L Z TERMOMETREM BERLINGER HAUS BH-9516 LEONARDO
265082048;BH-9568;5999108479618;CZAJNIK ELEKTRYCZNY SZKLANY 1,7L BERLINGER HAUS BH-9568 LEONARDO
265082049;BH-9579;5999108479533;CZAJNIK ELEKTRYCZNY 1,7L BERLINGER HAUS BH-9579 LEONARDO
265082050;BH-9520;5999108477409;TOSTER DO GRZANEK BERLINGER HAUS BH-9520 LEONARDO
265082051;BH-8581;5999108476860;MŁYNEK DO PIEPRZU I SOLI BERLINGER HAUS BH-8581 LEONARDO
265082052;BH-8574;5999108475634;ZESTAW 5 POJEMNIKÓW NA ŻYWNOŚĆ BERLINGER HAUS BH-8574 LEONARDO
265082053;BH-8555;5999108474163;SATURATOR SODA BAR BERLINGER HAUS BH-8555 LEONARDO
265082054;BH-8059;5999108468605;WOK PATELNIA FLIP TYTANOWA 26cm BERLINGER HAUS BH-8059 SAHARA
265082055;BH-8061;5999108468643;GŁĘBOKA PATELNIA TYTANOWA 28cm BERLINGER HAUS BH-8061 SAHARA
265082056;BH-8062;5999108468667;GŁĘBOKA PATELNIA TYTANOWA 24cm BERLINGER HAUS BH-8062 SAHARA
265082057;BH-8065;5999108468728;WOK TYTANOWY Z POKRYWĄ 30cm BERLINGER HAUS BH-8065 SAHARA
265082058;BH-8067;5999108468766;PATELNIA GRILLOWA TYTANOWA Z POKRYWĄ 28cm BERLINGER HAUS BH-8067 SAHARA
265082059;BH-8074;5999108468902;PATELNIA TYTANOWA DO RYB BERLINGER HAUS BH-8074 SAHARA
265082060;BH-8073;5999108468889;GARNEK TYTANOWY Z POKRYWĄ 30cm BERLINGER HAUS BH-8073 SAHARA
265082061;BH-8075;5999108468926;GARNEK TYTANOWY DO MLEKA 1,2L BERLINGER HAUS BH-8075 SAHARA
265082062;BH-8068;5999108468780;PŁASKI GARNEK TYTANOWY Z POKRYWĄ 28cm BERLINGER HAUS BH-8068 SAHARA
265082064;BH-8076;5999108468940;MINI PATELNIA TYTANOWA 16cm BERLINGER HAUS BH-8076 SAHARA
265082065;BH-8079;5999108469008;ZESTAW 3 PATELNI TYTANOWYCH BERLINGER HAUS BH-8079 SAHARA
265082066;489298;5903313423120;ZESTAW SILIKONOWYCH PRZYBORÓW KUCHENNYCH ZE SZCZYPCAMI
265082067;BH-8587;5999108477997;ZAPARZACZ TŁOKOWY DO KAWY HERBATY 800ml BERLINGER HAUS BH-8587 SAHARA
265082068;BH-8591;5999108480829;SERWETNIK Z DOCISKIEM BERLINGER HAUS BH-8591 SAHARA
265082069;BH-9510;5999108472626;MIKSER ROBOT PLANETARNY BERLINGER HAUS BH-9510 SAHARA
265082070;BH-2755;5999108484124;ZESTAW NOŻY BERLINGER HAUS BH-2755 SAHARA W BLOKU BAMBUSOWYM
265082071;BH-2754;5999108484100;ZESTAW NOŻY BERLINGER HAUS BH-2754 LEONARDO W BLOKU BAMBUSOWYM
265082072;BH-7658;5999108472220;FORMA BRYTFANNA 40x28cm BERLINGER HAUS BH-7658 SAHARA
265082073;BH-7877;5999108472282;FORMA DO MUFFINEK BERLINGER HAUS BH-7877 SAHARA
265082074;BH-7883;5999108472329;FORMA DO BABKI BERLINGER HAUS BH-7883 SAHARA
265082075;BH-3072;5999108473531;SZTUĆCE 24 ELEM. BERLINGER HAUS BH-3072 LEONARDO
265082076;BH-7659;5999108472244;FORMA BRYTFANNA 40x28cm BERLINGER HAUS BH-7659 LEONARDO
265082077;BH-8082;5999108469060;PATELNIA TYTANOWA 20cm BERLINGER HAUS BH-8082 TAUPE
265082078;BH-8086;5999108469145;PATELNIA TYTANOWA DO NALEŚNIKÓW 28cm BERLINGER HAUS BH-8086 TAUPE
265082079;BH-8089;5999108469206;WOK PATELNIA FLIP TYTANOWA 26cm BERLINGER HAUS BH-8089 TAUPE
265082080;BH-8090;5999108469220;GŁĘBOKA PATELNIA TYTANOWA 24cm BERLINGER HAUS BH-8090 TAUPE
265082081;BH-8091;5999108469244;GŁĘBOKA PATELNIA TYTANOWA 28cm BERLINGER HAUS BH-8091 TAUPE
265082082;BH-8092;5999108469268;GŁĘBOKA PATELNIA TYTANOWA 24cm BERLINGER HAUS BH-8092 TAUPE
265082083;BH-8546;5999108470509;ZESTAW PRZYBORÓW BARMAŃSKICH BERLINGER HAUS BH-8546
265082084;BH-8093;5999108469282;WOK TYTANOWY 28cm BERLINGER HAUS BH-8093 TAUPE
265082085;BH-8095;5999108469329;WOK TYTANOWY Z POKRYWĄ 30cm BERLINGER HAUS BH-8095 TAUPE
265082086;BH-8097;5999108469367;PATELNIA GRILLOWA TYTANOWA Z POKRYWĄ 28cm BERLINGER HAUS BH-8097 TAUPE
265082087;BH-8098;5999108469381;PŁASKI GARNEK TYTANOWY Z POKRYWĄ 28cm BERLINGER HAUS BH-8098 TAUPE
265082088;BH-8099;5999108469404;PŁASKI GARNEK TYTANOWY Z POKRYWĄ 30cm BERLINGER HAUS BH-8099 TAUPE
265082089;BH-8100;5999108469428;GARNEK TYTANOWY Z POKRYWĄ 20cm BERLINGER HAUS BH-8100 TAUPE
265082090;BH-8102;5999108469466;GARNEK TYTANOWY Z POKRYWĄ 28cm BERLINGER HAUS BH-8102 TAUPE
265082091;BH-8103;5999108469480;GARNEK TYTANOWY Z POKRYWĄ 30cm BERLINGER HAUS BH-8103 TAUPE
265082092;3363;5906716933630;FORMA SILIKONOWA USZTYWNIANA DO PIECZENIA BABECZEK 3363
265082093;3777;5906716937775;ZESTAW 3 NOŻY KUCHENNYCH Z OBIERACZKĄ 3777
265082095;3111;5906716931117;TARKA TARECZKA DO CZOSNKU IMBIRU ORZECHÓW 3111
265082096;KB-7771;5908287277717;PATERA OBROTOWA 25,5cm DO TORTÓW CIAST KLAUSBERG KB-7771
265082097;KB-7772;5908287277724;PATERA OBROTOWA 36cm DO TORTÓW CIAST KLAUSBERG KB-7772
265082098;KB-7738;5908287277380;GARNEK 24cm 7,5L DO GOTOWANIA MAKARONU KLAUSBERG KB-7738
265082099;KB-7739;5908287277397;GARNEK 24cm 7,5L DO GOTOWANIA MAKARONU KLAUSBERG KB-7739
265082100;KB-7735;5908287277359;GARNEK NA PARĘ KLAUSBERG 4 ELEM. 24cm KB-7735 ROSE GOLD
265082101;KB-7734;5908287277342;GARNEK NA PARĘ KLAUSBERG 3 ELEM. 24cm KB-7734 ROSE GOLD
265082102;KB-7731;5908287277311;GARNEK NA PARĘ KLAUSBERG 3 ELEM. 22cm KB-7731 ROSE GOLD
265082103;KB-7732;5908287277328;GARNEK NA PARĘ KLAUSBERG 4 ELEM. 22cm KB-7732 ROSE GOLD
265082105;KH-1324;5908287213241;CZAJNIK Z GWIZDKIEM 2,7L KINGHOFF KH-1324
265082106;KB-7736;5908287277366;GARNEK NA PARĘ KLAUSBERG 5 ELEM. 24cm KB-7736 ROSE GOLD
265082107;KB-7733;5908287277335;GARNEK NA PARĘ KLAUSBERG 5 ELEM. 22cm KB-7733 ROSE GOLD
265082108;KB-7730;5908287277304;GARNEK NA PARĘ KLAUSBERG 5 ELEM. 20cm KB-7730 ROSE GOLD
265082109;KB-7729;5908287277298;GARNEK NA PARĘ KLAUSBERG 4 ELEM. 20cm KB-7729 ROSE GOLD
265082110;KB-7728;5908287277281;GARNEK NA PARĘ KLAUSBERG 3 ELEM. 20cm KB-7728 ROSE GOLD
265082111;KB-7727;5908287277274;GARNEK NA PARĘ KLAUSBERG 5 ELEM. 18cm KB-7727 ROSE GOLD
265082112;KB-7726;5908287277267;GARNEK NA PARĘ KLAUSBERG 4 ELEM. 18cm KB-7726 ROSE GOLD
265082114;KB-7725;5908287277250;GARNEK NA PARĘ KLAUSBERG 3 ELEM. 18cm KB-7725 ROSE GOLD
265082115;3437;5906716934378;KOSZYK PIĘTROWY PATERA NA OWOCE 3 POZIOMY 3437
265082116;3438;5906716934385;KOSZYK PIĘTROWY PATERA NA OWOCE 3 POZIOMY 3438
265082117;BH-8104;5999108469503;PATELNIA TYTANOWA DO RYB BERLINGER HAUS BH-8104 TAUPE
265082118;BH-8105;5999108469527;GARNEK TYTANOWY DO MLEKA 1,2L BERLINGER HAUS BH-8105 TAUPE
265082119;BH-8107;5999108469565;PŁYTA GRILLOWA TYTANOWA 47cm BERLINGER HAUS BH-8107 TAUPE
265082121;BH-8108;5999108469589;ZESTAW 3 PATELNI TYTANOWYCH BERLINGER HAUS BH-8108 TAUPE
265082122;BH-8109;5999108469602;ZESTAW 3 PATELNI TYTANOWYCH BERLINGER HAUS BH-8109 TAUPE
265082123;BH-8558;5999108474194;SATURATOR SODA BAR BERLINGER HAUS BH-8558 TAUPE
265082124;A22745;8591022550489;PATELNIA GRANITOWA 28cm BANQUET METALLIC RED
265082125;A14296;8591022421420;PÓŁKA STOJAK NA WINO 6 BUTELEK BANQUET BRILLANTE
265082126;BH-9496;5999108471308;BLENDER KIELICHOWY MIKSER BERLINGER HAUS BH-9496 TAUPE
265082128;BH-8588;5999108478017;ZAPARZACZ TŁOKOWY DO KAWY HERBATY 600ml BERLINGER HAUS BH-8588 TAUPE
265082129;BH-8589;5999108478031;ZAPARZACZ TŁOKOWY DO KAWY HERBATY 800ml BERLINGER HAUS BH-8589 TAUPE
265082130;BH-8592;5999108480843;SERWETNIK Z DOCISKIEM BERLINGER HAUS BH-8592 TAUPE
265082131;BH-9508;5999108472602;MIKSER ROBOT PLANETARNY BERLINGER HAUS BH-9508 TAUPE
265082132;BH-8596;5999108480928;SUSZARKA DO NACZYŃ Z OCIEKACZEM BERLINGER HAUS BH-8596 TAUPE
265082133;BH-9514;5999108477287;CZAJNIK ELEKTRYCZNY 1,7L Z TERMOMETREM BERLINGER HAUS BH-9514 TAUPE
265082134;E-6062;5907768760625;CHLEBAK BAMBUSOWY Z POKRYWĄ MARMUROWĄ E-6062
265082135;BH-9566;5999108479571;CZAJNIK ELEKTRYCZNY SZKLANY 1,7L BERLINGER HAUS BH-9566 TAUPE
265082136;BH-8116;5999108467349;PATELNIA TYTANOWA DO NALEŚNIKÓW 28cm BERLINGER HAUS BH-8116 ANTRACIT
265082137;BH-8119;5999108467400;WOK PATELNIA FLIP TYTANOWA 26cm BERLINGER HAUS BH-8119 ANTRACIT
265082138;BH-8120;5999108467424;GŁĘBOKA PATELNIA TYTANOWA 24cm BERLINGER HAUS BH-8120 ANTRACIT
265082139;BH-8121;5999108467448;GŁĘBOKA PATELNIA TYTANOWA 28cm BERLINGER HAUS BH-8121 ANTRACIT
265082140;229010-B;5904316400033;ORGANIZER POJEMNIK WKŁAD NA SZTUĆCE DO SZUFLADY biały 229010-B
265082141;229010-S;5904316400040;ORGANIZER POJEMNIK WKŁAD NA SZTUĆCE DO SZUFLADY szary 229010-S
265082142;BH-8122;5999108467462;GŁĘBOKA PATELNIA TYTANOWA 24cm BERLINGER HAUS BH-8122 ANTRACIT
265082143;BH-8123;5999108467486;WOK TYTANOWY 28cm BERLINGER HAUS BH-8123 ANTRACIT
265082145;BH-8127;5999108467561;PATELNIA GRILLOWA TYTANOWA Z POKRYWĄ 28cm BERLINGER HAUS BH-8127 ANTRACIT
265082146;BH-8128;5999108467585;PŁASKI GARNEK TYTANOWY Z POKRYWĄ 28cm BERLINGER HAUS BH-8128 ANTRACIT
265082147;BH-8129;5999108467608;PŁASKI GARNEK TYTANOWY Z POKRYWĄ 30cm BERLINGER HAUS BH-8129 ANTRACIT
265082148;2550;5906716925505;TORTOWNICE FORMY GRANITOWE DO PIECZENIA 3 SZT. 18/20/22 cm 2550
265082149;1028;5906716910280;TORTOWNICE FORMY GRANITOWE DO PIECZENIA 3 SZT. 22/24/26 cm 1028
265082150;BH-8130;5999108467622;GARNEK TYTANOWY Z POKRYWĄ 20cm BERLINGER HAUS BH-8130 ANTRACIT
265082151;BH-8131;5999108467646;GARNEK TYTANOWY Z POKRYWĄ 24cm BERLINGER HAUS BH-8131 ANTRACIT
265082152;BH-8132;5999108467660;GARNEK TYTANOWY Z POKRYWĄ 28cm BERLINGER HAUS BH-8132 ANTRACIT
265082153;BH-8133;5999108467684;GARNEK TYTANOWY Z POKRYWĄ 30cm BERLINGER HAUS BH-8133 ANTRACIT
265082154;BH-8134;5999108467707;PATELNIA TYTANOWA DO RYB BERLINGER HAUS BH-8134 ANTRACIT
265082155;BH-8135;5999108467721;GARNEK TYTANOWY DO MLEKA 1,2L BERLINGER HAUS BH-8135 ANTRACIT
265082156;BH-8136;5999108467745;MINI PATELNIA TYTANOWA 16cm BERLINGER HAUS BH-8136 ANTRACIT
265082157;BH-8137;5999108467769;PŁYTA GRILLOWA TYTANOWA 47cm BERLINGER HAUS BH-8137 ANTRACIT
265082158;BH-8138;5999108467783;ZESTAW 3 PATELNI TYTANOWYCH BERLINGER HAUS BH-8138 ANTRACIT
265082159;BH-8139;5999108467806;ZESTAW 3 PATELNI TYTANOWYCH BERLINGER HAUS BH-8139 ANTRACIT
265082160;BH-8554;5999108473173;SATURATOR SODA BAR BERLINGER HAUS BH-8554 BLACK ROSE
265082161;BH-9511;5999108472633;MIKSER ROBOT PLANETARNY BERLINGER HAUS BH-9511 ANTRACIT
265082162;BH-9539;5999108471247;BLENDER KIELICHOWY MIKSER BERLINGER HAUS BH-9539 ANTRACIT
265082163;BH-9556;5999108476808;MŁYNKI ELEKTRYCZNE DO PIEPRZU I SOLI BERLINGER HAUS BH-9556 ANTRACIT
265082164;BH-9580;5999108479557;CZAJNIK ELEKTRYCZNY 1,7L BERLINGER HAUS BH-9580 ANTRACIT
265082165;BH-9641;5999108481611;CZAJNIK ELEKTRYCZNY 1,7L Z TERMOMETREM BERLINGER HAUS BH-9641 ANTRACIT
265082166;BH-9643;5999108481659;TOSTER DO GRZANEK BERLINGER HAUS BH-9643 ANTRACIT
265082167;3480;5906716934804;KUCHENNY MOŹDZIERZ GRANITOWY 10,5cm 3480
265082168;BH-8549;5999108470561;KAWIARKA ZAPARZACZ DO KAWY 300ml BERLINGER HAUS BH-8549 ROSE GOLD
265082169;KB-7779;5908287277793;WKŁAD PAPIEROWY DO FRYTOWNICY 16cm 100szt. KLAUSBERG KB-7779
265082170;KB-7780;5908287277809;WKŁAD PAPIEROWY DO FRYTOWNICY 20cm 100szt. KLAUSBERG KB-7780
265082171;BH-8164;5999108474460;PŁYTA GRILLOWA 47x29cm BERLINGER HAUS BH-8164 ROSE GOLD
265082172;BH-8550;5999108470585;KAWIARKA ZAPARZACZ DO KAWY 450ml BERLINGER HAUS BH-8550 ROSE GOLD
265082173;BH-8561;5999108473814;KAWIARKA ZAPARZACZ DO KAWY 300ml BERLINGER HAUS BH-8561 BLACK ROSE
265082174;BH-8562;5999108473845;KAWIARKA ZAPARZACZ DO KAWY 450ml BERLINGER HAUS BH-8562 BLACK ROSE
265082175;BH-8564;5999108473814;KAWIARKA ZAPARZACZ DO KAWY 300ml BERLINGER HAUS BH-8564 CARBON PRO
265082176;BH-9513;5999108477263;CZAJNIK ELEKTRYCZNY 1,7L Z TERMOMETREM BERLINGER HAUS BH-9513 BLACK ROSE
265082177;BH-9517;5999108477348;TOSTER DO GRZANEK BERLINGER HAUS BH-9517 BLACK ROSE
265082178;BH-9554;5999108475955;RYŻOWAR ELEKTRYCZNY 1,8L BERLINGER HAUS BH-9554 BLACK ROSE
265082179;BH-7502;5999108475818;CZAJNIK 3L BERLINGER HAUS BH-7502 Z GWIZDKIEM ROSE GOLD
265082180;BH-7504;5999108475870;CZAJNIK 3L BERLINGER HAUS BH-7504 Z GWIZDKIEM CARBON PRO
265082181;BH-9500;5999108472060;MŁYNKI ELEKTRYCZNE DO PIEPRZU I SOLI BERLINGER HAUS BH-9500 ROSE GOLD
265082182;BH-9493;5999108471063;ELEKTRONICZNA WAGA KUCHENNA ŁYŻKA BERLINGER HAUS BH-9493 BLACK ROSE
265082183;BH-2884;5999108474705;ZESTAW 5 NOŻY KUCHENNYCH Z LISTWĄ BERLINGER HAUS BH-2884 BLACK ROSE
265082184;BH-2885;5999108474729;ZESTAW 5 NOŻY KUCHENNYCH Z LISTWĄ BERLINGER HAUS BH-2885 MATTE BLACK
265082185;BH-2672;5999108484025;ZESTAW NOŻY BERLINGER HAUS BH-2672 ANTRACIT W BLOKU BAMBUSOWYM
265082186;BH-2753;5999108484087;ZESTAW NOŻY BERLINGER HAUS BH-2753 MATTE BLACK W BLOKU BAMBUSOWYM
265082187;BH-2756;5999108484148;ZESTAW NOŻY BERLINGER HAUS BH-2756 TAUPE W BLOKU BAMBUSOWYM
265082188;BH-9543;5999108476723;MŁYNKI ELEKTRYCZNE DO PIEPRZU I SOLI BERLINGER HAUS BH-9543 MATTE BLACK
265082189;BH-9502;5999108472527;ELEKTRYCZNA OSTRZAŁKA DO NOŻY BERLINGER HAUS BH-9502
265082190;BH-2613;5999108466274;ZESTAW NOŻY DO STEKÓW 6 szt. BERLINGER HAUS BH-2613 BLACK ROSE
265082191;BH-2811;5999108469992;ZESTAW NOŻY DO STEKÓW 6 szt. BERLINGER HAUS BH-2811 ROSE GOLD
265082192;BH-8597;5999108480942;SUSZARKA DO NACZYŃ Z OCIEKACZEM BERLINGER HAUS BH-8597 MATTE BLACK
265082193;BH-9640;5999108481598;CZAJNIK ELEKTRYCZNY 1,7L Z TERMOMETREM BERLINGER HAUS BH-9640 MATTE BLACK
265082194;BH-9642;5999108481635;TOSTER DO GRZANEK BERLINGER HAUS BH-9642 MATTE BLACK
265082195;KK-1879;5908287218796;PRASKA DO FORMOWANIA BURGERÓW KINGHOFF KH-1879
265082196;KK-1878;5908287218789;PRASKA DOCISK DO STEKÓW BURGERÓW KINGHOFF KH-1878
265082197;KH-1880;5908287218802;STOJAK DO PIECZENIA KURCZAKA Z OCIEKACZEM I AROMATYZEREM KINGHOFF KH-1880
265082198;KB-7788;5908287277885;KAMIEŃ SZAMOT DO PIECZENIA I SERWOWANIA PIZZY 33cm KLAUSBERG KB-7788
265082200;1559;5906716915599;6-ELEMENTOWY ZESTAW NOŻY GRANITOWYCH 1559
265082201;1558;5906716915582;4-ELEMENTOWY ZESTAW NOŻY GRANITOWYCH 1558
265082202;BH-2804;5999108466182;ZESTAW NOŻY BERLINGER HAUS BH-2804 W BLOKU BAMBUSOWYM
265082203;BH-2805;5999108466205;ZESTAW NOŻY BERLINGER HAUS BH-2805 W BLOKU BAMBUSOWYM
265082204;BH-6558A;5999108427169;RONDELEK 16cm BERLINGER HAUS BH-6558 ETERNAL
265082205;BH-6559;5999108413186;RONDELEK 18cm BERLINGER HAUS BH-6558 ETERNAL
265082206;BH-3036;5999108473357;SZTUĆCE 24 ELEM. BERLINGER HAUS BH-3036 POŁYSK
265082207;BH-3037;5999108473432;SZTUĆCE 24 ELEM. BERLINGER HAUS BH-3037 POŁYSK
265082208;BH-3039;5999108473678;SZTUĆCE 24 ELEM. BERLINGER HAUS BH-3039 POŁYSK
265082209;BH-3062;5999108473296;SZTUĆCE 24 ELEM. BERLINGER HAUS BH-3062 POŁYSK ROSE GOLD
265082211;BH-3076;5999108474101;SZTUĆCE 24 ELEM. BERLINGER HAUS BH-3076 SATYNA ROSE GOLD
265082212;BH-3063;5999108473319;SZTUĆCE 24 ELEM. BERLINGER HAUS BH-3063 POŁYSK SHINY BLACK
265082213;BH-3066;5999108473395;SZTUĆCE 24 ELEM. BERLINGER HAUS BH-3066 POŁYSK SHINY BLACK
265082214;BH-3069;5999108473470;SZTUĆCE 24 ELEM. BERLINGER HAUS BH-3069 POŁYSK SHINY BLACK
265082215;BH-3073;5999108473555;SZTUĆCE 24 ELEM. BERLINGER HAUS BH-3073 BLACK ROSE
265082216;BH-3078;5999108474286;SZTUĆCE 24 ELEM. BERLINGER HAUS BH-3078 POŁYSK CHAMPAGNE
265082217;BH-3079;5999108474309;SZTUĆCE 24 ELEM. BERLINGER HAUS BH-3079 SATYNA CHAMPAGNE
265082218;BH-9116;5999108418464;CZAJNIK ELEKTRYCZNY SZKLANY 1,7L BERLINGER HAUS BH-9116
265082219;BH-9127;5999108418570;CZAJNIK ELEKTRYCZNY 1,7L BERLINGER HAUS BH-9127 REGULACJA TEMPERATURY
265082220;BH-7657;5999108472206;FORMA BRYTFANNA 40x28cm BERLINGER HAUS BH-7657 MATTE BLACK
265082221;BH-7874;5999108466779;FORMA DO PIECZENIA BABKI BERLINGER HAUS BH-7874
265082222;BH-7882;5999108472305;FORMA TYTANOWA DO BABKI BERLINGER HAUS BH-7882 MATTE BLACK
265082223;BH-7876;5999108472268;FORMA TYTANOWA DO MUFFINEK BERLINGER HAUS BH-7876 MATTE BLACK
265082224;BH-7886;5999108472367;FORMA DO CHLEBA PASZTETU BERLINGER HAUS BH-7886 MATTE BLACK
265082225;BH-7892;5999108472466;ROZPINANA FORMA DO CIASTA BERLINGER HAUS BH-7892 MATTE BLACK
265082226;BH-7868;5999108466656;TYGIELEK DO PARZENIA KAWY PO TURECKU 660ml BERLINGER HAUS BH-7868
265082227;BH-7875;5999108466793;TYGIELEK DO PARZENIA KAWY PO TURECKU 660ml BERLINGER HAUS BH-7875
265082228;BH-9461;5999108460418;GRILL ELEKTRYCZNY OPIEKACZ GOFROWNICA 3w1 BERLINGER HAUS BH-9461
265082229;A20032;883314639704;NACZYNIE CERAMICZNE OWALNE DO ZAPIEKANIA 38cm LUMINARC
265082230;KB-7751;5908287277519;ZAPARZACZ TŁOKOWY DO KAWY/HERBATY 1000ml KLAUSBERG KB-7751 CZARNY
265082231;KB-7741;5908287277410;ZAPARZACZ TŁOKOWY DO KAWY/HERBATY 350ml KLAUSBERG KB-7741 CZARNY
265082232;KB-7742;5908287277427;ZAPARZACZ TŁOKOWY DO KAWY/HERBATY 350ml KLAUSBERG KB-7742 SZARY
265082233;KB-7743;5908287277434;ZAPARZACZ TŁOKOWY DO KAWY/HERBATY 350ml KLAUSBERG KB-7743 BIAŁY
265082234;KB-7744;5908287277441;ZAPARZACZ TŁOKOWY DO KAWY/HERBATY 350ml KLAUSBERG KB-7744 RÓŻOWY
265082235;KB-7745;5908287277458;ZAPARZACZ TŁOKOWY DO KAWY/HERBATY 350ml KLAUSBERG KB-7745 ZIELONY
265082236;KB-7746;5908287277465;ZAPARZACZ TŁOKOWY DO KAWY/HERBATY 600ml KLAUSBERG KB-7746 CZARNY
265082237;KB-7747;5908287277472;ZAPARZACZ TŁOKOWY DO KAWY/HERBATY 600ml KLAUSBERG KB-7747 SZARY
265082238;KB-7748;5908287277489;ZAPARZACZ TŁOKOWY DO KAWY/HERBATY 600ml KLAUSBERG KB-7748 BIAŁY
265082239;KB-7749;5908287277496;ZAPARZACZ TŁOKOWY DO KAWY/HERBATY 600ml KLAUSBERG KB-7749 RÓŻOWY
265082240;KB-7750;5908287277502;ZAPARZACZ TŁOKOWY DO KAWY/HERBATY 600ml KLAUSBERG KB-7750 ZIELONY
265082241;KB-7752;5908287277526;ZAPARZACZ TŁOKOWY DO KAWY/HERBATY 1000ml KLAUSBERG KB-7752 SZARY
265082242;KB-7753;5908287277533;ZAPARZACZ TŁOKOWY DO KAWY/HERBATY 1000ml KLAUSBERG KB-7753 BIAŁY
265082243;KB-7754;5908287277540;ZAPARZACZ TŁOKOWY DO KAWY/HERBATY 1000ml KLAUSBERG KB-7754 RÓŻOWY
265082244;KB-7755;5908287277557;ZAPARZACZ TŁOKOWY DO KAWY/HERBATY 1000ml KLAUSBERG KB-7755 ZIELONY
265082245;KB-7759;5908287277595;ZAPARZACZ TŁOKOWY DO KAWY/HERBATY TERMICZNY 350ml KLAUSBERG KB-7759
265082246;KH-1863;5908287218635;CHLEBAK STALOWY KINGHOFF KH-1863 szary
265082247;KH-1864;5908287218642;CHLEBAK STALOWY KINGHOFF KH-1864 biały
265082248;139313;8718158194237;PATERA KAMIENNA DWUPOZIOMOWA NA CIASTA PRZEKĄSKI 139313
265082250;229127;5904316476168;STOJAK ORGANIZER NA KAPSUŁKI NESPRESSO DO KAWY 32szt. 229127
265082251;568054;5904316476335;ZESTAW ŁAZIENKOWY 6 ELEMENTOWY 568054 biały
265082252;568053;5904316476328;ZESTAW ŁAZIENKOWY 6 ELEMENTOWY 568053 czarny
265082253;279008;8720573766272;KOKILKI MISECZKI PORCELANOWE DO ZAPIEKANIA 5 szt. OKRĄGŁE 279008
265082255;10-174-042;5205746004205;POJEMNIK HERMETYCZNY NA PRODUKTY SYPKIE 1,2l MISTY
265082256;10-174-041;5205746004199;POJEMNIK HERMETYCZNY NA PRODUKTY SYPKIE 800 ml MISTY
265082257;10-174-043;5205746004212;POJEMNIK HERMETYCZNY NA PRODUKTY SYPKIE 1,8L MISTY
265082258;1055;5906716910556;STALOWY KUBEK TERMICZNY PODRÓŻNY TERMOS 450ml 1055
265082259;1056;5906716910563;STALOWY KUBEK TERMICZNY PODRÓŻNY TERMOS 450ml 1056 złoty
265082260;BH-8545;5999108470486;ZESTAW PRZYBORÓW BARMAŃSKICH BERLINGER HAUS BH-8545
265082261;KB-7800;5908287278004;ZESTAW 5 NOŻY KUCHENNYCH W STOJAKU KLAUSBERG KB-7800
265082262;KB-7799;5908287277991;ZESTAW 5 NOŻY KUCHENNYCH W STOJAKU KLAUSBERG KB-7799
265082263;KB-7768;5908287277687;ZESTAW 5 NOŻY KUCHENNYCH W BLOKU KLAUSBERG KB-7768
265082264;KB-7769;5908287277694;ZESTAW 5 NOŻY KUCHENNYCH W BLOKU KLAUSBERG KB-7769
265082265;KB-7770;5908287277700;ZESTAW NOŻY KUCHENNYCH W STOJAKU Z OSTRZAŁKĄ KLAUSBERG KB-7770
265082266;KH-1865;5908287218659;CHLEBAK STALOWY KINGHOFF KH-1865 czerwony
265082267;KH-1866;5908287218666;CHLEBAK STALOWY KINGHOFF KH-1866 beżowy
265082268;KH-1867;5908287218673;CHLEBAK STALOWY KINGHOFF KH-1867 zielony
265082269;KH-1868;5908287218680;CHLEBAK STALOWY KINGHOFF KH-1868 różowy
265082270;KH-1869;5908287218697;CHLEBAK STALOWY KINGHOFF KH-1869 niebieski
265082272;KH-1870;5908287218703;CHLEBAK STALOWY KINGHOFF KH-1870 różowe złoto
265082273;E-6065;5907768760656;CHLEBAK BAMBUSOWY POJEMNIK NA PIECZYWO E-6065
265082274;KH-1851;5908287218512;CZAJNIK 1,8L Z GWIZDKIEM KINGHOFF KH-1851 SZARY
265082275;KH-1852;5908287218529;CZAJNIK 1,8L Z GWIZDKIEM KINGHOFF KH-1852 BIAŁY
265082276;KH-1853;5908287218536;CZAJNIK 1,8L Z GWIZDKIEM KINGHOFF KH-1853 CZERWONY
265082277;KH-1854;5908287218543;CZAJNIK 1,8L Z GWIZDKIEM KINGHOFF KH-1854 BEŻOWY
265082279;KH-1857;5908287218574;CZAJNIK 1,8L Z GWIZDKIEM KINGHOFF KH-1857 NIEBIESKI
265082280;KH-1858;5908287218581;CZAJNIK 1,8L Z GWIZDKIEM KINGHOFF KH-1858 CZARNY
265082282;KH-1859;5908287218598;CZAJNIK 2,5L Z GWIZDKIEM KINGHOFF KH-1859 SREBRNY
265082283;KH-1860;5908287218604;CZAJNIK 2,5L Z GWIZDKIEM KINGHOFF KH-1860 BIAŁY
265082285;KH-1861;5908287218611;MISKA STALOWA Z FUNKCJĄ TARKI SZATKOWNICY KINGHOFF KH-1861
265082286;KH-1862;5908287218628;MISKA STALOWA Z FUNKCJĄ TARKI SZATKOWNICY KINGHOFF KH-1862
265082287;KH-1889;5908287218895;MISKA STALOWA Z FUNKCJĄ TARKI SZATKOWNICY KINGHOFF KH-1889
265082289;KB-7798;5908287277984;KLAUSBERG GARNEK GASTRO Z POKRYWĄ 34cm 22,4L KB-7798
265082292;KB-7797;5908287277977;KLAUSBERG GARNEK GASTRO Z POKRYWĄ 32cm 18,7L KB-7797
265082293;KB-7796;5908287277960;KLAUSBERG GARNEK GASTRO Z POKRYWĄ 30cm 16L KB-7796
265082295;KB-7795;5908287277953;KLAUSBERG GARNEK GASTRO Z POKRYWĄ 28cm 13L KB-7795
265082296;KB-7794;5908287277946;KLAUSBERG GARNEK GASTRO Z POKRYWĄ 26cm 10,7L KB-7794
265082298;KB-7793;5908287277939;KLAUSBERG GARNEK GASTRO Z POKRYWĄ 24cm 8,6L KB-7793
265082299;KB-7792;5908287277922;KLAUSBERG GARNEK GASTRO Z POKRYWĄ 22cm 7L KB-7792
265082301;KB-7828;5908287278288;PATELNIA MARMURKOWA DO JAJEK 3 SEKCJE KLAUSBERG KB-7828
265082302;KB-7827;5908287278271;PATELNIA MARMURKOWA DO JAJEK 3 SEKCJE KLAUSBERG KB-7827
265082304;KB-7829;5908287278295;PATELNIA MARMURKOWA DO JAJEK 3 SEKCJE KLAUSBERG KB-7829
265082305;KB-7826;5908287278264;PATELNIA MARMURKOWA DO JAJEK PLACKÓW 3 SEKCJE KLAUSBERG KB-7826
265082307;KB-7825;5908287278257;PATELNIA MARMURKOWA DO JAJEK PLACKÓW 3 SEKCJE KLAUSBERG KB-7825
265082309;KB-7824;5908287278240;PATELNIA MARMURKOWA DO JAJEK PLACKÓW 3 SEKCJE KLAUSBERG KB-7824
265082310;KB-7823;5908287278233;PATELNIA MARMURKOWA DO JAJEK PLACKÓW 4 SEKCJE KLAUSBERG KB-7823
265082311;KB-7822;5908287278226;PATELNIA MARMURKOWA DO JAJEK PLACKÓW 4 SEKCJE KLAUSBERG KB-7822
265082312;KB-7821;5908287278219;PATELNIA MARMURKOWA DO JAJEK PLACKÓW 4 SEKCJE KLAUSBERG KB-7821
265082314;KB-7819;5908287278196;PATELNIA MARMURKOWA DO JAJEK PLACKÓW 4 SEKCJE SERDUSZKA KLAUSBERG KB-7819
265082315;KB-7818;5908287278189;PATELNIA MARMURKOWA DO JAJEK 3 SEKCJE KLAUSBERG KB-7818
265082316;KB-7817;5908287278172;PATELNIA MARMURKOWA DO JAJEK 3 SEKCJE KLAUSBERG KB-7817
265082318;KB-7816;5908287278165;PATELNIA MARMURKOWA DO JAJEK 3 SEKCJE KLAUSBERG KB-7816
265082319;KB-7815;5908287278158;PATELNIA MARMURKOWA DO OMLETÓW KLAUSBERG KB-7815
265082320;KB-7814;5908287278141;PATELNIA MARMURKOWA DO OMLETÓW KLAUSBERG KB-7814
265082322;KB-7813;5908287278134;PATELNIA MARMURKOWA DO OMLETÓW KLAUSBERG KB-7813
265082323;KB-7812;5908287278127;MINI PATELNIA GRILLOWA MARMURKOWA KLAUSBERG KB-7812
265082324;KB-7811;5908287278110;MINI PATELNIA GRILLOWA MARMURKOWA KLAUSBERG KB-7811
265082325;KB-7810;5908287278103;MINI PATELNIA GRILLOWA MARMURKOWA KLAUSBERG KB-7810
265082326;KB-7184;5908666611842;TORTOWNICE FORMY DO PIECZENIA 3 SZT. KLAUSBERG KB-7184
265082327;KB-7807;5908287278073;PATELNIA MARMURKOWA DO JAJEK PLACKÓW 4 SEKCJE KLAUSBERG KB-7807
265082328;KH-1872;5908287218727;MASZYNKA DO KROJENIA FRYTEK WARZYW KINGHOFF KH-1872
265082339;KB-7809;5908287278097;PATELNIA MARMURKOWA DO JAJEK PLACKÓW 4 SEKCJE KLAUSBERG KB-7809
265082341;KB-7808;5908287278080;PATELNIA MARMURKOWA DO JAJEK PLACKÓW 4 SEKCJE KLAUSBERG KB-7808
265082343;3803;5906716938031;DREWNIANA PATERA DWUPOZIOMOWA NA CIASTA PRZEKĄSKI 3803
265082344;KH-1873;5908287218734;TARKA SZATKOWNICA KRAJALNICA KINGHOFF KH-1873
265082345;KH-1874;5908287218741;MASZYNKA DO MIELENIA MIĘSA KINGHOFF KH-1874
265082347;3806;5906716938062;DESKA Z KLOSZEM 19cm DO PODAWANIA SERÓW CIASTEK 3806
265082348;KB-7801;5908287278011;GOLARKA DO UBRAŃ USUWANIA ZMECHACEŃ KLAUSBERG KB-7801
265082350;KB-7802;5908287278028;GOLARKA DO UBRAŃ USUWANIA ZMECHACEŃ KLAUSBERG KB-7802
265082351;E-6066;5907768760663;CHLEBAK BAMBUSOWY POJEMNIK NA PIECZYWO E-6066
265082353;3807;5906716938079;ORGANIZER BAMBUSOWY NA PRZYPRAWY W TOREBKACH 3807
265082354;KB-7803;5908287278035;AKUMULATOROWA GOLARKA DO UBRAŃ USUWANIA ZMECHACEŃ KLAUSBERG KB-7803
265082356;KB-7804;5908287278042;AKUMULATOROWA GOLARKA DO UBRAŃ USUWANIA ZMECHACEŃ KLAUSBERG KB-7804
265082358;KB-7805;5908287278059;AKUMULATOROWA GOLARKA DO UBRAŃ USUWANIA ZMECHACEŃ KLAUSBERG KB-7805
265082359;KB-7806;5908287278066;AKUMULATOROWA GOLARKA DO UBRAŃ USUWANIA ZMECHACEŃ KLAUSBERG KB-7806
265082361;KB-7756;5908287277564;ZAPARZACZ TŁOKOWY DO KAWY/HERBATY TERMICZNY 350ml KLAUSBERG KB-7756
265082362;KB-7758;5908287277588;ZAPARZACZ TŁOKOWY DO KAWY/HERBATY TERMICZNY 1000ml KLAUSBERG KB-7758
265082364;KB-7761;5908287277618;ZAPARZACZ TŁOKOWY DO KAWY/HERBATY TERMICZNY 1000ml KLAUSBERG KB-7761
265082367;KB-7762;5908287277625;ZAPARZACZ TŁOKOWY DO KAWY/HERBATY TERMICZNY 350ml KLAUSBERG KB-7762
265082369;KB-7764;5908287277649;ZAPARZACZ TŁOKOWY DO KAWY/HERBATY TERMICZNY 1000ml KLAUSBERG KB-7764
265082370;KB-7767;5908287277670;ZAPARZACZ TŁOKOWY DO KAWY/HERBATY TERMICZNY 1000ml KLAUSBERG KB-7767
265082371;KB-7757;5908287277571;ZAPARZACZ TŁOKOWY DO KAWY/HERBATY TERMICZNY 600ml KLAUSBERG KB-7757
265082372;KB-7760;5908287277601;ZAPARZACZ TŁOKOWY DO KAWY/HERBATY TERMICZNY 600ml KLAUSBERG KB-7760
265082373;KB-7763;5908287277632;ZAPARZACZ TŁOKOWY DO KAWY/HERBATY TERMICZNY 600ml KLAUSBERG KB-7763
265082374;KB-7765;5908287277656;ZAPARZACZ TŁOKOWY DO KAWY/HERBATY TERMICZNY 350ml KLAUSBERG KB-7765
265082375;KB-7766;5908287277663;ZAPARZACZ TŁOKOWY DO KAWY/HERBATY TERMICZNY 600ml KLAUSBERG KB-7766
265082376;KB-7836;5908287278363;GRANITOWA FORMA BLACHA DO PIECZENIA TARTY 28cm KLAUSBERG KB-7836
265082377;KB-7839;5908287278394;GRANITOWA FORMA BLACHA DO PIECZENIA BABKI 22cm KLAUSBERG KB-7839
265082378;KB-7837;5908287278370;GRANITOWA FORMA BLACHA DO PIECZENIA BABKI 23,5cm KLAUSBERG KB-7837
265082379;KB-7838;5908287278387;GRANITOWA FORMA BLACHA DO PIECZENIA CIAST 27,5cm KLAUSBERG KB-7838
265082380;KB-7840;5908287278400;GRANITOWA FORMA DO PIECZENIA 6 PĄCZKÓW DONUT KLAUSBERG KB-7840
265082381;KB-7841;5908287278417;GRANITOWA FORMA DO PIECZENIA 12 PĄCZKÓW DONUT KLAUSBERG KB-7841
265082382;KH-1881;5908287218819;ROZDRABNIACZ SZNURKOWY SZATKOWNICA DO WAZRYW KINGHOFF KH-1881
265082383;KH-1882;5908287218826;ROZDRABNIACZ SZNURKOWY SZATKOWNICA DO WARZYW KINGHOFF KH-1882
265082384;3804;5906716938048;PÓŁKA STOJAK BAMBUSOWY NA 8 BUTEK WINA 3804
265082385;E-6266;5907768762667;ZESTAW NOŻY KUCHENNYCH W STOJAKU Z OSTRZAŁKĄ E-6266
265082386;E-6270;5907768762704;ZESTAW 9 ELEM. NOŻY KUCHENNYCH W STOJAKU Z OSTRZAŁKĄ I NOŻYCAMI E-6270
265082387;E-6265;5907768762650;ZESTAW 9 ELEM. NOŻY KUCHENNYCH W STOJAKU Z OSTRZAŁKĄ I NOŻYCAMI E-6265
265082388;E-6263;5907768762636;ZESTAW 9 ELEM. NOŻY KUCHENNYCH W STOJAKU Z OSTRZAŁKĄ I NOŻYCAMI E-6263
265082389;E-6262;5907768762629;ZESTAW 9 ELEM. NOŻY KUCHENNYCH W STOJAKU Z OSTRZAŁKĄ I NOŻYCAMI E-6262
265082390;E-5155;5907768751555;CZAJNIK Z GWIZDKIEM 3L GLAMOUR BLACK GOLD E-5155
265082391;E-6074;5907768760748;ZESTAW 19 ELEM. NOŻY I PRZYBORÓW KUCHENNYCH W STOJAKU E-6074
265082392;E-6201;5907768762018;UNIWERSALNY POTRÓJNY STOJAK NA NOŻE I PRZYBORY KUCHENNE E-6201
265082393;E-6192;5907768761929;ZESTAW 5 KUCHENNYCH NOŻY MARMURKOWYCH Z OBIERACZKĄ E-6192
265082394;E-7032;5907768770327;GARNEK GRANITOWY Z POKRYWĄ 24cm 6,5L E-7032
265082395;KB-7777;5908287277779;PAROWNICA DO PIONOWEGO PRASOWANIA UBRAŃ 1500W KLAUSBERG KB-7777
265082396;KB-7778;5908287277786;PAROWNICA DO PIONOWEGO PRASOWANIA UBRAŃ 1500W KLAUSBERG KB-7778
265082397;153705;8719987561764;OKRĄGŁY POJEMNIK NA CIASTO TORT 34cm 153705
265082398;154033;8694917006464;PROSTOKĄTNY POJEMNIK NA CIASTO PRZEKĄSKI 45x35cm 154033
265082399;KB-7830;5908287278301;ZESTAW 12 ELEM. GARNKÓW MARMURKOWYCH KLAUSBERG KB-7830
265082401;KB-7831;5908287278318;ZESTAW 12 ELEM. GARNKÓW MARMURKOWYCH KLAUSBERG KB-7831
265082402;KB-7832;5908287278325;ZESTAW 12 ELEM. GARNKÓW MARMURKOWYCH KLAUSBERG KB-7832
265082403;KB-7833;5908287278332;ZESTAW 12 ELEM. GARNKÓW MARMURKOWYCH KLAUSBERG KB-7833
265082404;E-8252;5907768782528;STOJAK OBROTOWY NA PRZYPRAWY 12 POJEMNIKÓW E-8252
265082405;E-8253;5907768782535;STOJAK OBROTOWY NA PRZYPRAWY 16 POJEMNIKÓW E-8253
265082406;E-8256;5907768782566;STOJAK OBROTOWY NA PRZYPRAWY 16 POJEMNIKÓW E-8256
265082407;E-8255;5907768782559;STOJAK OBROTOWY NA PRZYPRAWY 12 POJEMNIKÓW E-8255
265082408;229170;8721037047609;DREWNIANY POJEMNIK PUDEŁKO NA HERBATĘ EKSPRESOWĄ 229170
265082409;259718;8719987465864;ZESTAW PRZYBORÓW BARMAŃSKICH 5 ELEMENTÓW 259718 CZARNY
265082410;MX-2172;5904734064220;STALOWY KUBEK TERMICZNY TERMOS 1200ml Z RĄCZKĄ I SŁOMKĄ KM-2172
265082411;279914;8712442834441;WKŁAD SILIKONOWY WIELORAZOWY DO FRYTOWNICY 20cm 279914
265082412;KB-7403;5902666614056;CZAJNIK EMALIOWANY Z GWIZDKIEM 2,8L KLAUSBERG KB-7403
265082413;KH-1875;5908287218758;KOMPLET OBIADOWY OPAL DLA 6 OSÓB 18 ELEM. KINGHOFF KH-1875
265082414;A22395;8591022537855;WYCISKACZ WYCISKARKA Z POJEMNIKIEM DO CYTRUSÓW BANQUET
265082415;KH-1877;5908287218772;KOMPLET OBIADOWY OPAL DLA 6 OSÓB 18 ELEM. KINGHOFF KH-1877
265082416;BH-2822;5999108477089;STALOWY NÓŻ SZEFA KUCHNI BERLINGER HAUS 22cm BH-2822
265082417;BH-2823;5999108477119;STALOWY NÓŻ SANTOKU BERLINGER HAUS 17,5cm BH-2823
265082418;BH-2825;5999108477171;STALOWY NÓŻ DO FILETOWANIA BERLINGER HAUS 22cm BH-2825
265082419;BH-2826;5999108477201;STALOWY NÓŻ UNIWERSALNY BERLINGER HAUS 12,5cm BH-2826
265082420;BH-2827;5999108477232;STALOWY NÓŻ DO OBIERANIA BERLINGER HAUS 9,5cm BH-2827
265082421;BH-2828;5999108477423;STALOWY NÓŻ SZEFA KUCHNI BERLINGER HAUS 22cm BH-2828 GOLD
265082422;BH-2829;5999108477454;STALOWY NÓŻ SANTOKU BERLINGER HAUS 17,5cm BH-2829 GOLD
265082423;BH-2931;5999108477515;STALOWY NÓŻ DO FILETOWANIA BERLINGER HAUS 22cm BH-2931 GOLD
265082424;BH-2932;5999108477546;STALOWY NÓŻ UNIWERSALNY BERLINGER HAUS 12,5cm BH-2932 GOLD
265082425;BH-2933;5999108477577;STALOWY NÓŻ DO OBIERANIA BERLINGER HAUS 9,5cm BH-2933 GOLD
265082426;BH-2934;5999108477607;STALOWY NÓŻ SZEFA KUCHNI BERLINGER HAUS 22cm BH-2934 ROSE GOLD
265082427;BH-2935;5999108477638;STALOWY NÓŻ SANTOKU BERLINGER HAUS 17,5cm BH-2935 ROSE GOLD
265082428;BH-2937;5999108477690;STALOWY NÓŻ DO FILETOWANIA BERLINGER HAUS 22cm BH-2937 ROSE GOLD
265082429;BH-2938;5999108477720;STALOWY NÓŻ UNIWERSALNY BERLINGER HAUS 12,5cm BH-2938 ROSE GOLD
265082430;BH-2939;5999108477751;STALOWY NÓŻ DO OBIERANIA BERLINGER HAUS 9,5cm BH-2939 ROSE GOLD
265082431;1785;5906716917852;ZESTAW DO CIASTA STOLNICA WAŁEK AKCESORIA 1785
265082432;KB-7784;5908287277847;MASELNICZKA PORCELANOWA Z NOŻYKIEM KLAUSBERG KB-7784 CZARNA
265082433;KB-7785;5908287277854;MASELNICZKA PORCELANOWA Z NOŻYKIEM KLAUSBERG KB-7785 BIAŁA
265082434;KB-7786;5908287277861;PORCELANOWA MISA DO SAŁAT Z PRZYBORAMI KLAUSBERG KB-7786 CZARNA
265082435;KB-7787;5908287277878;PORCELANOWA MISA DO SAŁAT Z PRZYBORAMI KLAUSBERG KB-7787 BIAŁA
265082436;2696;5906716926960;CHLEBAK STALOWY POJEMNIK NA PIECZYWO Z POJEMNIKAMI 2696
265082437;229154;5904316481865;SUSZARKA OCIEKACZ DO NACZYŃ VILDE 229154
265082439;229157;5904316481896;SUSZARKA OCIEKACZ DO NACZYŃ 2 POZIOMOWA VILDE 229157
265082440;229155;5904316481872;KOSZYK PIĘTROWY NA OWOCE PIECZYWO 2 POZIOMY 229155
265082441;229156;5904316481889;KOSZYK PIĘTROWY NA OWOCE PIECZYWO 3 POZIOMY 229156
265082442;KH-1855;5908287218550;CZAJNIK 1,8L Z GWIZDKIEM KINGHOFF KH-1855 zielony
265082443;KH-1856;5908287218567;CZAJNIK 1,8L Z GWIZDKIEM KINGHOFF KH-1856 różowy
265082444;KB-7773;5908287277731;CZAJNIK STALOWY Z GWIZDKIEM 2,5L KLAUSBERG KB-7773
265082445;KB-7774;5908287277748;CZAJNIK STALOWY Z GWIZDKIEM 2,5L KLAUSBERG KB-7774
265082446;KB-7776;5908287277762;CZAJNIK STALOWY Z GWIZDKIEM 2,8L KLAUSBERG KB-7776
265082447;KB-7852;5908287278523;ANALITYCZNA WAGA ŁAZIENKOWA SMART IOS ANDROID KLAUSBERG KB-7852
265082448;KB-7853;5908287278530;ANALITYCZNA WAGA ŁAZIENKOWA SMART IOS ANDROID KLAUSBERG KB-7853
265082449;KB-7854;5908287278547;ANALITYCZNA WAGA ŁAZIENKOWA SMART IOS ANDROID KLAUSBERG KB-7854
265082450;KB-7855;5908287278554;ANALITYCZNA WAGA ŁAZIENKOWA SMART IOS ANDROID KLAUSBERG KB-7855
265082451;KB-7856;5908287278561;ANALITYCZNA WAGA ŁAZIENKOWA SMART IOS ANDROID KLAUSBERG KB-7856
265082452;KB-7857;5908287278578;ANALITYCZNA WAGA ŁAZIENKOWA SMART IOS ANDROID KLAUSBERG KB-7857
265082454;A15722;8591022440223;ZESTAW NOŻY KUCHENNYCH W STOJAKU BANQUET PLATINUM
265082455;A14541;8591022426302;STALOWY NÓŻ SZEFA KUCHNI 33,5cm BANQUET
265082456;A14542;8591022426319;STALOWY NÓŻ SANTOKU 30,5cm BANQUET
265082457;A14540;8591022426326;STALOWY NÓŻ DO FILETOWANIA 26cm BANQUET
265082458;A14539;8591022426333;STALOWY NÓŻ UNIWERSALNY 23,5cm BANQUET
265082459;A14538;8591022426340;STALOWY NÓŻ DO OBIERANIA 21cm BANQUET
265082460;229164;5904316481803;DWUPOZIOMOWY ORGANIZER POJEMNIK DO LODÓWKI NA 40 JAJEK 229164
265082461;139686;5904316481582;ZESTAW MISECZEK Z ŁYŻECZKAMI NA DESCE DO SERWOWANIA SOSÓW PRZEKĄSEK 139686
265082462;139687;5904316481599;ZESTAW MISECZEK Z ŁYŻECZKAMI NA DESCE DO SERWOWANIA SOSÓW PRZEKĄSEK 139687
265082463;229151;5904316479343;ZESTAW SZKLANYCH POJEMNIKÓW NA ŻYWNOŚĆ Z POKRYWAMI I USZCZELKAMI 229151
265082464;259673;5904316479374;DZBANEK SZKLANY ZAPARZACZ Z SITKIEM 2L DO HERBATY ZIÓŁ 259673
265082465;259672;5904316479350;ZAPARZACZ TŁOKOWY DO KAWY/HERBATY 1000ml 259672
265082466;KB-7789;5908287277892;WKŁAD SILIKONOWY DO FRYTOWNICY 20cm KLAUSBERG KB-7789 2 szt.
265082467;KB-7790;5908287277908;WKŁAD SILIKONOWY DO FRYTOWNICY KWADRATOWY KLAUSBERG KB-7790 2 szt.
265082468;KB-7791;5908287277915;WKŁAD SILIKONOWY DO FRYTOWNICY PROSTOKĄTNY KLAUSBERG KB-7791 2 szt.
265082469;KB-7858;5908287278585;ZESTAW 5 ELEM. GARNKÓW MARMURKOWYCH KLAUSBERG KB-7858
265082470;KH-1894;5908287218949;BUTELKA SPRYSKIWACZ DO OCTU I OLIWY KINGHOFF KH-1894
265082471;A18841;8591022487198;ZESTAW 5 NOŻY KUCHENNYCH BANQUET TRINITY
265082472;A16842;8591022461730;ZESTAW 10 PRZYBORÓW DO GRILLA W ALUMINIOWEJ WALIZCE BANQUET
265082473;139682;5904316481483;CUKIERNICA CUKIERNICZKA CERAMICZNA Z ŁYŻECZKĄ BIAŁA 139682
265082474;139679;5904316481452;MASELNICZKA MASELNICA CERAMICZNA CZARNA 139679
265082475;139680;5904316481469;MASELNICZKA MASELNICA CERAMICZNA BIAŁA 139680
265082476;139681;5904316481476;CUKIERNICA CUKIERNICZKA CERAMICZNA Z ŁYŻECZKĄ CZARNA 139681
265082477;139683;5904316481490;CUKIERNICA CUKIERNICZKA CERAMICZNA Z ŁYŻECZKĄ CZARNA 139683
265082478;139684;5904316481506;CUKIERNICA CUKIERNICZKA CERAMICZNA Z ŁYŻECZKĄ BIAŁA 139684
265082479;199033;5904316471712;PATELNIA ŻELIWNA 15cm CAST LINE 199033
265082480;199069;5904316487768;PATELNIA ŻELIWNA 26cm DO NALEŚNIKÓW CAST LINE 199069
265082481;199071;5904316487782;PATELNIA ŻELIWNA Z DESKĄ DO SERWOWANIA 199071 CAST LINE
265082482;199072;5904316487799;PATELNIA ŻELIWNA Z DESKĄ DO SERWOWANIA 199072 CAST LINE
265082483;199074;5904316487836;PŁYTA ŻELIWNA GRILLOWA DWUSTRONNA 50,5x23,5cm CAST LINE 199074
265082484;259702;5904316487805;ŻELIWNA PRASKA DO GRILLOWANIA BURGERÓW STEKÓW MIĘSA 259702
265082485;199073;5904316487829;GARNEK ŻELIWNY 10cm DO ZAPIEKANIA I SERWOWANIA 199073 CAST LINE
265082486;279010;5904316487843;BRYTFANNA PATELNIA ŻELIWNA 2w1 1,5/3,5L CAST LINE 279010
265082487;BH-6335;5999108483516;ZESTAW PRZYBORÓW KUCHENNYCH BERLINGER HAUS BH-6335 TAUPE
265082488;BH-6336;5999108483530;ZESTAW PRZYBORÓW KUCHENNYCH BERLINGER HAUS BH-6336 SAHARA
265082489;BH-6337;5999108483554;ZESTAW PRZYBORÓW KUCHENNYCH BERLINGER HAUS BH-6337 LEONARDO
265082490;BH-6339;5999108483592;ZESTAW PRZYBORÓW KUCHENNYCH BERLINGER HAUS BH-6339 ANTRACITE
265082491;BH-6525;5999108473968;GARNEK ŻELIWNY 24cm 4,35L BERLINGER HAUS BH-6525 TAUPE
265082492;BH-6526;5999108473982;BRYTFANNA ŻELIWNA Z POWŁOKĄ CERAMICZNĄ BERLINGER HAUS BH-6526 TAUPE
265082493;BH-6734;5999108475917;CHLEBAK Z ZESTAWEM POJEMNIKÓW BERLINGER HAUS BH-6734 AQUAMARINE
265082494;BH-6527;5999108474002;GARNEK ŻELIWNY 26cm PŁASKI BERLINGER HAUS BH-6527 TAUPE
265082495;BH-6530;5999108474064;GARNEK ŻELIWNY 26cm PŁASKI BERLINGER HAUS BH-6530 SAHARA
265082496;BH-6531;5999108474088;ZAPARZACZ ŻELIWNY 850ml BERLINGER HAUS BH-6531
265082497;BH-6532;5999108486975;TACA PŁYTA GRILLOWA ŻELIWNA BERLINGER HAUS BH-6532
265082498;BH-6540;5999108494406;EMALIOWANA BRYTFANNA ŻELIWNA 30cm BERLINGER HAUS BH-6540 SAHARA
265082499;BH-6541;5999108494420;EMALIOWANA BRYTFANNA ŻELIWNA 30cm BERLINGER HAUS BH-6541 TAUPE
265082500;BH-6728;5999108458293;CHLEBAK STALOWY BERLINGER HAUS BH-6728 BLACK ROSE
265082501;BH-7784;5999108485572;GARNEK TYTANOWY 28cm BERLINGER HAUS BH-7784 BLACK ROSE
265082502;BH-7785;5999108485596;PŁASKI GARNEK TYTANOWY Z POKRYWĄ 28cm BERLINGER HAUS BH-7785 SAHARA
265082503;199075;5904316487850;GARNEK ŻELIWNY 26cm Z POKRYWĄ 199075 CAST LINE
265082504;BH-7786;5999108485619;GARNEK TYTANOWY Z POKRYWĄ 20cm BERLINGER HAUS BH-7786 SAHARA
265082505;BH-7787;5999108485633;GARNEK TYTANOWY Z POKRYWĄ 24cm BERLINGER HAUS BH-7787 SAHARA
265082506;BH-7788;5999108485657;GARNEK TYTANOWY Z POKRYWĄ 28cm BERLINGER HAUS BH-7788 SAHARA
265082507;BH-7790;5999108485695;PATELNIA TYTANOWA Z POKRYWĄ 34x34cm BERLINGER HAUS BH-7790 SAHARA
265082508;BH-7789;5999108485671;PATELNIA TYTANOWA Z POKRYWĄ 34x34cm BERLINGER HAUS BH-7789 BLACK ROSE
265082509;BH-7792;5999108485732;PATELNIA TYTANOWA 26cm DO PLACUSZKÓW EMOJI BERLINGER HAUS BH-7792 SAHARA
265082510;BH-7793;5999108485756;PATELNIA TYTANOWA 26cm DO PLACUSZKÓW BERLINGER HAUS BH-7793 BLACK ROSE
265082511;BH-7800;5999108485893;PATELNIA TYTANOWA 26cm DO PLACUSZKÓW ANIMALS BERLINGER HAUS BH-7800 SAHARA
265082512;BH-7794;5999108485770;PATELNIA TYTANOWA 26cm DO PLACUSZKÓW BERLINGER HAUS BH-7794 SAHARA
265082513;BH-7797;5999108485831;PATELNIA TYTANOWA 26cm DO HAMBURGERÓW JAJEK BERLINGER HAUS BH-7797 BLACK ROSE
265082514;BH-7795;5999108485794;PATELNIA TYTANOWA 26cm DO PLACKÓW JAJEK BERLINGER HAUS BH-7795 BLACK ROSE
265082515;BH-7798;5999108485855;PATELNIA TYTANOWA 26cm DO HAMBURGERÓW JAJEK BERLINGER HAUS BH-7798 SAHARA
265082516;BH-8583;5999108496899;MŁYNEK DO PIEPRZU I SOLI BERLINGER HAUS BH-8553 BLACK ROSE
265082517;BH-8580;5999108496875;MŁYNEK DO PIEPRZU I SOLI BERLINGER HAUS BH-8580 SAHARA
265082518;BH-8579;5999108496813;MŁYNEK DO PIEPRZU I SOLI BERLINGER HAUS BH-8579 TAUPE
265082519;BH-8552;5999108496837;MŁYNEK DO PIEPRZU I SOLI BERLINGER HAUS BH-8552 ROSE GOLD
265082520;BH-8066;5999108468742;PATELNIA GRILLOWA TYTANOWA 28cm BERLINGER HAUS BH-8066 SAHARA
265082521;BH-8077;5999108468964;PŁYTA GRILLOWA TYTANOWA 47cm BERLINGER HAUS BH-8077 SAHARA
265082522;BH-8619;5999108485091;ZESTAW PRZYBORÓW KUCHENNYCH BERLINGER HAUS BH-8619 SAHARA
265082523;BH-8628;5999108485930;GARNEK TYTANOWY HOT POT Z POKRYWĄ 30cm BERLINGER HAUS BH-8628 SAHARA
265082524;BH-8627;5999108485916;GARNEK TYTANOWY HOT POT Z POKRYWĄ 30cm BERLINGER HAUS BH-8627 BLACK ROSE
265082525;BH-8617;5999108485053;ZESTAW PRZYBORÓW KUCHENNYCH BERLINGER HAUS BH-8617 BLACK ROSE
265082526;BH-8618;5999108485077;ZESTAW PRZYBORÓW KUCHENNYCH BERLINGER HAUS BH-8618 TAUPE
265082527;BH-8620;5999108485114;ZESTAW PRZYBORÓW KUCHENNYCH BERLINGER HAUS BH-8620 LEONARDO
265082528;BH-8595;5999108490118;SUSZARKA DO NACZYŃ Z OCIEKACZEM BERLINGER HAUS BH-8595 SAHARA
265082529;BH-8644;5999108488771;SUSZARKA DO NACZYŃ Z OCIEKACZEM BERLINGER HAUS BH-8644 BLACK ROSE
265082530;BH-8608;5999108483738;MOŹDZIERZ GRANITOWY BERLINGER HAUS BH-8608 Ø14cm BLACK ROSE
265082531;KH-1030;5908287210301;3 PATELNIE GRANITOWE GRANIT WOOD KINGHOFF KH-1030
265082532;KH-3586;5908287235861;KINGHOFF SZTUĆCE DLA DZIECI 4ELEM. KH-3586
265082533;KH-1435;5908287214354;ŁYŻKA OBIADOWA 6 szt.KINGHOFF KH-1435 połysk
265082534;KH-1633;5908287216334;CZAJNIK ZAPARZACZ Z SITKIEM KINGHOFF 1.2L KH-1633
265082535;21032090;5903456110758;INTELIGENTNA MASELNICZKA WODNA Z NOŻYKIEM SZARA
265082536;KB-7569;5908287275690;SUSZARKA DO GRZYBÓW OWOCÓW ZIÓŁ KLAUSBERG KB-7569
265082537;1012;5906716910129;MASZYNKA DO ZAKRĘCONYCH CHIPSÓW FRYTEK 1012
265082538;120752;8592381040604;PRZECIERAK TARKA DO MAKARONU KLUSEK GNOCCHI 120752
265082539;KH-1731;5908287217317;SUSZARKA OCIEKACZ DO NACZYŃ KINGHOFF KH-1731
265082540;2737;5906716927370;CHLEBAK BAMBUSOWY POJEMNIK NA PIECZYWO 2737
265082541;A21660;8591022526316;SŁOMKI SILIKONOWE DO NAPOJÓW WIELORAZOWE 6 szt. + CZYŚCIK BANQUET
265082542;KB-7659;5908287276598;ZESTAW 12 ELEM. GARNKÓW MARMURKOWYCH KLAUSBERG KB-7659
265082543;KB-7658;5908287276581;ZESTAW 12 ELEM. GARNKÓW MARMURKOWYCH KLAUSBERG KB-7658
265082544;KB-7657;5908287276574;ZESTAW 12 ELEM. GARNKÓW MARMURKOWYCH KLAUSBERG KB-7657
265082545;KH-1811;5908287218116;ELEKTRYCZNY SPIENIACZ DO MLEKA KINGHOFF KH-1811
265082546;231018;5903456119454;POJEMNIK NA OWOCE WARZYWA CEBULĘ ZIEMNIAKI 10L PRACTIC
265082547;KB-7612;5908287276123;CZAJNIK STALOWY Z GWIZDKIEM 3L KLAUSBERG KB-7612
265082548;2749;5906716927493;CHLEBAK POJEMNIK NA PIECZYWO DWUSTRONNY 2749
265082549;151750;8681153041151;WKŁAD SILIKONOWY WIELORAZOWY DO FRYTOWNICY 20cm 151750
265082550;279910;8712442834410;WKŁAD SILIKONOWY WIELORAZOWY DO FRYTOWNICY 20,5cm 279910
265082551;KB-7834;5908287278349;ZESTAW NOŻY I DESEK KUCHENNYCH W STOJAKU KLAUSBERG KB-7834
265082552;KB-7835;5908287278356;ZESTAW NOŻY I PRZYBORÓW KUCHENNYCH Z DESKĄ W STOJAKU KLAUSBERG KB-7835
265082553;4250;5906716942502;CHLEBAK POJEMNIK BAMBUSOWY NA PIECZYWO 4250
265082555;4256;5906716942564;CHLEBAK POJEMNIK NA PIECZYWO DWUSTRONNY 4256
265082556;4252;5906716942526;CHLEBAK POJEMNIK BAMBUSOWY NA PIECZYWO 4252
265082557;4253;5906716942533;CHLEBAK POJEMNIK BAMBUSOWY NA PIECZYWO 4253
265082558;4251;5906716942519;CHLEBAK POJEMNIK BAMBUSOWY NA PIECZYWO 4251
265082559;4263;5906716942632;ZESTAW 4 POJEMNIKÓW KUCHENNYCH NA PRODUKTY SYPKIE 4263
265082560;4264;5906716942649;ZESTAW 4 POJEMNIKÓW KUCHENNYCH NA PRODUKTY SYPKIE 4264
265082561;2671;5906716926717;MASELNICZKA STALOWA Z NOŻYKIEM DO SMAROWANIA 2671
265082562;1747;5906716917470;PÓŁKA KUCHENNA NA PRZYPRAWY AKCESORIA 1747
265082563;56120665;5903456120665;MISKA KUCHENNA Z 2 TARKAMI DO TARCIA WARZYW SERA PRACTIC
265082564;KH-1907;5908287219076;FORMA REGULOWANA RANT DO CIAST TORTÓW KINGHOFF KH-1907 PROSTOKĄTNA
265082565;KH-1906;5908287219069;FORMA REGULOWANA RANT DO CIAST TORTÓW KINGHOFF KH-1906 KWADRATOWA
265082566;KH-2253;5908287222533;GARNEK ŻELIWNY 22cm 2,4L KINGHOFF KH-2253
265082567;KH-1520;5908287215207;EMALIOWANY GARNEK ŻELIWNY 21cm KINGHOFF KH-1520
265082568;KH-1521;5908287215214;EMALIOWANY GARNEK ŻELIWNY 24cm KINGHOFF KH-1521
265082569;KH-1529;5908287215290;EMALIOWANY GARNEK ŻELIWNY 24cm KINGHOFF KH-1529
265082570;KH-1614;5908287216143;EMALIOWANY GARNEK ŻELIWNY 21cm KINGHOFF KH-1614
265082571;KH-1530;5908287215306;EMALIOWANA BRYTFANNA ŻELIWNA 30cm KINGHOFF KH-1530
265082572;KH-1612;5908287216129;EMALIOWANA BRYTFANNA ŻELIWNA 33cm KINGHOFF KH-1612
265082573;KH-1111;5908287211117;BRYTFANNA ŻELIWNA 33cm 6,2L KINGHOFF KH-1111
265082574;KH-2254;5908287222540;GARNEK ŻELIWNY 24cm 4L KINGHOFF KH-2254
265082575;154059;8682655106874;ORGANIZER POJEMNIK DO LODÓWKI NA 30 JAJEK 154059
265082576;489275;5904316470654;LEŻAK SKŁADANY PLAŻOWY OGRODOWY VILDE 489725
265082577;KH-2233;5908287222335;KOCIOŁEK GARNEK MYŚLIWSKI ŻELIWNY 10L KINGHOFF KH-2233
265082578;KH-2241;5908287222410;KOCIOŁEK ŻELIWNY GARNEK MYŚLIWSKI EMALIOWANY 4L KINGHOFF KH-2241
265082579;KH-2242;5908287222427;KOCIOŁEK ŻELIWNY GARNEK MYŚLIWSKI EMALIOWANY 7L KINGHOFF KH-2242
265082580;KH-2243;5908287222434;KOCIOŁEK ŻELIWNY GARNEK MYŚLIWSKI EMALIOWANY 10L KINGHOFF KH-2243
265082581;2163;5906716921637;WKŁAD PAROWY DO GARNKÓW 16/18/20cm UNIWERSALNY 2163
265082582;KH-4447;5908287244474;KINGHOFF ZESTAW GARNKÓW 6 ELEM. KH-4447
265082583;KB-7471;5908287274716;WENTYLATOR WIATRAK CYRKULATOR PODŁOGOWY 100W KLAUSBERG KB-7471
265082584;KB-7517;5908287275171;WENTYLATOR WIATRAK CYRKULATOR PODŁOGOWY 100W KLAUSBERG KB-7517
265082585;259234-PR;5904316455873;KOKILKI MISECZKI PORCELANOWE DO ZAPIEKANIA 3 szt.
265082586;KH-1768;5908287217683;12 ELEMENTOWY ZESTAW GARNKÓW KINGHOFF KH-1768
265082587;KB-7694;5908287276949;ZESTAW GARNKÓW 8 ELEMENTÓW KLAUSBERG KB-7694
265082588;KB-7701;5908287277014;ZESTAW GARNKÓW 8 ELEMENTÓW KLAUSBERG KB-7701
265082589;KB-7695;5908287276956;ZESTAW GARNKÓW 9 ELEMENTÓW KLAUSBERG KB-7695
265082590;3327;5906716933272;WKŁAD PAPIEROWY DO FRYTOWNICY 20cm 100szt. 3327
265082591;KB-7775;5908287277755;CZAJNIK STALOWY Z GWIZDKIEM 2,5L KLAUSBERG KB-7775
265082592;489330;8721037343541;ŁOPATKA I SZCZYPCE DO GRILLA BBQ 2w1 489330
265082593;139677;5904316481438;MASELNICZKA MASELNICA CERAMICZNA CZARNA 139677
265082594;139678;5904316481445;MASELNICZKA MASELNICA CERAMICZNA BIAŁA 139678
265082595;BH-7896;5999108480096;BRYTFANNA FORMA 35x27cm BERLINGER HAUS BH-7896 ROSE GOLD
265082596;BH-7899;5999108486395;BRYTFANNA FORMA 40x28,5cm BERLINGER HAUS BH-7899 CARBON PRO
265082597;BH-7901;5999108486357;BRYTFANNA FORMA 29,5x26,5cm BERLINGER HAUS BH-7901 BURGUNDY
265082598;BH-7903;5999108487477;BRYTFANNA FORMA TYTANOWA 40x28cm BERLINGER HAUS BH-7903 TAUPE
265082599;BH-7913;5999108487514;BRYTFANNA FORMA TYTANOWA 35x27cm BERLINGER HAUS BH-7913 TAUPE
265082600;BH-7937;5999108487590;TORTOWNICA FORMA TYTANOWA 26cm BERLINGER HAUS BH-7937 TAUPE
265082601;BH-7935;5999108487118;TORTOWNICA FORMA TYTANOWA 26cm BERLINGER HAUS BH-7935 LEONARDO
265082602;BH-7941;5999108487132;FORMA TYTANOWA 39x27cm BERLINGER HAUS BH-7941 LEONARDO
265082603;BH-7943;5999108487613;FORMA TYTANOWA 39x27cm BERLINGER HAUS BH-7943 TAUPE
265082604;BH-7947;5999108487637;FORMA TYTANOWA DO 12 MUFFINEK BERLINGER HAUS BH-7947 TAUPE
265082605;BH-8083;5999108469084;PATELNIA TYTANOWA 24cm BERLINGER HAUS BH-8083 TAUPE
265082606;BH-8084;5999108469107;PATELNIA TYTANOWA 28cm BERLINGER HAUS BH-8084 TAUPE
265082608;BH-8085;5999108469121;PATELNIA TYTANOWA DO NALEŚNIKÓW 25cm BERLINGER HAUS BH-8085 TAUPE
265082609;BH-8096;5999108469343;PATELNIA GRILLOWA TYTANOWA 28cm BERLINGER HAUS BH-8096 TAUPE
265082610;BH-8101;5999108469442;GARNEK TYTANOWY Z POKRYWĄ 24cm BERLINGER HAUS BH-8101 TAUPE
265082611;BH-8087;5999108469442;RONDEL TYTANOWY 16cm BERLINGER HAUS BH-8087 TAUPE
265082612;BH-8111;5999108469640;ZESTAW GARNKÓW TYTANOWYCH 15 ELEM. BERLINGER HAUS BH-8111 TAUPE
265082613;BH-8234;5999108480768;ZESTAW GARNKÓW GRANITOWYCH 15 elem. BERLINGER HAUS BH-8234 BLACK ROSE
265082614;BH-8559;5999108473234;STOJAK OBROTOWY NA PRZYPRAWY 12 POJEMNIKÓW BERLINGER HAUS BH-8559 BLACK ROSE
265082615;BH-8576;5999108475672;ZESTAW 5 POJEMNIKÓW NA ŻYWNOŚĆ BERLINGER HAUS BH-8576 TAUPE
265082616;BH-8247;5999108483172;ZESTAW GARNKÓW TYTANOWYCH 12 ELEM. BERLINGER HAUS BH-8247 SAHARA
265082617;BH-8250;5999108483233;ZESTAW GARNKÓW TYTANOWYCH 12 ELEM. BERLINGER HAUS BH-8250 LEONARDO
265082618;BH-8251;5999108483257;ZESTAW GARNKÓW TYTANOWYCH 12 ELEM. BERLINGER HAUS BH-8251 TAUPE
265082619;BH-8252;5999108483271;ZESTAW GARNKÓW TYTANOWYCH 12 ELEM. BERLINGER HAUS BH-8252 ANTRACITE
265082620;BH-8253;5999108483295;ZESTAW GARNKÓW TYTANOWYCH 9 ELEM. BERLINGER HAUS BH-8253 SAHARA
265082621;BH-8254;5999108483318;ZESTAW GARNKÓW TYTANOWYCH 9 ELEM. BERLINGER HAUS BH-8254 LEONARDO
265082622;BH-8255;5999108483332;ZESTAW GARNKÓW TYTANOWYCH 9 ELEM. BERLINGER HAUS BH-8255 TAUPE
265082623;BH-8256;5999108483356;ZESTAW GARNKÓW TYTANOWYCH 9 ELEM. BERLINGER HAUS BH-8256 ANTRACITE
265082624;BH-8667;5999108490798;FORMA TYTANOWA 28x28cm BERLINGER HAUS BH-8667 TAUPE
265082625;BH-8684;5999108497216;BRYTFANNA FORMA TYTANOWA 40x28cm BERLINGER HAUS BH-8684 ANTRACITE
265082626;BH-8692;5999108497377;FORMA TYTANOWA DO BABKI 25cm BERLINGER HAUS BH-8692 ANTRACITE
265082627;BH-8771;5999108496936;BRYTFANNA TYTANOWA Z AROMATYZEREM BERLINGER HAUS BH-8771 ANTRACITE
265082628;E-6045;5907768760458;CHLEBAK BAMBUSOWY POJEMNIK NA PIECZYWO E-6045
265082629;3141;5906716931414;REGULOWANA TORTOWNICA FORMA DO PIECZENIA 8cm 3141
265082630;KH-1723;5908287217232;CHLEBAK STALOWY KINGHOFF KH-1723
265082631;E-6185;5907768761851;SILIKONOWA FORMA DO BABECZEK CIASTEK E-6185
265082632;KH-1754;5908287217546;CHLEBAK STALOWY KINGHOFF KH-1754 beżowy
265082633;E-6053;5907768760533;CHLEBAK BAMBUSOWY POJEMNIK NA PIECZYWO E-6053
265082634;KB-7677;5908287276772;ZAPARZACZ TŁOKOWY DO KAWY/HERBATY Z 600ml KLAUSBERG KB-7677
265082635;KB-7681;5908287276819;ZAPARZACZ TŁOKOWY DO KAWY/HERBATY 1000ml KLAUSBERG KB-7681
265082636;KB-7714;5908287277144;UCHWYT METALOWY NA RĘCZNIKI PAPIEROWE KLAUSBERG KB-7714
265082637;120071;8592381201753;WKŁAD PAPIEROWY DO FRYTOWNICY 21x21cm 100szt. KWADRATOWY 120071
265082638;E-6069;5907768760694;ZESTAW 19 ELEM. NOŻY I PRZYBORÓW KUCHENNYCH W STOJAKU E-6069
265082639;E-6070;5907768760700;ZESTAW 19 ELEM. NOŻY I PRZYBORÓW KUCHENNYCH W STOJAKU E-6070
265082640;BH-9555;5999108476785;ZESTAW MŁYNKÓW ELEKTRYCZNYCH BERLINGER HAUS BH-9555 LEONARDO
265082641;BH-9478;5999108466915;CZAJNIK ELEKTRYCZNY 1L BERLINGER HAUS BH-9478 BLACK ROSE
265082642;BH-9477;5999108466892;CZAJNIK ELEKTRYCZNY 1,7L BERLINGER HAUS BH-9477 BLACK ROSE
265082643;BH-9476;5999108466878;CZAJNIK ELEKTRYCZNY 1,7L BERLINGER HAUS BH-9476 MATTE BLACK
265082644;BH-9512;5999108472640;MIKSER ROBOT PLANETARNY BERLINGER HAUS BH-9512 MATTE BLACK
265082645;BH-9589;5999108479793;CZAJNIK ELEKTRYCZNY 1,7L BERLINGER HAUS BH-9589 MATTE BLACK
265082646;BH-9644;5999108482311;MŁYNEK ELEKTRYCZNY DO DO PIEPRZU I SOLI BERLINGER HAUS BH-9644 LEONARDO
265082647;BH-9615;5999108481451;WAGA KUCHENNA Z MISĄ BERLINGER HAUS BH-9615 LEONARDO
265082648;BH-9616;5999108481475;WAGA KUCHENNA Z MISĄ BERLINGER HAUS BH-9616 TAUPE
265082649;BH-9617;5999108481499;WAGA KUCHENNA Z MISĄ BERLINGER HAUS BH-9617 SAHARA
265082650;259405;8720573209939;ZESTAW 5 NOŻY DO OBIERANIA WARZYW I OWOCÓW 259405
265082651;BH-1457;5999108485558;GARNEK TYTANOWY 24cm BERLINGER HAUS BH-1457 BLACK ROSE
265082652;BH-1456;5999108485534;GARNEK TYTANOWY 20cm BERLINGER HAUS BH-1456 BLACK ROSE
265082653;BH-1455;5999108485510;GARNEK TYTANOWY 28cm BERLINGER HAUS BH-1455 BLACK ROSE
265082654;BH-2949;5999108478093;ZESTAW 6 NOŻY BERLINGER HAUS BH-2949 BLACK ROSE
265082655;BH-2956;5999108478239;ZESTAW 4 NOŻY BERLINGER HAUS BH-2956 BLACK ROSE
265082656;BH-3122;5999108484308;ZESTAW NOŻY BERLINGER HAUS BH-3122 TAUPE W BLOKU BAMBUSOWYM
265082658;BH-3121;5999108484308;ZESTAW NOŻY BERLINGER HAUS BH-3121 SAHARA W BLOKU BAMBUSOWYM
265082659;BH-2760;5999108484247;ZESTAW NOŻY BERLINGER HAUS BH-2760 BLACK ROSE W BLOKU BAMBUSOWYM
265082660;BH-2752;5999108484063;ZESTAW NOŻY BERLINGER HAUS BH-2752 BLACK ROSE W BLOKU BAMBUSOWYM
265082661;BH-2970;5999108478512;ZESTAW NOŻY BERLINGER HAUS BH-2970 BLACK ROSE W BLOKU BAMBUSOWYM
265082662;BH-3046;5999108491498;ZESTAW SZTUĆCÓW SZTUĆCE DO STEKÓW 12 szt. BERLINGER HAUS BH-3046
265082663;BH-3064;5999108473333;SZTUĆCE 24 ELEM. BERLINGER HAUS BH-3064 POŁYSK CHAMPAGNE
265082664;BH-3067;5999108473418;SZTUĆCE 24 ELEM. BERLINGER HAUS BH-3067 POŁYSK CHAMPAGNE
265082666;BH-3088;5999108491511;ZESTAW SZTUĆCÓW SZTUĆCE DO STEKÓW 12 szt. BERLINGER HAUS BH-3088
265082667;229195;5904316492144;ORGANIZER POJEMNIK DO LODÓWKI NA 36 JAJEK 229195
265082669;SZ-1611;5908287216112;6-ELEMENTOWY ZESTAW NOŻY MARMURKOWYCH SWISS ZURICH
265082670;73907;5900378739074;CZAJNIK Z GWIZDKIEM 2,5L HUSLA grey 73907
265082671;A05320;8591022346884;MISA NACZYNIE CERAMICZNE DO ZAPIEKANIA 24x14,5 cm BANQUET
265082672;3159;5906716931599;FORMA SILIKONOWA NA 6 KUL LODOWYCH DO DRINKÓW NAPOJÓW 3159
265082673;A05319;8591022346877;MISA NACZYNIE CERAMICZNE DO ZAPIEKANIA 20,5x12 cm BANQUET
265082674;BH-9527;5999108474323;WAGA ŁAZIENKOWA BODY FAT BERLINGERHAUS BH-9527
265082675;BH-9653;5999108488719;ELEKTRYCZNY OTWIERACZ ZESTAW DO WINA BERLINGER HAUS BH-9653
265082676;BH-9655;5999108486074;PATELNIA ELEKTRYCZNA DO NALEŚNIKÓW 20cm BERLINGER HAUS BH-9655 MATTE BLACK
265082677;BH-9660;5999108489365;CYFROWY TOSTER DO GRZANEK BERLINGER HAUS BH-9660 MATTE BLACK
265082678;BH-9661;5999108489372;CYFROWY TOSTER DO GRZANEK BERLINGER HAUS BH-9661 BLACK ROSE
265082679;BH-9662;5999108489389;CYFROWY TOSTER DO GRZANEK BERLINGER HAUS BH-9662 LEONARDO
265082680;BH-9663;5999108489396;CYFROWY TOSTER DO GRZANEK BERLINGER HAUS BH-9663 SAHARA
265082681;BH-9664;5999108489402;CYFROWY TOSTER DO GRZANEK BERLINGER HAUS BH-9664 TAUPE
265082682;BH-9669;5999108486456;WOLNOWAR GARNEK ELEKTRYCZNY 3,5L BERLINGER HAUS BH-9669 BLACK ROSE
265082683;BH-9501;5999108472503;WOLNOWAR GARNEK ELEKTRYCZNY 3,5L BERLINGER HAUS BH-9501 BLACK ROSE
265082684;BH-9383;5999056787070;WOLNOWAR GARNEK ELEKTRYCZNY 3,5L BERLINGER HAUS BH-9383 ROSE GOLD
265082690;93210;5902340932100;POJEMNIK KUCHENNY NA PRODUKTY SYPKIE KASSEL 93210
265082692;KH-1895;5908287218956;PATELNIA ŻELIWNA 29cm DO NALEŚNIKÓW PIZZY KINGHOFF KH-1895
265082693;BH-9540;5999108483752;CZAJNIK ELEKTRYCZNY 1,7L + TOSTER CYFROWY BERLINGER HAUS BH-9540 BLACK ROSE
265082694;140403;8720573172677;ZESTAW SZTUĆCÓW SZTUĆCE DO STEKÓW PIZZY 12 ELEM.
265082695;279911;8712442834380;WKŁAD PAPIEROWY DO FRYTOWNICY 20x20cm 50szt. KWADRATOWY 279911
265082696;279011;8721037108324;WKŁAD PAPIEROWY DO FRYTOWNICY 20cm 50szt. OKRĄGŁY 279011
265082697;279917;5907696076935;FORMA SILIKONOWA DO CZEKOLADY DUBAJSKIEJ 279917
265082698;229158;5904316481834;ZESTAW 12 POJEMNIKÓW NA ŻYWNOŚĆ Z POKRYWAMI I USZCZELKAMI 229158
265082699;KH-1124;5908287211247;RONDEL STALOWY DO SOSÓW KINGHOFF 14cm KH-1124
265082700;124574-Z;5907610280844;BUTELKA BIDON 650ml Z WKŁADEM NA OWOCE ZIELONA 124574-Z
265082701;KB-7044;5902666610447;CZAJNIK KLAUSBERG 1,8L THERMO INDICATOR KB-7044
265082702;KH-3777;5908287237773;Czajnik z gwizdkiem Kinghoff 3L KH-3777
265082703;KH-1066;5908287210660;CZAJNIK Z GWIZDKIEM Z LINII GOLD 3,0L KH-1066
265082704;KH-3778;5908287237780;KINGHOFF CZAJNIK Z GWIZDKIEM 3,0L KH-3778
265082705;KB-7176;5902666611765;RĘCZNY MŁYNEK DO KAWY KLAUSBERG KB-7176
265082706;93711;5902340937112;Misa kuchenna 4l z durszlakiem Kassel 93711
265082707;139600;5904316470920;SŁÓJ SZKLANY 4,2l DO NAPOJÓW Z KRANIKIEM I STOJAKIEM 139600
265082708;KH-1896;5908287218963;CZAJNIK 1,5L Z GWIZDKIEM KINGHOFF KH-1896 SREBRNY
265082709;KH-1897;5908287218970;CZAJNIK 1,5L Z GWIZDKIEM KINGHOFF KH-1897 CZARNY MAT
265082710;5907558797589;5907558797589;SŁÓJ SZKLANY 4l DO NAPOJÓW Z KRANIKIEM I STOJAKIEM GRIFFO
265082711;5903313413695;5903313413695;SŁÓJ SZKLANY 4l DO NAPOJÓW Z KRANIKIEM I STOJAKIEM GRIFFO GOLD
265082712;5903313422307;5903313422307;SZYNKOWAR 1,5kg TERMOMETR WORKI GARNEK Z KOSZEM ZESTAW WĘDLINIARSKI
265082713;279001;5904316474263;ZESTAW DO CIASTA STOLNICA SILIKONOWA I WAŁEK 279001
265082714;2301;5906716923013;DWUPOZIOMOWA MINI SUSZARKA DO NACZYŃ Z OCIEKACZEM CZARNA 2301
265082715;KB-7605;5908287276055;WKŁAD PAPIEROWY DO FRYTOWNICY 20cm 100szt. KLAUSBERG KB-7605
265082716;KB-7604;5908287276048;WKŁAD PAPIEROWY DO FRYTOWNICY 16cm 100szt. KLAUSBERG KB-7604
265082717;KB-7781;5908287277816;WKŁAD PAPIEROWY DO FRYTOWNICY 16x16cm 100szt. KLAUSBERG KB-7781
265082718;KB-7782;5908287277823;WKŁAD PAPIEROWY DO FRYTOWNICY 20x20cm 100szt. KLAUSBERG KB-7782
265082719;KB-7783;5908287277830;WKŁAD PAPIEROWY DO FRYTOWNICY 22x14cm 100szt. KLAUSBERG KB-7783
265082720;KH-1424;5908287214248;RĘCZNA WYCISKARKA DO OWOCÓW I WARZYW KINGHOFF KH-1424
265082721;KH-1427;5908287214279;ŻELIWNA MASZYNKA #8 DO MIELENIA MIĘSA KINGHOFF KH-1427
265082722;KH-1428;5908287214286;ŻELIWNA MASZYNKA #10 DO MIELENIA MIĘSA KINGHOFF KH-1428
265082723;KH-1426;5908287214262;ŻELIWNA MASZYNKA #5 DO MIELENIA MIĘSA KINGHOFF KH-1426
265082724;KH-1430;5908287214309;ŻELIWNA MASZYNKA #22 DO MIELENIA MIĘSA KINGHOFF KH-1430
265082725;KH-1432;5908287214323;ŻELIWNA MASZYNKA #32 DO MIELENIA MIĘSA KINGHOFF KH-1432
265082726;KH-1425;5908287214255;MASZYNKA MŁYNEK DO MIELENIA ZBOŻA KINGHOFF KH-1425
265082727;E-6267;5907768762674;ZESTAW NOŻY KUCHENNYCH W STOJAKU Z OSTRZAŁKĄ E-6267
265082728;KB-7368;5902666613684;CZAJNIK Z GWIZDKIEM 2,7L KLAUSBERG KB-7368
265082729;229060;5904316422936;PÓŁKA NA PRZYPRAWY + WIESZAK NA RĘCZNIK PAPIEROWY 229060
265082730;199009;5904316465117;PATELNIA GRANITOWA DO JAJEK PLACUSZKÓW BURGERÓW BLACK&WOOD 199009
265082731;199010;5904316465124;PATELNIA GRANITOWA DO NALEŚNIKÓW BLACK&WOOD 199010
265082732;199006;5904316465087;PATELNIA GRANITOWA DO 4 JAJEK PLACUSZKÓW BLACK&WOOD 199006
265082733;730512-B;5907610284590;POJEMNIK NA WARZYWA CEBULĘ ZIEMNIAKI 12L 730512-B
265082734;730513-B;5907610283227;POJEMNIK NA WARZYWA CEBULĘ ZIEMNIAKI 12L 730513-B
265082735;199076;5904316492038;PATELNIA GRANITOWA DO 4 JAJEK PLACUSZKÓW 26cm 199076
265082736;199077;5904316492045;PATELNIA GRANITOWA DO NALEŚNIKÓW PLACUSZKÓW 24cm 199077
265082737;199078;5904316492052;PATELNIA GRANITOWA DO NALEŚNIKÓW PLACUSZKÓW 26cm 199078
265082738;199079;5904316492069;GŁĘBOKA PATELNIA GRANITOWA WOK 28cm 199079
265082739;KB-7573;5908287275737;FRYTOWNICA BEZTŁUSZCZOWA 2 x 4,5L KLAUSBERG KB-7573
265082740;2346;5906716923464;SUSZARKA DO NACZYŃ Z OCIEKACZEM I TACĄ 2346
265082741;2318;5906716923181;SUSZARKA OCIEKACZ DO NACZYŃ BIAŁA 2318
265082742;KB-7717;5908287277175;FRYTOWNICA BEZTŁUSZCZOWA 9L KLAUSBERG KB-7717
265082743;3636;5906716935368;REGAŁ METALOWY PÓŁKA NA BUTY 5 POZIOMÓW 3536
265082744;567015;5904316490881;PÓŁKA ZAWIESZANA DO KABINY PRYSZNICOWEJ CZARNA 567015
265082745;22276969;8712442834472;SILIKONOWA MATA PODKŁADKA OCHRONNA DO GOTOWANIA NA INDUKCJI 5 szt.
265082746;4260;5906716942601;CHLEBAK STALOWY Z DREWNIANĄ POKRYWĄ 4260 BIAŁY
265082747;KB-7138;5902666611383;GARNEK NA PARĘ KLAUSBERG 3 ELEM. 20cm KB-7138
265082748;KB-7144;5902666611444;GARNEK NA PARĘ KLAUSBERG 3 ELEM. 24cm KB-7144
265082749;KB-7213;5902666612137;KLAUSBERG GARNEK Z POKRYWĄ 3.3 L KB-7213
265082751;KB-7586;5908287275867;WKŁAD PAROWY DO GARNKÓW 16/18/20cm Klausberg KB-7586
265082752;KB-7587;5908287275874;WKŁAD PAROWY DO GARNKÓW 20/22/24cm Klausberg KB-7587
265082753;KH-1123;5908287211230;RONDEL STALOWY DO SOSÓW KINGHOFF 12cm KH-1123
265082754;KH-1800;5908287218000;SUSZARKA OCIEKACZ DO NACZYŃ KINGHOFF KH-1800
265082755;569732;5904316464776;REGAŁ METALOWY PÓŁKA NA BUTY 4 POZIOMY 569732
265082756;KB-7707;5908287277076;CZAJNIK ELEKTRYCZNY 1,7L KLAUSBERG KB-7707 BEŻOWY
265082757;KB-7708;5908287277083;CZAJNIK ELEKTRYCZNY 1,7L KLAUSBERG KB-7708 KREMOWY
265082758;KB-7467;5908287274679;CHLEBAK DWUSTRONNY KLAUSBERG KB-7467
265082759;KB-7386;5902666613868;CHLEBAK POJEMNIK NA PIECZYWO DWUSTRONNY KLAUSBERG KB-7386 czarny
265082760;KH-1735;5908287217355;CHLEBAK BAMBUSOWO STALOWY KINGHOFF KH-1735
265082761;KB-7319;5902666613196;CZAJNIK Z GWIZDKIEM 2L KLAUSBERG KB-7319 MARBLE
265082762;KH-3216;5908287232167;CHLEBAK BAMBUSOWO AKRYLOWY KINGHOFF KH-3216
265082763;139608;5904316471002;SŁÓJ SZKLANY 3,2l DO NAPOJÓW Z KRANIKIEM I STOJAKIEM 139608
265082764;139601;5904316470937;SŁÓJ SZKLANY 5,5l DO NAPOJÓW Z KRANIKIEM I STOJAKIEM 139601
265082765;139603;5904316470951;SŁÓJ SZKLANY 5,5l DO NAPOJÓW Z KRANIKIEM I STOJAKIEM 139603
265082767;HTXD9852;5905771409852;ZESTAW DO SERWOWANIA SUSHI DLA 2 OSÓB HTXD9852
265082768;HTXD9937;5905771409937;ZESTAW DO SERWOWANIA SUSHI DLA 2 OSÓB HTXD9937
265082769;HTXD9944;5905771409944;ZESTAW DO SERWOWANIA SUSHI DLA 2 OSÓB HTXD9944
265082770;KB-7468;5908287274686;CHLEBAK DWUSTRONNY KLAUSBERG KB-7468
265082771;56120696;5903456120696;STOLIK ŚNIADANIOWY DO ŁÓŻKA POD LAPTOPA TABLET PRACTIC
265082772;A26405;8591022603741;SZKLANKA TERMICZNA 300ml Z PODWÓJNĄ SCIANKĄ DO KAWY NAPOJÓW
265082773;A26409;8591022603789;SZKLANKA TERMICZNA KUBEK 350ml Z PODWÓJNĄ SCIANKĄ DO KAWY HERBATY
265082774;KB-7874;5908287278745;CHLEBAK POJEMNIK BAMBUSOWY NA PIECZYWO KLAUSBERG KB-7874
265082775;KB-7034;5902666610348;PATELNIA GRANITOWA 26cm KLAUSBERG KB-7034
265082776;KH-3977;5908287239777;PATELNIA Z POWŁOKĄ MARMUROWĄ KINGHOFF MARMO 16cm KH-3977
265082777;KB-7290;5902666612908;ZESTAW PATELNI GRANITOWYCH 20/24/28cm KLAUSBERG KB-7290
265082778;KB-7709;5908287277090;FRYTOWNICA BEZTŁUSZCZOWA 1800W 7,7L KLAUSBERG KB-7709
265082779;229159;5904316481841;ZESTAW 24 POJEMNIKÓW NA ŻYWNOŚĆ Z POKRYWAMI I USZCZELKAMI 229159
265082780;139753;5904316492472;DESKA BAMBUSOWA Z PRZYBORAMI DO PODAWANIA SERÓW PRZEKĄSEK 139753
265082781;22276838;8712442891123;WKŁAD SILIKONOWY DO FRYTOWNICY KWADRATOWY SKŁADANY 22 x 22cm
265082783;22276820;8712442890829;WKŁAD SILIKONOWY DO FRYTOWNICY SKŁADANY OKRĄGŁY 19cm
265082784;KB-7539;5908287275393;WENTYLATOR WIATRAK PODŁOGOWY KLAUSBERG KB-7539
265082785;KB-7719;5908287277199;WENTYLATOR WIATRAK PODŁOGOWY KLAUSBERG KB-7719
265082786;KB-7860;5908287278608;WENTYLATOR WIATRAK PODŁOGOWY KLAUSBERG KB-7860
265082787;KC-2124;5908287221246;WENTYLATOR WIATRAK STOJĄCY PODŁOGOWY KINGCOOL KC-2124 czarny
265082788;KB-7537;5908287275379;WENTYLATOR WIATRAK CYRKULACYJNY BIURKOWY KLAUSBERG KB-7537
265082789;KH-1910;5908287219106;CZAJNIK EMALIOWANY 2L Z GWIZDKIEM KINGHOFF KH-1910
265082790;KH-1911;5908287219113;CZAJNIK EMALIOWANY 2L Z GWIZDKIEM KINGHOFF KH-1911
265082791;KH-3700;5908287237001;CZAJNIK EMALIOWANY 2L Z GWIZDKIEM KINGHOFF KH-3700
265082792;KH-1912;5908287219120;MASZYNKA DO KROJENIA FRYTEK WARZYW KINGHOFF KH-1912
265082793;KH-1901;5908287219014;RĘKAWICA KUCHENNA SILIKONOWA KINGHOFF KH-1901
265082794;KH-1902;5908287219021;ZESTAW 6 szt. UNIWERSALNYCH POKRYWEK SILIKONOWYCH KINGHOFF KH-1902
265082795;KH-1903;5908287219038;SUSZARKA OCIEKACZ ZWIJANY MATA STALOWA NA ZLEWOZMYWAK KINGHOFF KH-1903
265082796;KH-1904;5908287219045;MATA PODKŁADKA SILIKONOWA OCIEKACZ DO NACZYŃ 42x33cm KINGHOFF KH-1904
265082797;KH-1905;5908287219052;MATA PODKŁADKA SILIKONOWA OCIEKACZ DO NACZYŃ 46x40cm KINGHOFF KH-1905
265082798;KH-5025;5908287250253;ZEGAR ŚCIENNY STALOWY 30cm MECHANIZM PŁYNĄCY KH-5025
265082799;KH-1362;5908287213623;ZESTAW DREWNIANYCH PRZYBORÓW KUCHENNYCH KH-1362
265082800;KH-1517;5908287215177;STOLNICA BAMBUSOWA DO CIASTA 64X43cm KINGHOFF KH-1517
265082801;KH-1683;5908287216839;STOLNICA BAMBUSOWA DO CIASTA 55x43cm KINGHOFF KH-1683
265082802;KH-1747;5908287217478;WKŁAD BAMBUSOWY DO SZUFLADY KINGHOFF KH-1747 czarny
265082803;MX-2173;5904734064237;STALOWY KUBEK TERMICZNY TERMOS 1200ml Z RĄCZKĄ I SŁOMKĄ KM-2173
265082804;KM-2175;5904734064251;STALOWY KUBEK TERMICZNY TERMOS 1200ml Z RĄCZKĄ I SŁOMKĄ KM-2175
265082805;KB-7882;5908287278820;AUTOMATYCZNA KOSTKARKA DO LODU 1,2L 100W KLAUSBERG KB-7882
265082806;KB-7883;5908287278837;AUTOMATYCZNA KOSTKARKA DO LODU 1,2L 100W KLAUSBERG KB-7883
265082807;1628;5906716916282;CHLEBAK BAMBUSOWY POJEMNIK NA PIECZYWO 1628
265082808;2688;5906716926885;CHLEBAK BAMBUSOWY Z NOŻEM DO PIECZYWA 2688
265082809;141791;8592381111052;DOZOWNIK SZKLANY DYSPENSER DO MIODU SYROPU ORION
265082810;121292;8718158435019;PATERA KAMIENNA TRZYPOZIOMOWA NA CIASTA PRZEKĄSKI 121292
265082811;2743;5906716927431;CHLEBAK POJEMNIK NA PIECZYWO DWUSTRONNY 2743
265082812;4254;5906716942540;CHLEBAK POJEMNIK NA PIECZYWO BAMBUSOWY DWUSTRONNY 4254
265082813;4257;5906716942571;CHLEBAK POJEMNIK NA PIECZYWO BAMBUSOWY DWUSTRONNY 4257
265082814;KH-1945;5908287219458;FORMA SILIKONOWA DO CZEKOLADY DUBAJSKIEJ KINGHOFF KH-1945
265082815;KB-7902;5908287279025;PAPIER PERGAMIN DO PIECZENIA 10m KLAUSBERG KB-7902
265082816;KB-7903;5908287279032;PAPIER PERGAMIN DO PIECZENIA 20m KLAUSBERG KB-7903
265082817;KB-7904;5908287279049;PAPIER PERGAMIN DO PIECZENIA 50m KLAUSBERG KB-7904
265082818;KB-7861;5908287278615;SOKOWIRÓWKA WYCISKARKA WOLNOOBROTOWA KLAUSBERG KB-7861
265082819;KB-7863;5908287278639;SOKOWIRÓWKA WYCISKARKA WOLNOOBROTOWA KLAUSBERG KB-7863
265082820;KB-7864;5908287278646;SOKOWIRÓWKA WYCISKARKA WOLNOOBROTOWA KLAUSBERG KB-7864
265082821;KB-7865;5908287278653;SOKOWIRÓWKA WYCISKARKA WOLNOOBROTOWA KLAUSBERG KB-7865
265082822;KB-7866;5908287278660;SOKOWIRÓWKA WYCISKARKA WOLNOOBROTOWA KLAUSBERG KB-7866
265082823;KB-7867;5908287278677;SOKOWIRÓWKA WYCISKARKA WOLNOOBROTOWA KLAUSBERG KB-7867
265082824;KB-7868;5908287278684;SOKOWIRÓWKA WYCISKARKA WOLNOOBROTOWA KLAUSBERG KB-7868
265082825;KB-7869;5908287278691;SOKOWIRÓWKA WYCISKARKA WOLNOOBROTOWA KLAUSBERG KB-7869
265082827;KB-7870;5908287278707;SOKOWIRÓWKA WYCISKARKA WOLNOOBROTOWA KLAUSBERG KB-7870
265082828;KB-7871;5908287278714;SOKOWIRÓWKA WYCISKARKA WOLNOOBROTOWA PIONOWA KLAUSBERG KB-7871
265082829;KB-7881;5908287278813;SOKOWIRÓWKA WYCISKARKA WOLNOOBROTOWA PIONOWA KLAUSBERG KB-7881
265082830;KH-1758;5908287217584;ŻELIWNA PRASKA DO BURGERÓW STEKÓW KINGHOFF KH-1758
265082831;KH-1759;5908287217591;ŻELIWNA PRASKA DO BURGERÓW STEKÓW KINGHOFF KH-1759
265082832;KH-1760;5908287217607;ŻELIWNA PRASKA DO BURGERÓW STEKÓW KINGHOFF KH-1760
265082833;KB-7842;5908287278424;STALOWA NASTRZYKIWARKA 60ml DO PEKLOWANIA MIĘSA KLAUSBERG KB-7842
265082834;KB-7859;5908287278592;AKACJOWY MŁYNEK DO PIEPRZU + SOLNICZKA KLAUSBERG KB-7859
265082835;KB-7162;5902666611628;KLAUSBERG GARNEK Z POKRYWĄ 7L KB-7162
265082836;1471;5906716914714;SUSZARKA DO NACZYŃ Z OCIEKACZEM I TACĄ 1471
265082837;KH-1109;5908287211094;WOK ŻELIWNY 31cm KINGHOFF KH-1109 INDUKCJA
265082838;KH-1118;5908287211186;PATELNIA ŻELIWNA 24cm KINGHOFF KH-1118 INDUKCJA
265082839;KH-1119;5908287211193;PATELNIA ŻELIWNA 28cm KINGHOFF KH-1119 INDUKCJA
265082840;KH-2261;5908287222618;PATELNIA ŻELIWNA EMALIOWANA 20cm KINGHOFF KH-2261
265082841;KH-2262;5908287222625;PATELNIA ŻELIWNA EMALIOWANA 26cm KINGHOFF KH-2262
265082842;KB-7558;5908287275584;ZESTAW MŁYNKÓW DO PIEPRZU I SOLI KLAUSBERG KB-7558
265082843;2790;5906716927905;ZESTAW MŁYNKÓW DO PIEPRZU I SOLI 2790
265082844;2794;5906716927943;ZESTAW MŁYNKÓW DO PIEPRZU I SOLI 2794
265082845;KB-7570;5908287275706;CZAJNIK ZAPARZACZ Z SITKIEM KLAUSBERG 1.1L KB-7570
265082846;KB-7456;5908287274563;CZAJNIK ZAPARZACZ Z SITKIEM KLAUSBERG 1.1L KB-7456
265082847;KH-1107;5908287211070;ŻELIWNA PATELNIA GRILLOWA KINGHOFF KH-1107 24cm
265082848;2317;5906716923174;SUSZARKA DO NACZYŃ Z OCIEKACZEM I TACĄ 2317
265082849;KB-7705;5908287277052;ZESTAW MŁYNKÓW DO PIEPRZU I SOLI KLAUSBERG KB-7705
265082850;3328;5906716933289;WKŁAD PAPIEROWY DO FRYTOWNICY 16cm 100szt. 3328
265082851;KH-1898;5908287218987;PODGRZEWACZ STALOWY DO ZAPARZACZY DZBANKÓW KINGHOFF KH-1898
265082852;KB-7877;5908287278776;DYSPENSER DOZOWNIK GORĄCEJ WODY 2,5L KLAUSBERG KB-7877
265082853;KB-7878;5908287278783;DYSPENSER DOZOWNIK GORĄCEJ WODY 2,2L KLAUSBERG KB-7878
265082854;KB-7879;5908287278790;DYSPENSER DOZOWNIK GORĄCEJ WODY 2,2L KLAUSBERG KB-7879
265082855;KB-7880;5908287278806;DYSPENSER DOZOWNIK GORĄCEJ WODY 2,7L KLAUSBERG KB-7880
265082856;KB-7367;5902666613677;BRYTFANNA CERAMICZNA 38cm Z GRILLEM I POKRYWĄ KLAUSBERG KB-7367
265082857;KB-7366;5902666613660;BRYTFANNA CERAMICZNA 38cm Z POKRYWĄ KLAUSBERG KB-7366
265082858;KB-7693;5902666613660;ZESTAW GARNKÓW 6 ELEMENTÓW KLAUSBERG KB-7693
265082859;2343;5906716923433;SUSZARKA OCIEKACZ DO NACZYŃ DWUPOZIOMOWA 2343
265082860;KB-7720;5908287277205;WENTYLATOR KOLUMNOWY PODŁOGOWY Z PILOTEM KLAUSBERG KB-7720
265082861;KB-7718;5908287277182;WENTYLATOR WIATRAK PODŁOGOWY Z PILOTEM KLAUSBERG KB-7718
265082862;KB-7876;5908287278769;WENTYLATOR KOLUMNOWY PODŁOGOWY Z PILOTEM KLAUSBERG KB-7876
265082863;KD-4101;5903957016030;FRYTOWNICA BEZTŁUSZCZOWA 8L KRAFT&DELE 1850W KD-4101
265082864;3466;5906716934668;WKŁAD PAPIEROWY DO FRYTOWNICY KWADRATOWY 20x20cm 100szt. 3466
265082865;3467;5906716934675;WKŁAD PAPIEROWY DO FRYTOWNICY KWADRATOWY 16x16cm 100szt. 3467
265082866;3761;5906716937614;WKŁAD PAPIEROWY DO FRYTOWNICY PROSTOKĄTNY 22x14cm 100szt. 3761
265082867;10010590;5903456111076;ZESTAW 3 DESEK ANTYPOŚLIZGOWYCH ZE STOJAKIEM
265082868;3155;5906716931551;PODWÓJNA MASZYNKA FORMA DO LEPIENIA PIEROGÓW 3155
265082869;KB-7844;5908287278448;KAWIARKA ZAPARZACZ DO KAWY 200ml KLAUSBERG KB-7844 INDUKCJA
265082870;KB-7845;5908287278455;KAWIARKA ZAPARZACZ DO KAWY 300ml KLAUSBERG KB-7845 INDUKCJA
265082871;KB-7846;5908287278462;KAWIARKA ZAPARZACZ DO KAWY 450ml KLAUSBERG KB-7846 INDUKCJA
265082872;KB-7847;5908287278479;KAWIARKA ZAPARZACZ DO KAWY 600ml KLAUSBERG KB-7847 INDUKCJA
265082873;KH-3210;5908287232105;CHLEBAK BAMBUSOWO AKRYLOWY KINGHOFF KH-3210
265082874;A26852;8591022613580;TERMOS DZBANEK KONFERENCYJNY 1L BANQUET JOYCE
265082875;KH-1883;5908287218833;KAWIARKA ZAPARZACZ DO KAWY 300ml KINGHOFF KH-1883 INDUKCJA
265082876;KH-1884;5908287218840;KAWIARKA ZAPARZACZ DO KAWY 450ml KINGHOFF KH-1884 INDUKCJA
265082877;KH-1885;5908287218857;KAWIARKA ZAPARZACZ DO KAWY 600ml KINGHOFF KH-1885 INDUKCJA
265082878;KH-1886;5908287218864;KAWIARKA ZAPARZACZ DO KAWY 300ml KINGHOFF KH-1886 INDUKCJA
265082879;KH-1887;5908287218871;KAWIARKA ZAPARZACZ DO KAWY 450ml KINGHOFF KH-1887 INDUKCJA
265082880;KH-1888;5908287218888;KAWIARKA ZAPARZACZ DO KAWY 600ml KINGHOFF KH-1888 INDUKCJA
265082881;KB-7897;5908287278974;ŁOPATKA STALOWA 36 cm DO GRILLA KLAUSBERG KB-7897
265082882;KB-7898;5908287278981;SZCZOTKA STALOWA DO CZYSZCZENIA RUSZTU GRILLA KLAUSBERG KB-7898
265082883;KH-1915;5908287219151;SZCZOTKA STALOWA DO CZYSZCZENIA RUSZTU GRILLA KINGHOFF KH-1915
265082884;KH-1913;5908287219137;SZCZOTKA 3w1 DO CZYSZCZENIA RUSZTU GRILLA KINGHOFF KH-1913
265082885;KH-1914;5908287219144;SZPIKULCE 36cm DO GRILLOWANIA SZASZŁYKÓW KINGHOFF KH-1914
265082886;KH-1916;5908287219168;STALOWA TACA 34x24,5cm DO GRILLA GRILLOWANIA KINGHOFF KH-1916
265082887;KH-1917;5908287219175;STALOWA TACA 37x31cm DO GRILLA GRILLOWANIA KINGHOFF KH-1917
265082888;KH-1920;5908287219205;MATA DO GRILLOWANIA 40x33 cm 3 szt. KINGHOFF KH-1920
265082889;KB-7899;5908287278998;ZESTAW PRZYBORÓW DO GRILLA GRILLOWANIA KLAUSBERG KB-7899
265082890;KB-7900;5908287279001;ZESTAW PRZYBORÓW DO GRILLA GRILLOWANIA KLAUSBERG KB-7900
265082891;KB-7901;5908287279018;ZESTAW PRZYBORÓW DO GRILLA GRILLOWANIA W WALIZCE KLAUSBERG KB-7901
265082892;KH-1918;5908287219182;ZESTAW PRZYBORÓW DO GRILLA GRILLOWANIA KINGHOFF KH-1918
265082893;KH-1919;5908287219199;ZESTAW PRZYBORÓW DO GRILLA GRILLOWANIA KINGHOFF KH-1919
265082894;TA023-020922-003;5908228003702;WKŁAD PAPIEROWY DO FRYTOWNICY PROSTOKĄTNY 22x14cm 50szt. ALPENBURG
265082895;TA023-020922-001;5908228003191;WKŁAD PAPIEROWY DO FRYTOWNICY KWADRATOWY 16x16cm 50szt. ALPENBURG
265082896;TA023-020922-002;5908228003207;WKŁAD PAPIEROWY DO FRYTOWNICY KWADRATOWY 20x20cm 50szt. ALPENBURG
265082897;3778;5906716937782;TASAK KUCHENNY 30cm Z POWŁOKĄ NIEPRZYWIERALNĄ 3778
265082898;3770;5906716937706;DREWNIANY STOJAK MAGNETYCZNY NA NOŻE Z OSTRZAŁKĄ 3770
265082899;BH-7608;5999108428838;TERMOS BUTELKA TERMICZNA 500ml BERLINGER HAUS BH-7608
265082900;3374;5906716933746;WKŁAD SILIKONOWY WIELORAZOWY DO FRYTOWNICY 17x17cm 3374
265082901;3375;5906716933753;WKŁAD SILIKONOWY WIELORAZOWY DO FRYTOWNICY 20x20cm 3375
265082902;3373;5906716933739;WKŁAD SILIKONOWY WIELORAZOWY DO FRYTOWNICY 17cm 3373
265082903;3133;5906716931339;WKŁAD SILIKONOWY WIELORAZOWY DO FRYTOWNICY 17cm 3133
265082904;KH-1241;5908287212411;KINGHOFF WIADERKO DO LODU 1.5L KH-1241
265082905;KB-7579;5908287275799;WIADERKO TERMOS DO LODU 1,3L + SZCZYPCE KLAUSBERG KB-7579
265082906;BH-9499;5999108472046;MŁYNKI ELEKTRYCZNE DO PIEPRZU I SOLI BERLINGER HAUS BH-9499 BLACK ROSE
265082907;KB-7885;5908287278851;WENTYLATOR WIATRAK PODŁOGOWY Z PILOTEM KLAUSBERG KB-7885
265082908;KB-7884;5908287278844;ZESTAW 12 ELEM. GARNKÓW MARMURKOWYCH KLAUSBERG KB-7884
265082909;3786;5906716937867;UNIWERSALNY STOJAK BLOK DO NOŻY 3786
265082910;3785;5906716937850;UNIWERSALNY STOJAK BLOK DO NOŻY 3785
265082911;3771;5906716937713;STOJAK BLOK MAGNETYCZNY NA NOŻE Z OSTRZAŁKĄ 3771
265082912;3772;5906716937720;STOJAK BLOK MAGNETYCZNY NA NOŻE Z OSTRZAŁKĄ 3772
265082913;259004;5904316400200;ZESTAW 4 DESEK KUCHENNYCH BAMBUSOWYCH W STOJAKU 259004
265082914;199007;5904316465094;PATELNIA GRANITOWA DO 7 JAJEK PLACUSZKÓW BLACK&WOOD 199007
265082915;199008;5904316465100;PATELNIA GRANITOWA DO 7 PLACUSZKÓW Z UŚMIESZKAMI BLACK&WOOD 199008
265082916;489295;5904316474201;ZBIERACZKA GRZEBIEŃ DO ZBIERANIA JAGÓD BORÓWEK 489295
265082917;567019;5904316491857;ZESTAW ŁAZIENKOWY DOZOWNIK MYDŁA I KUBEK 567019 czarny
265082918;KB-7516;5908287275164;WENTYLATOR WIATRAK CYRKULATOR PODŁOGOWY 60W KLAUSBERG KB-7516
265082919;KB-7476;5908287274754;WENTYLATOR WIATRAK PODŁOGOWY KLAUSBERG KB-7476 Z PILOTEM
265082920;KB-7470;5908287274709;WENTYLATOR KOLUMNOWY PODŁOGOWY Z PILOTEM KLAUSBERG KB-7470
265082921;125870;8592381151324;TERMOMISA DO LODÓW TERMOS OBIADOWY 3,5L VENUS 125870
265082922;125869;8592381151317;TERMOMISA DO LODÓW TERMOS OBIADOWY 2,5L VENUS 125869
265082923;199058;5904316475369;MINI PATELNIA GRANITOWA 16cm BLACK&WOOD 199058
265082924;199062;5904316475406;PATELNIA GRANITOWA 28cm BLACK&WOOD 199062
265082925;KB-7417;5902666614179;FORMA BLACHA DO TARTY CIASTA KLAUSBERG KB-7417
265082926;KB-7600;5908287276000;FRYTOWNICA BEZTŁUSZCZOWA 5,5L KLAUSBERG KB-7600
265082927;KH-1841;5908287218413;MASZYNKA ŻELIWNA DO ŁUSKANIA KOLB KUKURYDZY KINGHOFF KH-1841
265082928;139329;8711252150260;PORCELANOWY TALERZ PÓŁMISEK DO SERWOWANIA PRZEKĄSEK 139329
265082929;BH-9130;5999108419317;WENTYLATOR PODŁOGOWY OSCYLACYJNY BERLINGER HAUS BH-9130 BLACK ROSE
265082930;2292222;5904316496807;PÓŁKA KUCHENNA Z WYSUWANĄ SZUFLADĄ DO SZAFKI 229222
265082931;23468654;8712442205715;SŁÓJ SZKLANY 3l DO NAPOJÓW Z KRANIKIEM PŁASKI DO LODÓWKI
265082932;KH-1876;5908287218765;KOMPLET OBIADOWY OPAL DLA 6 OSÓB 18 ELEM. KINGHOFF KH-1876
265082933;E-8056;5907768780562;SUSZARKA DO NACZYŃ Z OCIEKACZEM I TACĄ E-8056
265082934;E-8057;5907768780579;SUSZARKA DO NACZYŃ Z OCIEKACZEM I TACĄ E-8057
265082935;E-8086;5907768780869;SUSZARKA DO NACZYŃ Z OCIEKACZEM I TACĄ E-8086
265082936;E-8078;5907768780784;SUSZARKA DO NACZYŃ Z OCIEKACZEM I TACĄ E-8078 BIAŁA
265082937;E-8154;5907768781545;SUSZARKA OCIEKACZ DO NACZYŃ DWU POZIOMOWA E-8154 CZARNA
265082938;259726;5904316493400;ZESTAW 5 DESEK KUCHENNYCH W STOJAKU 259726
265082939;229244;5904316498993;ZESTAW 4 POJEMNIKÓW NA ŻYWNOŚĆ Z POKRYWAMI I USZCZELKAMI 229244
265082940;199087;5904316492670;PATELNIA GRANITOWA 28cm GŁĘBOKA BASIC LINE BEZ INDUKCJI 199087
265082941;199089;5904316492694;PATELNIA GRANITOWA DO JAJEK BASIC LINE BEZ INDUKCJI 199089
265082942;199083;5904316492632;PATELNIA GRANITOWA DO JAJEK I PLACKÓW ZE ZWIERZĄTKAMI 199083
265082943;199081;5904316492618;PATELNIA GRANITOWA DO JAJEK I PLACKÓW EMOJI 199081
265082944;199080;5904316492601;PATELNIA GRANITOWA DO JAJEK I PLACKÓW ZE ZWIERZĄTKAMI BLACK&WOOD 199080
265082945;BG-30635;6924691305388;RONDELEK MARMURKOWY 16cm Z POKRYWĄ BERGNER BG-30635 NATURALLY
265082946;E-6071;5907768760717;ZESTAW 19 ELEM. NOŻY I PRZYBORÓW KUCHENNYCH W STOJAKU E-6071
265082947;E-6072;5907768760724;ZESTAW 19 ELEM. NOŻY I PRZYBORÓW KUCHENNYCH W STOJAKU E-6072
265082948;KB-7889;5908287278899;CZAJNIK ELEKTRYCZNY 1,7L KLAUSBERG KB-7889 ROSE GOLD
265082949;KB-7886;5908287278868;CZAJNIK ELEKTRYCZNY SZKLANY 1,7L KLAUSBERG KB-7886 LED
265082950;KB-7887;5908287278875;CZAJNIK ELEKTRYCZNY SZKLANY 1,8L KLAUSBERG KB-7887 LED RGB
265082951;KB-7888;5908287278882;CZAJNIK ELEKTRYCZNY SZKLANY 1,7L KLAUSBERG KB-7888 LED RGB
265082952;KB-7890;5908287278905;CZAJNIK ELEKTRYCZNY 1,7L KLAUSBERG KB-7890 BIAŁY
265082953;KB-7891;5908287278912;CZAJNIK ELEKTRYCZNY 1,7L KLAUSBERG KB-7891 LED REGULACJA TEMPERATURY
265082954;KB-7892;5908287278929;CZAJNIK ELEKTRYCZNY 1,7L KLAUSBERG KB-7892 LED REGULACJA TEMPERATURY
265082955;KB-7893;5908287278936;CZAJNIK ELEKTRYCZNY 1L KLAUSBERG KB-7893 LED REGULACJA TEMPERATURY
265082956;KB-7894;5908287278943;CZAJNIK ELEKTRYCZNY 1,7L KLAUSBERG KB-7894 LED REGULACJA TEMPERATURY
265082957;KB-7896;5908287278967;CZAJNIK ELEKTRYCZNY 1,7L KLAUSBERG KB-7896 LED REGULACJA TEMPERATURY
265082958;BG-30636;6924691305401;PATELNIA MARMURKOWA 24cm DO NALEŚNIKÓW BERGNER BG-30636 NATURALLY
265082959;BG-30637;6924691305425;PATELNIA MARMURKOWA 20cm BERGNER BG-30637 NATURALLY
265082960;BG-30638;6924691305449;PATELNIA MARMURKOWA 24cm BERGNER BG-30638 NATURALLY
265082961;BG-30639;6924691305463;PATELNIA MARMURKOWA 28cm BERGNER BG-30639 NATURALLY
265082962;BG-34741;6924691306408;ZESTAW 3 PATELNI MARMURKOWYCH BERGNER BG-34741 NATURALLY
265082963;BG-34743;6924691306606;PATELNIA MARMURKOWA GRILLOWA 28cm BERGNER BG-34743 NATURALLY
265082964;BG-30643;6924691305562;GARNEK MARMURKOWY 28cm Z POKRYWĄ BERGNER BG-30643 NATURALLY
265082965;BG-34745;6924691306644;GARNEK MARMURKOWY 20cm Z POKRYWĄ BERGNER BG-34745 NATURALLY
265082966;BG-34747;6924691306682;GARNEK MARMURKOWY PŁASKI 28cm Z POKRYWĄ BERGNER BG-34747 NATURALLY
265082967;BG-48518;6924691306422;SOLNICZKA PIEPRZNICZKA ZESTAW DREWNIANY BERGNER BG-48518 NATURALLY
265082968;BG-37304;6924691305975;CZAJNIK STALOWY Z GWIZDKIEM 2,3L BERGNER BG-37304 NATURALLY
265082969;BG-37312;6941849672079;CZAJNIK STALOWY Z GWIZDKIEM 2,3L BERGNER BG-37312 CHARCOAL
265082970;BG-56038;6941849672956;GARNEK MULTICLAD 28cm Z POKRYWĄ BERGNER BG-56038 CHARCOAL
265082971;BG-56036;6941849672932;GARNEK MULTICLAD 20cm Z POKRYWĄ BERGNER BG-56036 CHARCOAL
265082972;BG-56037;6941849676107;GARNEK MULTICLAD 24cm Z POKRYWĄ BERGNER BG-56037 CHARCOAL
265082973;BG-56035;6941849672918;RONDELEK MULTICLAD 16cm BERGNER BG-56035 CHARCOAL
265082974;BG-56030;6941849672833;PATELNIA MULTICLAD 20cm BERGNER BG-56030 CHARCOAL
265082975;BG-56031;6941849672857;PATELNIA MULTICLAD 24cm BERGNER BG-56031 CHARCOAL
265082976;BG-56032;6941849672871;PATELNIA MULTICLAD 28cm BERGNER BG-56032 CHARCOAL
265082977;BG-56041;6941849672970;PATELNIA GRILLOWA MULTICLAD 28cm BERGNER BG-56041 CHARCOAL
265082978;BG-56042;6941849672994;PATELNIA MULTICLAD DO NALEŚNIKÓW 26cm BERGNER BG-56042 CHARCOAL
265082979;BG-39420;6941849672277;ZESTAW NOŻY KUCHENNYCH BERGNER BG-39420 CHARCOAL
265082980;BG-38239;6941849671669;KAWIARKA ZAPARZACZ DO KAWY 300ml BERGNER BG-38239 INDUKCJA
265082981;BG-6379;6951119661511;GARNEK 4,2L BERGNER BG-6379 DO SZPARAGÓW SPAGHETTI GOURMET LINE
265082982;BG-6506;6944217227529;GARNEK STALOWY BERGNER 1,7L GOURMET LINE BG-6506
265082983;BG-6507;6944217227536;GARNEK STALOWY BERGNER 3,3L GOURMET LINE BG-6507
265082984;BG-6508;6944217227543;GARNEK STALOWY BERGNER 5,6L GOURMET LINE BG-6508
265082985;BG-6530;6944217229479;GARNEK STALOWY BERGNER 4,5L GOURMET LINE BG-6530
265082986;BG-6521;6944217228793;GARNEK PAROWY BERGNER 2,2L GOURMET LINE BG-6521
265082987;KB-7918;5908287279186;CZAJNIK STALOWY Z GWIZDKIEM 2,8L KLAUSBERG KB-7918
265082988;KB-7919;5908287279193;CZAJNIK STALOWY Z GWIZDKIEM 2,8L KLAUSBERG KB-7919
265082989;BG-6565;6951119638872;GARNEK STALOWY BERGNER 7,9L GOURMET LINE BG-6565
265082990;BG-6372;6951119666394;RONDELEK STALOWY BERGNER 1,3L GOURMET LINE BG-6372
265082991;BG-6523;6944217228816;ZESTAW GARNKÓW STALOWYCH 8 ELEM. GOURMET LINE BG-6523
265082992;BG-32161;6941349570134;PATELNIA STALOWA 24cm GOURMET LINE BERGNER BG-32161 XYLAN
265082993;KH-1927;5908287219274;MASZYNKA DO MAKARONU CIASTA KINGHOFF KH-1927
265082994;KH-1944;5908287219441;REGULOWANY ORGANIZER GRAWITACYJNY NA PUSZKI KINGHOFF KH-1944
265082995;130474;8592381111199;ZBIERACZKA GRZEBIEŃ DO JAGÓD BORÓWEK PORZECZEK
265082996;KH-3332;5908287233324;ZAPARZACZ ŻELIWNY 1,2L Z FILTREM KINGHOFF KH-3332
265082997;229236;5904316497101;ZESTAW 4 SZKLANYCH POJEMNIKÓW NA ŻYWNOŚĆ Z POKRYWAMI I USZCZELKAMI 229236
265082998;811259;8592381222611;ORGANIZER NA KAPSUŁKI PODSTAWKA POD EKSPRES 811259 NESPRESSO DOLCE GUSTO
265082999;154063;8592381223922;DYSPENSER DO FOLII KUCHENNYCH PAPIERU DO PIECZENIA ORION154063
265083000;KH-1931;5908287219311;ZAPARZACZ ŻELIWNY IMBRYK 1L Z FILTREM KINGHOFF KH-1931
265083001;KH-1932;5908287219328;ZAPARZACZ ŻELIWNY IMBRYK 1L Z FILTREM KINGHOFF KH-1932
265083002;KH-1933;5908287219335;ZAPARZACZ ŻELIWNY IMBRYK 1L Z FILTREM KINGHOFF KH-1933
265083003;KH-1934;5908287219342;ZAPARZACZ ŻELIWNY IMBRYK 1L Z FILTREM KINGHOFF KH-1934
265083004;KH-1935;5908287219359;ZAPARZACZ ŻELIWNY IMBRYK 1L Z FILTREM KINGHOFF KH-1935
265083005;KB-7371;5902666613714;CZAJNIK STALOWY Z TERMOMETREM 3L KLAUSBERG KB-7371
265083006;KH-1928;5908287219281;CHLEBAK STALOWY Z BABUSOWĄ POKRYWĄ KINGHOFF KH-1928
265083007;KB-7935;5908287279353;ZESTAW NOŻY I PRZYBORÓW KUCHENNYCH Z DESKĄ W STOJAKU KLAUSBERG KB-7935
265083008;2717;5906716927172;STOJAK OBROTOWY NA PRZYPRAWY 16 POJEMNIKÓW 2717
265083009;2765;5906716927653;CHLEBAK BAMBUSOWY POJEMNIK NA PIECZYWO 2765
265083010;BB-2142;5906716921422;SOKOWNIK 8L INDUKCJA GARNEK DO SOKU DOMOWEGO 2142
265083011;2783;5906716927837;CHLEBAK STALOWY POJEMNIK NA PIECZYWO 2783
265083012;2863;5906716928636;STOJAK OBROTOWY NA PRZYPRAWY 16 POJEMNIKÓW 2863
265083013;2861;5906716928612;STOJAK OBROTOWY NA PRZYPRAWY 16 POJEMNIKÓW 2861
265083014;3410;5906716934101;KOSZYK PIĘTROWY NA OWOCE PATERA 3410
265083015;3434;5906716934347;KOSZYK PIĘTROWY NA OWOCE PATERA 3434
265083016;3775;5906716937751;ZESTAW NOŻY KUCHENNYCH W STOJAKU Z OSTRZAŁKĄ 3775
265083017;3784;5906716937843;ZESTAW NOŻY KUCHENNYCH W STOJAKU Z OSTRZAŁKĄ 3784
265083019;2668;5906716926687;PATELNIA GRILLOWA ŻELIWNA 24cm Z SILIKONOWĄ NAKŁADKĄ 2668
265083020;2667;5906716926670;PATELNIA ŻELIWNA 30cm Z SILIKONOWĄ NAKŁADKĄ 2667
265083021;7453-2LTR;5908228977768;SŁÓJ CERAMICZNY DO OGÓRKÓW 2L+ SZCZYPCE
265083022;7453-4LTR;5908228979830;SŁÓJ CERAMICZNY DO OGÓRKÓW 4L+ SZCZYPCE
265083023;259348;8720573682244;DREWNIANY POJEMNIK NA HERBATĘ EKSPRESOWĄ 259348
265083024;199036;5904316471743;PATELNIA ŻELIWNA 30cm Z SILIKONOWĄ NAKŁADKĄ CAST LINE 199036
265083025;199045;5904316471835;PATELNIA GRILLOWA ŻELIWNA 28cm Z SILIKONOWĄ NAKŁADKĄ CAST LINE 199045
265083026;568017;5904316472092;STOLIK ŚNIADANIOWY DO ŁÓŻKA POD LAPTOPA TABLET 568017
265083027;568018;5904316472108;STOLIK ŚNIADANIOWY DO ŁÓŻKA POD LAPTOPA TABLET 568018
265083028;199037;5904316471750;PATELNIA ŻELIWNA 30cm Z SILIKONOWĄ NAKŁADKĄ CAST LINE 199037
265083029;JJ-260562;5900100260562;MLECZNIK DZBANEK STALOWY DO SPIENIANIA MLEKA 750ml
265083030;KB-7905;5908287279056;CZAJNIK ELEKTRYCZNY 1,8L Z TERMOMETREM KLAUSBERG KB-7905 RETRO
265083031;KB-7906;5908287279063;CZAJNIK ELEKTRYCZNY 1,8L Z TERMOMETREM KLAUSBERG KB-7906 RETRO
265083032;KB-7907;5908287279070;CZAJNIK ELEKTRYCZNY 1,7L Z TERMOMETREM KLAUSBERG KB-7907 RETRO
265083033;KH-1268;5908287212688;STALOWA PRASKA WYCISKACZ DO ZIEMNIAKÓW KINGHOFF KH-1268
265083034;2707;5906716927073;CHLEBAK STALOWY Z DREWNIANĄ POKRYWĄ 2707
265083035;2738;5906716927387;CHLEBAK POJEMNIK NA PIECZYWO 2738
265083036;2762;5906716927622;CHLEBAK STALOWY + MASELNICZKA Z NOŻYKIEM 2762
265083037;KH-1677;5908287216778;MINUTNIK KUCHENNY MECHANICZNY KINGHOFF KH-1677
265083038;259368;8720573555494;RĘCZNY MŁYNEK DO PIEPRZU I SOLI SZKLANY 259368
265083039;259608;5904316471101;ZESTAW RĘCZNYCH MŁYNKÓW DO PIEPRZU I SOLI SZKLANYCH 259608
265083040;1516;5906716915162;SILIKONOWE FOREMKI DO PIECZENIA MUFFINEK 12szt. 1516
265083041;3145;5906716931452;MARMUROWY WAŁEK DO CIASTA Z PODSTAWKĄ 3145
265083042;3179;5906716931797;FORMA SILIKONOWA DO PIECZENIA 8 BUŁECZEK KAJZEREK 3179
265083043;3481;5906716934811;KUCHENNY MOŹDZIERZ GRANITOWY 12cm 3481
265083044;KD4128;5903957016733;ELEKTRYCZNY LUNCHBOX PODGRZEWACZ DO POSIŁKÓW 1,7L KRAFT&DELE KD4128
265083045;E-6132;5907768761325;MASELNICZKA STALOWA Z NOŻYKIEM DO SMAROWANIA E-6132
265083046;E-6078;5907768760786;CHLEBAK BAMBUSOWY POJEMNIK NA PIECZYWO E-6078
265083047;E-6075;5907768760755;CHLEBAK BAMBUSOWY POJEMNIK NA PIECZYWO E-6075 KREMOWY
265083048;E-6079;5907768760793;CHLEBAK Z ZESTAWEM POJEMNIKÓW I MASELNICZKA E-6079
265083049;E-6080;5907768760809;CHLEBAK Z ZESTAWEM POJEMNIKÓW I MASELNICZKA E-6080
265083050;E-6067;5907768760670;CHLEBAK BAMBUSOWY POJEMNIK NA PIECZYWO E-6067 CZARNY
265083051;E-6068;5907768760687;CHLEBAK BAMBUSOWY POJEMNIK NA PIECZYWO E-6068 BIAŁY
265083052;E-6309;5907768763091;ZESTAW NOŻY KUCHENNYCH Z TASAKIEM W STOJAKU E-6309
265083054;E-6310;5907768763107;ZESTAW NOŻY KUCHENNYCH Z TASAKIEM W STOJAKU E-6310
265083055;BH-6898;5999108421327;GARNEK GRANITOWY 28cm BERLINGERHAUS BH-6898 CARBON PRO
265083056;BH-9381;5999056779556;BLENDER RĘCZNY BERLINGER HAUS BH-9381
265083057;BH-8078;5999108468988;ZESTAW 3 PATELNI TYTANOWYCH BERLINGER HAUS BH-8078 SAHARA
265083058;279047;5900670100725;WKŁAD PAPIEROWY DO FRYTOWNICY KWADRATOWY 23 x 23cm 100szt. 279047
265083059;279048;5900670100732;WKŁAD PAPIEROWY DO FRYTOWNICY OKRĄGŁY 19cm 50szt. 279048
265083060;279051;5900670100763;WKŁAD PAPIEROWY DO FRYTOWNICY OKRĄGŁY 23cm 100szt. 279051
265083061;279049;5900670100749;WKŁAD PAPIEROWY DO FRYTOWNICY OKRĄGŁY 19cm 100szt. 279049
265083062;279050;5900670100756;WKŁAD PAPIEROWY DO FRYTOWNICY OKRĄGŁY 23cm 50szt. 279050
265083063;279044;5900670100695;WKŁAD PAPIEROWY DO FRYTOWNICY KWADRATOWY 19 x 19cm 50szt. 279044
265083064;279045;5900670100701;WKŁAD PAPIEROWY DO FRYTOWNICY KWADRATOWY 19 x 19cm 100szt. 279045
265083065;279046;5900670100718;WKŁAD PAPIEROWY DO FRYTOWNICY KWADRATOWY 23 x 23cm 50szt. 279046
265083066;3380;5906716933807;STOJAK NA RĘCZNIKI PAPIEROWE Z MARMUROWĄ PODSTAWĄ 3380
265083067;KH-1608;5908287216082;BRYTFANNA MARMUROWA KINGHOFF 5,5L +POKRYWA KH-1608
265083068;E-7051;5907768770518;BRYTFANNA MARMUROWA 6,5L POKRYWA Z AROMATYZEREM E-7051
265083069;2533;5903818650458;KOSZYK PIĘTROWY PATERA NA OWOCE LOFT 2533
265083070;KH-1489;5908287214897;STALOWA MISKA KUCHENNA 28cm KINGHOFF KH-1489
265083071;KB-7920;5908287279209;PODGRZEWACZ ŻAROODPORNY WAZA 4L KLAUSBERG KB-7920
265083072;KB-7921;5908287279216;PODGRZEWACZ ŻAROODPORNY STOŁOWY 3L KLAUSBERG KB-7921
265083073;KB-7922;5908287279223;PODGRZEWACZ ŻAROODPORNY STOŁOWY 2x1,5L KLAUSBERG KB-7922
265083074;KH-1891;5908287218918;WIADERKO COOLER DO CHŁODZENIA SZAMPANA WINA KINGHOFF KH-1891
265083075;KH-1850;5908287218505;STALOWA MISA COOLER DO CHŁODZENIA ALKOHOLI KINGHOFF KH-1850
265083076;KH-1921;5908287219212;KOMPLET OBIADOWY OPAL MARIGOLD DLA 6 OSÓB 18 ELEM. KINGHOFF KH-1921
265083077;KH-1923;5908287219236;KOMPLET OBIADOWY TOPAZ DLA 6 OSÓB 18 ELEM. KINGHOFF KH-1923
265083078;KH-1929;5908287219298;ZESTAW KAWOWY 6 FILIŻANEK ZE SPODECZKAMI KINGHOFF OPAL KH-1929
265083079;KH-1930;5908287219304;ZESTAW KAWOWY 6 FILIŻANEK ZE SPODECZKAMI KINGHOFF OPAL KH-1930
265083080;KH-1593;5908287215931;KINGHOFF GARNEK MARMUROWY 20cm KH-1593 2,3L
265083081;KH-1595;5908287215955;KINGHOFF GARNEK MARMUROWY 24cm KH-1595 4,5L
265083082;KH-1834;5908287218345;DUŻY CHLEBAK STALOWY KINGHOFF KH-1834
265083083;KH-1948;5908287219489;CHLEBAK STALOWY Z DESKĄ DO KROJENIA KINGHOFF KH-1948
265083084;KH-1949;5908287219496;ELEGANCKI CHLEBAK STALOWY KINGHOFF KH-1949 CZARNY
265083085;KH-1950;5908287219502;ELEGANCKI CHLEBAK STALOWY KINGHOFF KH-1950 KREMOWY
265083086;279053;5900670102354;BRYTFANNA PATELNIA ŻELIWNA Z PATELNIĄ 2w1 28x16cm CAST LINE 279053
265083087;152607;8692531004705;POKRYWKA DO KUCHENKI MIKROFALOWEJ MIKROFALI 26cm 152607
265083088;152614;8696219356636;POKRYWKA DO KUCHENKI MIKROFALOWEJ MIKROFALI 29cm 152614
265083089;KB-7589;5908287275898;FRYTOWNICA BEZTŁUSZCZOWA 2 x 4,5L KLAUSBERG KB-7589
265083090;KB-7551;5908287275515;FRYTOWNICA BEZTŁUSZCZOWA 1400W 4,5L KLAUSBERG KB-7551
265083091;139600;5904316470920;SŁÓJ SZKLANY 4,2l DO NAPOJÓW Z KRANIKIEM I STOJAKIEM 139600
265083092;A26719;8591022610671;STALOWY KUBEK TERMICZNY TERMOS 1200ml Z RĄCZKĄ I SŁOMKĄ BANQUET TWAIN SZARY
265083093;A26720;8591022610688;STALOWY KUBEK TERMICZNY TERMOS 1200ml Z RĄCZKĄ I SŁOMKĄ BANQUET TWAIN LILA
265083094;130163;8592381109974;PODWÓJNY RĘCZNY MŁYNEK DO PIEPRZU I SOLI ORION 130163
265083095;259607;5904316471095;ZESTAW RĘCZNYCH MŁYNKÓW DO PIEPRZU I SOLI SZKLANYCH 259607
265083096;229109;5904316472429;SUSZARKA DWUPOZIOMOWA OCIEKACZ DO NACZYŃ VILDE 229109
265083097;KH-1961;5908287219618;GARNEK GASTRONOMICZNY Z POKRYWĄ STALOWĄ 17L KINGHOFF KH-1961
265083098;KH-1962;5908287219625;GARNEK GASTRONOMICZNY Z POKRYWĄ STALOWĄ 21L KINGHOFF KH-1962
265083099;KH-1963;5908287219632;GARNEK GASTRONOMICZNY Z POKRYWĄ STALOWĄ 25L KINGHOFF KH-1963
265083100;KH-1964;5908287219649;GARNEK GASTRONOMICZNY Z POKRYWĄ STALOWĄ 33L KINGHOFF KH-1964
265083101;KH-1965;5908287219656;GARNEK GASTRONOMICZNY Z POKRYWĄ STALOWĄ 36L KINGHOFF KH-1965
265083103;KH-1966;5908287219663;GARNEK GASTRONOMICZNY Z POKRYWĄ STALOWĄ 50L KINGHOFF KH-1966
265083104;KH-1967;5908287219670;GARNEK GASTRONOMICZNY Z POKRYWĄ STALOWĄ 71L KINGHOFF KH-1967
265083105;KH-1968;5908287219687;GARNEK GASTRONOMICZNY Z POKRYWĄ STALOWĄ 98L KINGHOFF KH-1968
265083106;KH-1953;5908287219533;FORMA KEKSÓWKA DO CHLEBA 24x13,5cm Z WKŁADKĄ KINGHOFF KH-1953
265083107;E-8178;5907768781781;KOSZYK PIĘTROWY NA OWOCE PIECZYWO LOFT E-8178
265083108;KH-1951;5908287219519;MASZYNKA TARKA BĘBNOWA DO TARCIA OWARZYW ORZECHÓW SERA KINGHOFF KH-1951
265083109;KH-1952;5908287219526;MASZYNKA MŁYNEK DO MIELENIA MAKU ORZECHÓW KINGHOFF KH-1952
265083110;130181;8592381121778;PODWÓJNY MŁYNEK KLEPSYDRA DO PIEPRZU I SOLI ORION 130181
265083111;259128;5904316402365;KUCHENNY MOŹDZIERZ GRANITOWY 11cm 259128
265083112;112284;8592381223557;STALOWY KUBEK TERMICZNY TERMOS 1200ml Z RĄCZKĄ I SŁOMKĄ ORION 112284 CZARNY
265083113;112283;8592381223533;STALOWY KUBEK TERMICZNY TERMOS 1200ml Z RĄCZKĄ I SŁOMKĄ ORION 112283 RÓŻOWY
265083114;112282;8592381223519;STALOWY KUBEK TERMICZNY TERMOS 1200ml Z RĄCZKĄ I SŁOMKĄ ORION 112282 MIĘTOWY
265083115;229251;5900670100312;SZKLANY POJEMNIK KUCHENNY NA PRODUKTY SYPKIE 750ml 229251
265083116;229250;5900670100305;SZKLANY POJEMNIK KUCHENNY NA PRODUKTY SYPKIE 1,1L 229250
265083117;229249;5900670100299;SZKLANY POJEMNIK KUCHENNY NA PRODUKTY SYPKIE 1,6L 229249
265083118;5907696075655;5907696075655;KOMPLET OBIADOWY OMBRES DLA 6 OSÓB 18 ELEM. NAVY GREY
265083120;5907696077994;5907696077994;KOMPLET OBIADOWY OMBRES DLA 6 OSÓB 18 ELEM. GREEN GREY
265083121;8712442698388;8712442698388;KOMPLET OBIADOWY BLACK LONDON DLA 6 OSÓB 18 ELEM.
265083122;KB-7925;5908287279254;RĘCZNA NADZIEWARKA DO KIEŁBASY 2,5kg KLAUSBERG KB-7925
265083123;KB-7926;5908287279261;RĘCZNA NADZIEWARKA DO KIEŁBASY 3kg KLAUSBERG KB-7926 PIONOWA
265083124;KB-7927;5908287279278;RĘCZNA NADZIEWARKA DO KIEŁBASY 5kg KLAUSBERG KB-7927 PIONOWA
265083125;KB-7928;5908287279285;RĘCZNA NADZIEWARKA DO KIEŁBASY 3kg KLAUSBERG KB-7928
265083126;KH-3183;5908287231832;CZTEROSTRONNA TARKA KUCHENNA KINGHOFF KH-3183
265083127;KB-7929;5908287279292;RĘCZNA NADZIEWARKA DO KIEŁBASY 5kg KLAUSBERG KB-7929
265083128;KB-7930;5908287279308;PROFESJONALNA NADZIEWARKA DO KIEŁBASY 5kg KLAUSBERG KB-7930
265083129;KH-1986;5908287219861;CZTEROSTRONNA TARKA KUCHENNA KINGHOFF KH-1986
265083130;KH-1988;5908287219885;CZTEROSTRONNA TARKA KUCHENNA KINGHOFF KH-1988
265083131;KH-1989;5908287219892;CZTEROSTRONNA TARKA KUCHENNA KINGHOFF KH-1989
265083132;KH-1990;5908287219908;CZTEROSTRONNA TARKA KUCHENNA KINGHOFF KH-1990
265083133;KH-1987;5908287219878;TRÓJSTRONNA TARKA KUCHENNA KINGHOFF KH-1987
265083134;KH-1991;5908287219915;SZEŚCIOSTRONNA TARKA KUCHENNA KINGHOFF KH-1991
265083135;KH-1992;5908287219922;CZTEROSTRONNA TARKA KUCHENNA KINGHOFF KH-1992
265083136;KB-7910;5908287279100;CZAJNIK STALOWY Z GWIZDKIEM 2,5L KLAUSBERG KB-7910
265083137;KB-7911;5908287279117;CZAJNIK STALOWY Z GWIZDKIEM 2,5L KLAUSBERG KB-7911
265083138;KB-7912;5908287279124;CZAJNIK STALOWY Z GWIZDKIEM 2,5L KLAUSBERG KB-7912
265083139;KB-7913;5908287279131;CZAJNIK STALOWY Z GWIZDKIEM 2,5L KLAUSBERG KB-7913
265083140;KB-7914;5908287279148;CZAJNIK STALOWY Z GWIZDKIEM 2,5L KLAUSBERG KB-7914
265083141;KB-7915;5908287279155;CZAJNIK STALOWY Z GWIZDKIEM 2,5L KLAUSBERG KB-7915
265083142;KB-7916;5908287279162;CZAJNIK STALOWY Z GWIZDKIEM 2,5L KLAUSBERG KB-7916
265083143;KB-7917;5908287279179;CZAJNIK STALOWY Z GWIZDKIEM 2,5L KLAUSBERG KB-7917
265083144;E-7543;5907768775438;PATELNIA STALOWA 16cm Z POWŁOKĄ PLASTER MIODU E-7543
265083145;E-7544;5907768775445;PATELNIA STALOWA 18cm Z POWŁOKĄ PLASTER MIODU E-7544
265083146;E-7545;5907768775452;PATELNIA STALOWA 20cm Z POWŁOKĄ PLASTER MIODU E-7545
265083147;E-7546;5907768775469;PATELNIA STALOWA 22cm Z POWŁOKĄ PLASTER MIODU E-7546
265083148;E-7547;5907768775476;PATELNIA STALOWA 24cm Z POWŁOKĄ PLASTER MIODU E-7547
265083149;E-7548;5907768775483;PATELNIA STALOWA 26cm Z POWŁOKĄ PLASTER MIODU E-7548
265083150;E-7549;5907768775490;PATELNIA STALOWA 28cm Z POWŁOKĄ PLASTER MIODU E-7549
265083151;E-7550;5907768775506;PATELNIA STALOWA 30cm Z POWŁOKĄ PLASTER MIODU E-7550
265083152;10070490;5903456110901;MATA PODKŁADKA OCIEKACZ DO NACZYŃ 45x39cm FLEXI
265083153;KH-3315;5908287233157;GARNEK NA PARĘ KINGHOFF 3 ELEM. 18cm KH-3315
265083154;KH-3316;5908287233164;GARNEK NA PARĘ KINGHOFF 4 ELEM. 18cm KH-3316
265083155;KH-1518;5908287215184;PATELNIA ŻELIWNA EMALIOWANA 20cm KINGHOFF KH-1518
265083156;KH-1519;5908287215191;PATELNIA ŻELIWNA EMALIOWANA 26cm KINGHOFF KH-1519
265083157;139748;8721037099929;ZESTAW MISECZEK NA DREWNIANEJ TACY DO SERWOWANIA SOSÓW PRZEKĄSEK 139748
265083158;229224;5904316497163;PÓŁKA NA PRZYPRAWY + WIESZAK NA RĘCZNIK PAPIEROWY 229224
265083159;229261;5900670102699;POJEMNIK NA WARZYWA CEBULĘ ZIEMNIAKI 12L 229261
265083160;259724;5904316491772;DZBANEK SZKLANY ZAPARZACZ Z SITKIEM I PODGRZEWACZEM 1,5L 259724
265083161;KB-7931;5908287279315;CHLEBAK POJEMNIK STALOWY NA PIECZYWO KLAUSBERG KB-7931
265083162;KB-7932;5908287279322;CHLEBAK POJEMNIK STALOWY NA PIECZYWO KLAUSBERG KB-7932
265083163;KB-7933;5908287279339;CHLEBAK POJEMNIK BAMBUSOWY NA PIECZYWO KLAUSBERG KB-7933
265083164;KB-7934;5908287279346;CHLEBAK POJEMNIK BAMBUSOWY NA PIECZYWO KLAUSBERG KB-7934
265083165;KH-1946;5908287219465;CHLEBAK POJEMNIK STALOWY NA PIECZYWO KINGHOFF KH-1946
265083166;KH-1947;5908287219472;CHLEBAK POJEMNIK STALOWY NA PIECZYWO KINGHOFF KH-1947 BIAŁY
265083167;KH-1955;5908287219557;STOJAK STALOWY NA RĘCZNIKI PAPIEROWE KINGHOFF KH-1955
265083168;KB-7945;5908287279452;ELEKTRYCZNA DIAMENTOWA OSTRZAŁKA DO NOŻY KLAUSBERG KB-7945
265083169;KH-1941;5908287219410;REGAŁ BAREK MOBILNY WIELOFUNKCYJNY KINGHOFF KH-1941
265083170;KH-1942;5908287219427;REGAŁ BAREK MOBILNY WIELOFUNKCYJNY KINGHOFF KH-1942
265083171;KH-1943;5908287219434;REGAŁ BAREK MOBILNY WIELOFUNKCYJNY KINGHOFF KH-1943
265083172;139815;5900670101869;KUBEK SZKLANY 400ml Z ZAPARZACZEM I POKRYWĄ 139815
265083174;KH-1959;5908287219595;TARKA BĘBNOWA DO WARZYW SERA KINGHOFF KH-1959
265083175;KH-1960;5908287219601;TARKA BĘBNOWA DO WARZYW SERA KINGHOFF KH-1960
265083177;KH-1954;5908287219540;ZESTAW SZTUĆCÓW W ETUI DO LUNCH BOXÓW DIET BOX KINGHOFF KH-1954
265083178;KH-1994;5908287219946;TERMOS DZBANEK KONFERENCYJNY NA KAWĘ HERBATĘ 2L KINGHOFF KH-1994
265083179;139816;5900670101876;KUBEK SZKLANY 400ml Z ZAPARZACZEM I POKRYWĄ 139816
265083180;139821;5900670101975;SZKLANKI TERMICZNE 2szt. 320ml Z PODWÓJNĄ SCIANKĄ DO KAWY HERBATY 139821
265083181;139820;5900670101968;SZKLANKI TERMICZNE 2szt. 370ml Z PODWÓJNĄ SCIANKĄ DO KAWY HERBATY 139820
265083182;139818;5900670101944;SZKLANKI TERMICZNE 2szt. 280ml Z PODWÓJNĄ SCIANKĄ DO KAWY HERBATY 139818
265083183;259415;5900670101753;DZBANEK SZKLANY 680ml Z ZAPARZACZEM SPUSTOWYM DO HERBATY ZIÓŁ 259415
265083184;259416;5900670101760;DZBANEK SZKLANY 960ml Z ZAPARZACZEM SPUSTOWYM DO HERBATY ZIÓŁ 259416
265083185;259417;5900670101777;DZBANEK SZKLANY 1150ml Z ZAPARZACZEM SPUSTOWYM DO HERBATY ZIÓŁ 259417
265083186;259418;5900670101784;DZBANEK SZKLANY 1,65L Z ZAPARZACZEM SPUSTOWYM DO HERBATY ZIÓŁ 259418
265083187;259423;5900670101838;DZBANEK SZKLANY 730ml Z ZAPARZACZEM SPUSTOWYM DO HERBATY ZIÓŁ 259423
265083188;259424;5900670101845;DZBANEK SZKLANY 880ml Z ZAPARZACZEM SPUSTOWYM DO HERBATY ZIÓŁ 259424
265083189;259429;5900670101920;DZBANEK SZKLANY ZAPARZACZ Z SITKIEM 1,5L DO HERBATY ZIÓŁ 259429
265083190;259426;5900670101890;ZAPARZACZ TŁOKOWY DO KAWY HERBATY 350ml 259426
265083191;259427;5900670101906;ZAPARZACZ TŁOKOWY DO KAWY HERBATY 600ml 259427
265083192;3451;5906716934514;PODGRZEWACZ STALOWY DO ZAPARZACZY DZBANKÓW 3451
265083193;3450;5906716934507;PODGRZEWACZ STALOWY DO ZAPARZACZY DZBANKÓW 3450
265083194;229198;5904316492496;PÓŁKA KUCHENNA NA PRZYPRAWY AKCESORIA 229198
265083195;5903456107987;5903456107987;STOLNICA SILIKONOWA 50 x 40cm PRACTIC FLEXI
265083196;259425;5900670101852;ZAPARZACZE SZKLANE FIOLKI DO HERBATY ZIÓŁ 3 szt. 259425
265083197;229243;5904316498986;ZESTAW 4 POJEMNIKÓW NA ŻYWNOŚĆ Z POKRYWAMI I USZCZELKAMI 229243
265083198;4026;5906716940263;SUSZARKA DO NACZYŃ Z OCIEKACZEM I TACĄ 4026
265083199;4028;5906716940287;SUSZARKA DO NACZYŃ Z OCIEKACZEM I TACĄ 4028
265083200;4027;5906716940270;SUSZARKA DWUPOZIOMOWA DO NACZYŃ Z OCIEKACZEM I TACĄ 4027
265083201;4029;5906716940294;SUSZARKA DWUPOZIOMOWA DO NACZYŃ Z OCIEKACZEM I TACĄ 4029
265083202;E-8249;5907768782498;TERMOS OBIADOWY 500ml Z MISKĄ I SKŁADANĄ ŁYŻKĄ E-8249
265083203;E-8250;5907768782504;TERMOS OBIADOWY 500ml Z MISKĄ I SKŁADANĄ ŁYŻKĄ E-8250
265083204;E-8248;5907768782481;TERMOS OBIADOWY 1050ml Z MISKĄ I SKŁADANĄ ŁYŻKĄ E-8248
265083205;E-8247;5907768782474;TERMOS OBIADOWY 1050ml Z MISKĄ I SKŁADANĄ ŁYŻKĄ E-8247
265083206;229203;5904316492557;PÓŁKA KUCHENNA NAROŻNA NA PRZYPRAWY AKCESORIA 229203
265083207;131284;8711295925986;ELEKTRYCZNY SPIENIACZ DO MLEKA 131284
265083208;A23376;8591022565704;PATELNIA 24cm BANQUET MATTE DARK GREY
265083209;KH-1957;5908287219571;MASZYNKA DO MAKARONU CIASTA KINGHOFF KH-1957
265083210;KB-7971;5908287279711;PATELNIA DO UŚMIECHNIĘTYCH NALEŚNIKÓW 18cm KLAUSBERG KB-7971
265083211;KB-7972;5908287279728;PATELNIA DO SŁONECZNYCH NALEŚNIKÓW 18cm KLAUSBERG KB-7972
265083212;KB-7973;5908287279735;PATELNIA DO NALEŚNIKÓW Z KOTKIEM 18cm KLAUSBERG KB-7973
265083213;KB-7974;5908287279742;PATELNIA DO NALEŚNIKÓW ZE SŁONIKIEM 18cm KLAUSBERG KB-7974
265083214;KB-7975;5908287279759;PATELNIA DO NALEŚNIKÓW Z ŻYRAFĄ 18cm KLAUSBERG KB-7975
265083215;KB-7942;5908287279421;STALOWY KUBEK TERMICZNY TERMOS 1100ml Z RĄCZKĄ I SŁOMKĄ KLAUSBERG KB-7942
265083216;KB-7943;5908287279438;STALOWY KUBEK TERMICZNY TERMOS 1100ml Z RĄCZKĄ I SŁOMKĄ KLAUSBERG KB-7943
265083217;KB-7944;5908287279445;STALOWY KUBEK TERMICZNY TERMOS 1100ml Z RĄCZKĄ I SŁOMKĄ KLAUSBERG KB-7944
265083218;KB-7970;5908287279704;PATELNIA MARMURKOWA DO ŚWIĄTECZNYCH PLACUSZKÓW KLAUSBERG KB-7970
265083219;KH-1770;5908287217706;FORMA STALOWA DO BAGIETEK ZAPIEKANEK KINGHOFF KH-1770
265083220;2492;5906716924928;ZAPARZACZ ŻELIWNY 1,8L Z FILTREM 2492
265083221;KH-1958;5908287219588;BLACHA FORMA DO TARTY Ø28cm KINGHOFF KH-1958
265083222;KH-1956;5908287219564;BLACHA FORMA DO TARTY Ø28cm KINGHOFF KH-1956
265083223;2489;5906716924898;ZAPARZACZ ŻELIWNY 850ml Z FILTREM I PODGRZEWACZEM 2489
265083224;139817;5900670101883;KUBEK SZKLANY 530ml Z ZAPARZACZEM I POKRYWĄ 139817
265083225;KB-7964;5908287279643;PATELNIA MARMURKOWA DO NALEŚNIKÓW KLAUSBERG 24cm KB-7964
265083226;KB-7965;5908287279650;PATELNIA MARMURKOWA DO NALEŚNIKÓW KLAUSBERG 24cm KB-7965
265083227;KB-7957;5908287279575;PATELNIA MARMURKOWA DO NALEŚNIKÓW KLAUSBERG 24cm KB-7957
265083228;KB-7958;5908287279582;PATELNIA MARMURKOWA DO NALEŚNIKÓW KLAUSBERG 24cm KB-7958
265083229;KB-7961;5908287279612;ZESTAW 6 ELEM. GARNKÓW MARMURKOWYCH KLAUSBERG KB-7961
265083230;KB-7962;5908287279629;ZESTAW 7 ELEM. GARNKÓW MARMURKOWYCH KLAUSBERG KB-7962
265083231;KB-7963;5908287279636;ZESTAW 7 ELEM. GARNKÓW MARMURKOWYCH KLAUSBERG KB-7963
265083232;KB-7959;5908287279599;ZESTAW 12 ELEM. GARNKÓW MARMURKOWYCH KLAUSBERG KB-7959
265083233;KH-1969;5908287219694;BLACHA FORMA DO TARTY Ø25cm Z WYJMOWANYM DNEM KINGHOFF KH-1969
265083234;KH-1970;5908287219700;FORMA STALOWA DO BAGIETEK ZAPIEKANEK KINGHOFF KH-1970
265083235;KH-1971;5908287219717;FORMA KEKSÓWKA DO CHLEBA PASZTETU 26x11,5cm KINGHOFF KH-1971
265083236;KH-1972;5908287219724;FORMA KEKSÓWKA DO CHLEBA PASZTETU 31x11,8cm KINGHOFF KH-1972
265083237;KH-1973;5908287219731;FORMA KEKSÓWKA DO CHLEBA PASZTETU 35x11,5cm KINGHOFF KH-1973
265083238;KH-1974;5908287219748;FORMA BLACHA KWADRATOWA DO CIASTA 24x24cm KINGHOFF KH-1974
265083239;KH-1974;5908287219755;FORMA BLACHA PROSTOKĄTNA DO CIASTA 36,5x24cm KINGHOFF KH-1975
265083240;KH-1976;5908287219762;FORMA KEKSÓWKA DO CHLEBA ROZPINANA 34,5x15,5cm KINGHOFF KH-1976
265083241;KH-1977;5908287219779;FORMA BLACHA KWADRATOWA ROZPINANA DO CIASTA 27,5x27,5cm KINGHOFF KH-1977
265083242;KH-1978;5908287219786;FORMA BLACHA PROSTOKĄTNA ROZPINANA DO CIASTA 39x27cm KINGHOFF KH-1978
265083243;KH-1983;5908287219830;WOK Z POWŁOKĄ MARMURKOWĄ 30cm KINGHOFF KH-1983
265083245;KH-1984;5908287219847;WOK Z POKRYWĄ Z POWŁOKĄ MARMURKOWĄ 30cm KINGHOFF KH-1984
265083246;KB-7289;5902666612892;PATELNIA GRANITOWA 18cm KLAUSBERG KB-7289
265083247;3430;5906716934309;PÓŁKA ZAWIESZANA DO KABINY PRYSZNICOWEJ CZARNA 3430
265083248;2754;5906716927547;CHLEBAK Z ZESTAWEM 4 POJEMNIKÓW KUCHENNYCH I NOŻEM 2754
265083249;3345;5906716933456;ZESTAW 4 SILIKONOWYCH SKŁADANYCH POJEMNIKÓW NA ŻYWNOŚĆ POKRYWAMI 3345
265083250;3793;5906716937935;ŁOPATA ŁOPATKA TACA DO PIZZY KWADRATOWA SKŁADANA 3793
265083251;2704;5906716927042;CHLEBAK STALOWY POJEMNIK NA PIECZYWO 2704
265083252;2776;5906716927769;MASELNICZKA STALOWA Z NOŻYKIEM DO SMAROWANIA 2776
265083253;2688;5906716926885;CHLEBAK BAMBUSOWY POJEMNIK NA PIECZYWO 2688
265083254;KB-7966;5908287279667;ZESTAW 12 ELEM. GARNKÓW MARMURKOWYCH KLAUSBERG KB-7966
265083255;KB-7967;5908287279674;ZESTAW 12 ELEM. GARNKÓW MARMURKOWYCH KLAUSBERG KB-7967
265083256;KB-7968;5908287279681;ZESTAW 12 ELEM. GARNKÓW MARMURKOWYCH KLAUSBERG KB-7968
265083257;KB-7969;5908287279698;ZESTAW 12 ELEM. GARNKÓW MARMURKOWYCH KLAUSBERG KB-7969
265083258;KB-7976;5908287279766;ZESTAW SZTUĆCÓW SZTUĆCE DO STEKÓW 8 szt. KLAUSBERG KB-7976
265083259;KB-7977;5908287279773;ZESTAW NOŻY W STOJAKU Z DESKĄ I CHWYTEM NA RĘCZNIK KLAUSBERG KB-7977
265083260;KB-7978;5908287279780;ZESTAW NOŻY W STOJAKU Z DESKĄ I CHWYTEM NA RĘCZNIK KLAUSBERG KB-7978
265083261;KB-7979;5908287279797;ZESTAW NOŻY W BLOKU AKACJOWYM KLAUSBERG KB-7979
265083262;KB-7980;5908287279803;ZESTAW NOŻY I DESEK KUCHENNYCH W STOJAKU KLAUSBERG KB-7980
265083263;KB-7981;5908287279810;ZESTAW NOŻY W BLOKU AKACJOWYM KLAUSBERG KB-7981
265083264;KB-7982;5908287279827;ZESTAW NOŻY W BLOKU AKACJOWYM KLAUSBERG KB-7982
265083265;KB-7983;5908287279834;ZESTAW NOŻY W BLOKU AKACJOWYM KLAUSBERG KB-7983
265083266;KB-7984;5908287279841;ZESTAW NOŻY W BLOKU AKACJOWYM KLAUSBERG KB-7984
265083267;KB-7985;5908287279858;ZESTAW NOŻY KUCHENNYCH I DO STEKÓW W BLOKU KLAUSBERG KB-7985
265083268;229246;5900670100244;SZKLANY POJEMNIK KUCHENNY NA PRODUKTY SYPKIE 1,4L 229246
265083269;229247;5900670100251;SZKLANY POJEMNIK KUCHENNY NA PRODUKTY SYPKIE 1L 229247
265083270;A16462;8591022453865;ZESTAW FORM WYKROJNIKÓW ORZESZKÓW 25 szt. BANQUET
265083271;5907696075563;5907696075563;SZKLANY POJEMNIK KUCHENNY NA PRODUKTY SYPKIE 1L LA BANDE
265083272;KH-1599;5908287215993;KINGHOFF GARNEK MARMUROWY 28cm KH-1599 10L
265083273;KH-1067;5908287210677;CZAJNIKZ GWIZDKIEM Z LINII GOLD 3,0L KH-1067
265083274;2929;5906716929299;KAMIEŃ SZAMOT DO PIECZENIA I SERWOWANIA PIZZY 38x30cm 2929
265083275;KH-1999;5908287219991;CZAJNIK 2,5L Z GWIZDKIEM KINGHOFF KH-1999 CZARNY MAT
265083276;KH-2004;5908287220041;SZKLANA BUTELKA 500ml Z NALEWAKIEM DO OCTU I OLIWY KINGHOFF KH-2004
265083277;KH-2005;5908287220058;SZKLANY ROZPYLACZ 250ml DO OCTU I OLIWY KINGHOFF KH-2005
265083278;KH-2006;5908287220065;TARKA SZATKOWNICA KRAJALNICA KINGHOFF KH-2006
265083279;KH-1995;5908287219953;STALOWY ZAPARZACZ TŁOKOWY DO KAWY HERBATY 1L KINGHOFF KH-1995
265083280;KH-1996;5908287219960;STALOWY ZAPARZACZ TŁOKOWY DO KAWY HERBATY 1L KINGHOFF KH-1996
265083281;KH-1997;5908287219977;CZAJNIK 2L Z GWIZDKIEM KINGHOFF KH-1997 CZARNY MAT
265083282;KH-1998;5908287219984;CZAJNIK 2L Z GWIZDKIEM KINGHOFF KH-1998 BEŻOWY MAT
265083283;KH-2002;5908287220027;RĘCZNY MŁYNEK DO KAWY Z REGULACJĄ KINGHOFF KH-2002
265083284;KH-2001;5908287220010;ELEKTRYCZNY MIKSER DO KOKTAJLI SPIENIACZ DO MLEKA KINGHOFF KH-2001
265083285;KB-7936;5908287279360;ELEKTRONICZNA WAGA KUCHENNA 10kg KLAUSBERG KB-7936
265083286;A23076;8591022560983;BRYTFANNA ŻELIWNA 39cm 3 + 4L BANQUET
265083287;KB-7938;5908287279384;ELEKTRONICZNA WAGA KUCHENNA 5kg KLAUSBERG KB-7938 Bluetooth
265083288;KB-7939;5908287279391;ELEKTRONICZNA WAGA KUCHENNA 5kg/1.8l KLAUSBERG KB-7939 Bluetooth
265083289;KB-7940;5908287279407;ANALITYCZNA WAGA ŁAZIENKOWA SMART IOS ANDROID KLAUSBERG KB-7940
265083290;KB-7941;5908287279414;ANALITYCZNA WAGA ŁAZIENKOWA SMART IOS ANDROID KLAUSBERG KB-7941
265083291;KH-2000;5908287220003;ZESTAW STALOWYCH KUBKÓW 500ml DO DRINKÓW MOSCOW MULE KINGHOFF KH-2000
265083292;KB-7960;5908287279605;ZESTAW 6 ELEM. GARNKÓW MARMURKOWYCH KLAUSBERG KB-7960
265083293;7735;5903818653893;BRYTFANNA MARMUROWA 5,7L POKRYWA Z AROMATYZEREM 7735
265083294;KB-7990;5908287279902;PATELNIA MARMURKOWA GŁĘBOKA WOK 28cm Z POKRYWĄ KLAUSBERG 28cm KB-7990
265083295;KB-7991;5908287279919;PATELNIA MARMURKOWA GŁĘBOKA WOK 28cm Z POKRYWĄ KLAUSBERG 28cm KB-7991
265083296;KB-7986;5908287279865;RONDELEK MARMUROWY 1,2l Z POKRYWĄ KLAUSBERG KB-7986
265083297;KB-7987;5908287279872;RONDELEK MARMUROWY 1,2l Z POKRYWĄ KLAUSBERG KB-7987
265083298;KB-7988;5908287279889;PATELNIA MARMURKOWA KLAUSBERG 24cm KB-7988
265083299;KB-7989;5908287279896;PATELNIA MARMURKOWA KLAUSBERG 24cm KB-7989
265083300;279064;5900670103634;FORMA GRANITOWA DO ŚWIĄTECZNYCH CIASTECZEK 279064
265083301;139448;5900670105614;TACA KAMIENNA DO SERWOWANIA 30x40cm 139448
265083302;139449;5900670105621;TALERZ TACA KAMIENNA OKRĄGŁA 30cm DO SERWOWANIA 139449
265083303;279002;5904316474270;STOLNICA MATA SILIKONOWA DO CIASTA 64x45cm 279002
265083304;E-6324;5907768763244;CHLEBAK POJEMNIK STALOWY NA PIECZYWO E-6324 czarny
265083305;E-6325;5907768763251;CHLEBAK POJEMNIK STALOWY NA PIECZYWO E-6325 biały
265083306;3173;5906716931735;SUSZARKA OCIEKACZ MATA STALOWA NA ZLEWOZMYWAK 3173
265083307;73929;5900378739296;CZAJNIK ELEKTRYCZNY HUSLA 1,5L 73929 CZARNY
265083308;73919;5900378739197;CZAJNIK ELEKTRYCZNY HUSLA 1,5L 73919 KREMOWY
265083309;E-8190;5907768781903;SUSZARKA DO NACZYŃ Z OCIEKACZEM I TACĄ E-8190 BEŻOWA
265083310;E-8189;5907768781897;SUSZARKA DO NACZYŃ Z OCIEKACZEM I TACĄ E-8189 BEŻOWA
265083311;KB-9006;5908287290068;CZAJNIK ELEKTRYCZNY 1,7L Z TERMOMETREM KLAUSBERG KB-9006 RETRO
265083312;839439;5904316479299;KURTYNA ŚWIETLNA 300 LED 3m Z PILOTEM 839439 BIAŁY CIEPŁY
265083313;259043;8711295271076;KOKILKA MISECZKA CERAMICZNA 300ml DO ZAPIEKANIA 259043
265083314;279040;5900670100657;MISECZKI KOKILKI PORCELANOWE 260ml DO ZAPIEKANIA 2 szt. 279040
265083315;5907696075648;5907696075648;KOMPLET OBIADOWY OMBRES DLA 6 OSÓB 18 ELEM. LIGHT BROWN
265083316;A27170;8591022620571;FORMA NACZYNIE CERAMICZNE DO ZAPIEKANIA 39x22 cm BANQUET CULINARIA
265083318;A27171;8591022620601;FORMA NACZYNIE CERAMICZNE DO ZAPIEKANIA 33,5x22,5 cm BANQUET CULINARIA
265083319;A27168;8591022620533;NACZYNIE CERAMICZNE GARNEK Z POKRYWĄ DO ZAPIEKANIA 26 cm 3L BANQUET CULINARIA
265083320;A27169;8591022620557;BRYTFANNA CERAMICZNA Z POKRYWĄ DO ZAPIEKANIA 3,6L BANQUET CULINARIA
265083321;A11612;8591022368992;ZESTAW DO FONDUE CZEKOLADOWEGO + WIDELCZYKI BANQUET CHOCO DARK
265083322;124459;8718158904744;KOSZYK KOSZYCZEK STALOWY DO SERWOWANIA FRYTEK 124459
265083323;199103;5900670102897;GARNEK GRANITOWY 1,2L 16cm Z POKRYWĄ Z AROMATYZEREM TERRUNA 199103
265083324;199104;5900670102903;GARNEK GRANITOWY 2,1L 20cm Z POKRYWĄ Z AROMATYZEREM TERRUNA 199104
265083325;199105;5900670102910;GARNEK GRANITOWY 4L 24cm Z POKRYWĄ Z AROMATYZEREM TERRUNA 199105
265083326;199106;5900670102927;GARNEK GRANITOWY 5,8L 28cm Z POKRYWĄ Z AROMATYZEREM TERRUNA 199106
265083327;199107;5900670102934;GARNEK GRANITOWY PŁASKI PATELNIA 2,1L 24cm Z POKRYWĄ Z AROMATYZEREM TERRUNA 199107
265083328;199108;5900670102941;GARNEK GRANITOWY PŁASKI PATELNIA 3,3L 28cm Z POKRYWĄ Z AROMATYZEREM TERRUNA 199108
265083329;199109;5900670102958;GARNEK GRANITOWY PŁASKI PATELNIA 4,7L 32cm Z POKRYWĄ Z AROMATYZEREM TERRUNA 199109
265083330;199110;5900670102965;GARNEK GRANITOWY WYSOKI 6,7L 24cm Z POKRYWĄ Z AROMATYZEREM TERRUNA 199110
265083331;199111;5900670102972;GARNEK GRANITOWY WYSOKI 9,7L 28cm Z POKRYWĄ Z AROMATYZEREM TERRUNA 199111
265083332;DK34-bottle green;5900415903956;EMALIOWANA BRYTFANNA ŻELIWNA GĘSIARKA 6L HAGE ZIELONA
265083333;DR10-bottle green;5900415903703;EMALIOWANA PATELNIA ŻELIWNA 26cm HAGE ZIELONA
265083334;DQ22-red;5900415903253;EMALIOWANY GARNEK ŻELIWNY 22cm 3L HAGE CZERWONY
265083335;DK34-red;5900415907343;EMALIOWANA BRYTFANNA ŻELIWNA GĘSIARKA 6L HAGE CZERWONA
265083336;DR10-red;5900415903697;EMALIOWANA PATELNIA ŻELIWNA 26cm HAGE CZERWONA
265083337;DQ26-bottle green;5900415903802;EMALIOWANY GARNEK ŻELIWNY 26cm 5L HAGE ZIELONY
265083338;DQ24-bottle green;5900415903857;EMALIOWANY GARNEK ŻELIWNY 24cm 4L HAGE ZIELONY
265083339;DQ22-bottle green;5900415903901;EMALIOWANY GARNEK ŻELIWNY 22cm 3L HAGE ZIELONY
265083340;DN30-bottle green;5900415903758;EMALIOWANY GARNEK ŻELIWNY PŁASKI 30cm 3L HAGE ZIELONY
265083341;DQ26-red;5900415904199;EMALIOWANY GARNEK ŻELIWNY 26cm 5L HAGE CZERWONY
265083342;DQ24-red;5900415903246;EMALIOWANY GARNEK ŻELIWNY 24cm 4L HAGE CZERWONY
265083343;DN30-red;5900415903741;EMALIOWANY GARNEK ŻELIWNY PŁASKI 30cm 3L HAGE CZERWONY
265083344;DQ26-blue;5900415903789;EMALIOWANY GARNEK ŻELIWNY 26cm 5L HAGE NIEBIESKI
265083345;DQ24-blue;5900415903833;EMALIOWANY GARNEK ŻELIWNY 24cm 4L HAGE NIEBIESKI
265083346;DQ22-blue;5900415903888;EMALIOWANY GARNEK ŻELIWNY 22cm 3L HAGE NIEBIESKI
265083347;DN30-blue;5900415903734;EMALIOWANY GARNEK ŻELIWNY PŁASKI 30cm 3L HAGE NIEBIESKI
265083348;DK34-blue;5900415903932;EMALIOWANA BRYTFANNA ŻELIWNA GĘSIARKA 6L HAGE NIEBIESKA
265083349;DK34-blue;5900415903680;EMALIOWANA PATELNIA ŻELIWNA 26cm HAGE NIEBIESKA
265083350;PC1212G;5900415906193;ZAPARZACZ ŻELIWNY DZBANEK ZŁOTY 900ml Z FILTREM i FILIŻANKAMI PREZENT
265083351;PC1212Black;5905261047960;ZAPARZACZ ŻELIWNY DZBANEK CZARNY 900ml Z FILTREM i FILIŻANKAMI PREZENT
265083352;PC1212Green;5905261047991;ZAPARZACZ ŻELIWNY DZBANEK ZIELONY 900ml Z FILTREM i FILIŻANKAMI PREZENT
265083353;PC1212WBlack;5905261047977;ZAPARZACZ ŻELIWNY DZBANEK CZARNY 900ml Z PODGRZEWACZEM i FILIŻANKAMI PREZENT
265083354;PC1212WGreen;5905261047984;ZAPARZACZ ŻELIWNY DZBANEK ZIELONY 900ml Z PODGRZEWACZEM i FILIŻANKAMI PREZENT
265083355;PC1414S;5905261049315;ZAPARZACZ ŻELIWNY DZBANEK CZARNY 1,4L Z FILTREM i FILIŻANKAMI PREZENT
265083356;PC1414SGreen;5905261049308;ZAPARZACZ ŻELIWNY DZBANEK ZIELONY 1,4L Z FILTREM i FILIŻANKAMI PREZENT
265083357;DN30-olive;5900415903727;EMALIOWANY GARNEK ŻELIWNY PŁASKI 30cm 3L HAGE OLIWKOWY
265083358;DK34-olive;5900415903925;EMALIOWANA BRYTFANNA ŻELIWNA GĘSIARKA 6L HAGE OLIWKOWA
265083359;PC607-8;5905261048042;ZESTAW ŻELIWNY HAGE DO FONDUE DLA 6 OSÓB Z PODGRZEWACZEM
265083360;PCD265B;5905261048035;RONDEL ŻELIWNY Z PATETLNIĄ 3w1 HAGE RONDEL PATELNIA BRYTFANNA
265083361;PC70S;5900415901570;PATELNIA ŻELIWNA HAGE 16cm INDUKCJA
265083362;PC72N;5900415900528;PATELNIA ŻELIWNA GRILLOWA HAGE 26cm INDUKCJA
265083363;PC295A;5900415903116;PATELNIA ŻELIWNA GRILLOWA HAGE 26 x 26cm INDUKCJA
265083364;PC100N;5905261048202;PATELNIA ŻELIWNA GRILLOWA HAGE 31cm INDUKCJA
265083365;PC74L;5900415906056;PATELNIA ŻELIWNA HAGE 31cm Z UCHEM INDUKCJA
265083366;PC100A;5905261044495;PATELNIA ŻELIWNA HAGE 30cm INDUKCJA
265083367;PC300;5900415901655;PATELNIA ŻELIWNA TALERZ DO PIZZY HAGE 30cm INDUKCJA
265083368;KH-1985;5908287219854;GARNEK MARMUROWY Z KOSZEM DO SMAŻENIA KINGHOFF KH-1985 4L
265083369;KH-1982;5908287219823;TYGIELEK MARMURKOWY DO KAWY PO TURECKU 1,8L KINGHOFF KH-1982 INDUKCJA
265083370;KH-1979;5908287219793;TORTOWNICA DO TORTÓW PIĘTROWYCH 12cm KINGHOFF KH-1979
265083371;KH-1979;5908287219809;TORTOWNICA DO TORTÓW PIĘTROWYCH 16cm KINGHOFF KH-1980
265083372;MX-2174;5904734064244;STALOWY KUBEK TERMICZNY TERMOS 1200ml Z RĄCZKĄ I SŁOMKĄ KM-2174
265083373;2209;5906716922092;MLECZNIK DZBANEK STALOWY DO SPIENIANIA MLEKA 350ml 2209
265083374;259349;8720573682275;DREWNIANY POJEMNIK NA HERBATĘ EKSPRESOWĄ 259349
265083375;KB-7951;5908287279513;CZAJNIK STALOWY Z GWIZDKIEM 2,5L KLAUSBERG KB-7951
265083376;KB-7952;5908287279520;CZAJNIK STALOWY Z GWIZDKIEM 2,5L KLAUSBERG KB-7952
265083378;KB-7953;5908287279537;CZAJNIK STALOWY Z GWIZDKIEM 2,5L KLAUSBERG KB-7953
265083379;KB-7954;5908287279544;CZAJNIK STALOWY Z GWIZDKIEM 2,5L KLAUSBERG KB-7954
265083380;KB-7955;5908287279551;CZAJNIK STALOWY Z GWIZDKIEM 3L KLAUSBERG KB-7955 GRAFITOWY POŁYSK
265083381;KB-7956;5908287279568;CZAJNIK STALOWY Z GWIZDKIEM 3L KLAUSBERG KB-7956 BEŻOWY MAT
265083382;GP150ML;5905261047717;OLEJ 150ml DO KONSERWACJI SEZONOWANIA NACZYĆ ŻELIWNYCH
265083383;199122;5900670105416;PATELNIA GRANITOWA 20cm TERRUNA 199122
265083384;199123;5900670105423;PATELNIA GRANITOWA 24cm TERRUNA 199123
265083385;199124;5900670105423;PATELNIA GRANITOWA 26cm TERRUNA 199124
265083386;199125;5900670105447;PATELNIA GRANITOWA 28cm TERRUNA 199125
265083387;199126;5900670105454;PATELNIA GRANITOWA 32cm TERRUNA 199126
265083388;DK34-seasalt;5900415903918;EMALIOWANA BRYTFANNA ŻELIWNA GĘSIARKA 6L HAGE SEA SALT
265083389;PC1212WBlUE;5905261048011;ZAPARZACZ ŻELIWNY DZBANEK NIEBIESKI 900ml Z PODGRZEWACZEM i FILIŻANKAMI PREZENT
265083390;PC1212Blue;5905261048004;ZAPARZACZ ŻELIWNY DZBANEK NIEBIESKI 900ml Z FILTREM i FILIŻANKAMI PREZENT
265083391;A14997;8596136106096;RĘCZNY MŁYNEK DO PIEPRZU SOLI Z DREWNA DĘBOWEGO BANQUET NATURAL
265083392;KH-1776;5908287217768;BLACHA FORMA DO CIASTA 24x36 cm KINGHOFF KH-1776
265083393;3411;5906716934118;SUSZARKA OCIEKACZ DO NACZYŃ TRZY POZIOMOWA 3411
265083394;229145;5904316477288;ORGANIZER WKŁAD ROZSUWANY DO SZUFLAD NA SZTUĆCE 229145
265083395;569735;5904316465179;PÓŁKA ŁAZIENKOWA KUCHENNA PRZYKLEJANA ZESTAW 4 szt. 569735
265083396;KB-7992;5908287279926;ELEKTRYCZNY MŁYNEK DO KAWY PRZYPRAW OWOCÓW KLAUSBERG KB-7992
265083397;KB-7993;5908287279933;ELEKTRYCZNY MŁYNEK DO KAWY PRZYPRAW OWOCÓW KLAUSBERG KB-7993
265083398;259444;5900670106666;STALOWY KUBEK TERMICZNY TERMOS 1200ml Z RĄCZKĄ I SŁOMKĄ 259444
265083399;KB-7950;5908287279506;CZAJNIK STALOWY Z GWIZDKIEM 2,5L KLAUSBERG KB-7950 BEŻOWY
265083400;KB-7949;5908287279490;CZAJNIK STALOWY Z GWIZDKIEM 2,5L KLAUSBERG KB-7949 SZARY
265083401;KB-7948;5908287279483;CZAJNIK STALOWY Z GWIZDKIEM 2,5L KLAUSBERG KB-7948 CZARNY
265083402;KB-7947;5908287279476;CZAJNIK STALOWY Z GWIZDKIEM 2,5L KLAUSBERG KB-7947
265083403;KB-9012;5908287290129;ZESTAW 12 SILIKONOWYCH PRZYBORÓW KUCHENNYCH W STOJAKU KLAUSBERG KB-9012
265083404;KB-9011;5908287290112;ZESTAW 12 SILIKONOWYCH PRZYBORÓW KUCHENNYCH W STOJAKU KLAUSBERG KB-9011
265083405;KH-2008;5908287220089;BUTELKA BIDON NA WODĘ 1L KINGHOFF KH-2008
265083406;KH-2009;5908287220096;BUTELKA BIDON ZE SŁOMKĄ NA WODĘ 2L KINGHOFF KH-2009
265083407;DN30-eggplant;5900415904885;EMALIOWANY GARNEK ŻELIWNY PŁASKI 30cm 3L HAGE EGGPLANT
265083408;DN30-orange;5900415904878;EMALIOWANY GARNEK ŻELIWNY PŁASKI 30cm 3L HAGE ORANGE
265083409;DK34-orange;5900415905035;EMALIOWANA BRYTFANNA ŻELIWNA GĘSIARKA 6L HAGE ORANGE
265083410;DK34-eggplant;5900415905042;EMALIOWANA BRYTFANNA ŻELIWNA GĘSIARKA 6L HAGE EGGPLANT
265083411;DK24-black;5900415905066;EMALIOWANA BRYTFANNA ŻELIWNA FORMA DO CHLEBA 2,5L HAGE CZARNA
265083412;DR10-olive;5900415903673;EMALIOWANA PATELNIA ŻELIWNA 26cm HAGE OLIWKOWA
265083413;DR10-orange;5900415905165;EMALIOWANA PATELNIA ŻELIWNA 26cm HAGE ORANGE
265083414;DR10-eggplant;5900415905158;EMALIOWANA PATELNIA ŻELIWNA 26cm HAGE EGGPLANT
265083415;DQ22-eggplant;5900415905011;EMALIOWANY GARNEK ŻELIWNY 22cm 3L HAGE EGGPLANT
265083416;DQ24-eggplant;5900415904977;EMALIOWANY GARNEK ŻELIWNY 24cm 4L HAGE EGGPLANT
265083417;DQ26-eggplant;5900415904939;EMALIOWANY GARNEK ŻELIWNY 26cm 5L HAGE EGGPLANT
265083418;3384;5906716933845;SUSZARKA DO NACZYŃ Z OCIEKACZEM I TACĄ 3384
265083419;DQ22-orange;5900415905004;EMALIOWANY GARNEK ŻELIWNY 22cm 3L HAGE ORANGE
265083420;DQ24-orange;5900415904953;EMALIOWANY GARNEK ŻELIWNY 24cm 4L HAGE ORANGE
265083421;DQ26-orange;5900415904922;EMALIOWANY GARNEK ŻELIWNY 26cm 5L HAGE ORANGE
265083422;127202;8592381146986;SZKLANKA TERMICZNA 300ML Z PODWÓJNĄ SCIANKĄ DO LATTE
265083423;KH-3322;5908287233225;GARNEK NA PARĘ KINGHOFF 5 ELEM. 20cm KH-3322
265083424;3136;5906716931360;REGULOWANA TORTOWNICA RANT OBRĘCZ DO TORTÓW 3136 wys. 20cm
265083425;DN30-seasalt;5900415903710;EMALIOWANY GARNEK ŻELIWNY PŁASKI 30cm 3L HAGE SEA SALT
265083426;DQ24-pinkocello;5900415904960;EMALIOWANY GARNEK ŻELIWNY 24cm 4L HAGE PINKOCELLO
265083427;KB-7523;5908287275232;GARNEK MARMURKOWY 5,6L 26cm KLAUSBERG KB-7523
265083428;KB-9001;5908287290013;CZAJNIK ELEKTRYCZNY 1,2L KLAUSBERG KB-9001 CZARNY
265083429;KB-9002;5908287290020;CZAJNIK ELEKTRYCZNY 1,2L KLAUSBERG KB-9002 KREMOWY
265083430;KB-9003;5908287290037;CZAJNIK ELEKTRYCZNY SZKLANY 1,2L KLAUSBERG KB-9003 LED
265083432;KB-9004;5908287290044;CZAJNIK ELEKTRYCZNY 1,7L KLAUSBERG KB-9004
265083433;KB-9005;5908287290051;CZAJNIK ELEKTRYCZNY 1,7L KLAUSBERG KB-9005 REGULACJA TEMPERATURY
265083434;E-6082;5907768760823;CHLEBAK BAMBUSOWY POJEMNIK NA PIECZYWO E-6082 VALENTINO
265083435;DR10-seasalt;5900415907206;EMALIOWANA PATELNIA ŻELIWNA 26cm HAGE SEA SALT
265083436;3476;5906716934767;ZESTAW 4 DESEK KUCHENNYCH W STOJAKU 3476
265083437;3477;5906716934774;ZESTAW 4 DESEK KUCHENNYCH W STOJAKU 3477
265083438;DK34-gray;5900415905028;EMALIOWANA BRYTFANNA ŻELIWNA GĘSIARKA 6L HAGE SZARA
265083439;DR10-gray;5900415905172;EMALIOWANA PATELNIA ŻELIWNA 26cm HAGE SZARA
265083440;DN30-gray;5900415904861;EMALIOWANY GARNEK ŻELIWNY PŁASKI 30cm 3L HAGE SZARY
265083441;DQ22-gray;5900415904984;EMALIOWANY GARNEK ŻELIWNY 22cm 3L HAGE SZARY
265083442;DQ24-gray;5900415904946;EMALIOWANY GARNEK ŻELIWNY 24cm 4L HAGE SZARY
265083443;DQ26-gray;5900415904915;EMALIOWANY GARNEK ŻELIWNY 26cm 5L HAGE SZARY
265083444;DQ22-seasalt;5900415907985;EMALIOWANY GARNEK ŻELIWNY 22cm 3L HAGE SEA SALT
265083445;DQ24-seasalt;5900415907992;EMALIOWANY GARNEK ŻELIWNY 24cm 4L HAGE SEA SALT
265083446;DQ26-seasalt;5900415908005;EMALIOWANY GARNEK ŻELIWNY 26cm 5L HAGE SEA SALT
265083447;KB-7994;5908287279940;KAWIARKA ZAPARZACZ DO KAWY 200ml KLAUSBERG KB-7994 INDUKCJA
265083448;KB-7995;5908287279957;KAWIARKA ZAPARZACZ DO KAWY 300ml KLAUSBERG KB-7995 INDUKCJA
265083449;KB-7996;5908287279964;KAWIARKA ZAPARZACZ DO KAWY 450ml KLAUSBERG KB-7996 INDUKCJA
265083450;KB-7997;5908287279971;KAWIARKA ZAPARZACZ DO KAWY 600ml KLAUSBERG KB-7997 INDUKCJA
265083451;KB-7998;5908287279988;KAWIARKA ELEKTRYCZNA ESPRESSO 300ml KLAUSBERG KB-7998 500W
265083452;KB-7999;5908287279995;KAWIARKA ELEKTRYCZNA ESPRESSO 300ml KLAUSBERG KB-7999 500W
265083453;199154;5900670112421;PATELNIA ŻELIWNA EMALIOWANA 20cm Z SILIKONOWĄ NAKŁADKĄ 199154
265083454;199155;5900670112438;PATELNIA ŻELIWNA EMALIOWANA 25cm Z SILIKONOWĄ NAKŁADKĄ 199155
265083455;199156;5900670112414;PATELNIA ŻELIWNA EMALIOWANA 30cm Z SILIKONOWĄ NAKŁADKĄ 199156
265083456;279094;5900670112391;BRYTFANNA ŻELIWNA EMALIOWANA Z PATELNIĄ 3,5/1,5L CAST LINE 279094
265083457;279095;5900670112407;BRYTFANNA FORMA ŻELIWNA EMALIOWANA DO CHLEBA CAST LINE 279095
265083458;3550;5906716935504;SUSZARKA DO NACZYŃ Z OCIEKACZEM I TACĄ 3550
265083459;1145;5906716911454;NÓŻ KÓŁKO DO KROJENIA PIZZY RADEŁKO 1145
265083460;3401;5906716934019;KOSZYK PIĘTROWY PATERA NA OWOCE SŁODYCZE 3401
265083461;2759;5906716927592;CHLEBAK STALOWY POJEMNIK NA PIECZYWO 2759
265083462;126021-B;5907610281339;POJEMNIK NA OBIERKI ODPADKI Z BLATU NA DRZWICZKI SZUFLADĘ biały
265083463;7701;5906716977016;CHLEBAK STALOWY POJEMNIK NA PIECZYWO 7701
265083464;259411;5900670101715;DZBANEK SZKLANY 490ml Z ZAPARZACZEM DO HERBATY ZIÓŁ 259411
265083465;259412;5900670101722;DZBANEK SZKLANY 730ml Z ZAPARZACZEM DO HERBATY ZIÓŁ 259412
265083466;199056;5904316475345;PATELNIA GRANITOWA GRILLOWA 28x28cm BLACK&WOOD 199056
265083467;139837;5900670104211;SŁÓJ SZKLANY 3,3l DO NAPOJÓW Z KRANIKIEM PŁASKI DO LODÓWKI 139837
265083468;PC1212J;5905261049339;ZAPARZACZ ŻELIWNY DZBANEK JASNY ZŁOTY 900ml Z FILTREM i FILIŻANKAMI
265083469;199153;5900670112384;ZESTAW GARNKÓW ŻELIWNYCH 2/2,8/4,3L 199153 CAST LINE
265083470;139515;5900670112636;MASELNICZKA MASELNICA METALOWA Z NOŻYKIEM BIAŁA 139515
265083471;139516;5900670112643;MASELNICZKA MASELNICA METALOWA Z NOŻYKIEM CZARNA 139516
265083472;154066;8592381226886;DYSPENSER PODAJNIK DO FOLII KUCHENNYCH PAPIERU DO PIECZENIA ORION 154066
265083473;139452;5900670106031;KOSZYK BAMBUSOWY NA PIECZYWO 29x14cm 139452
265083474;139453;5900670106048;PATERA BAMBUSOWA 3 PIĘTROWA NA CIASTA PRZEKĄSKI 139453
265083475;139454;5900670106055;PATERA BAMBUSOWA 3 PIĘTROWA NA CIASTA PRZEKĄSKI 139454
265083476;139457;5900670106116;BAMBUSOWY STOLIK ŚNIADANIOWY DO ŁÓŻKA POD LAPTOPA 139457
265083477;259726;5900670106154;ZESTAW 4 BAMBUSOWYCH DESEK KUCHENNYCH 22x14cm W STOJAKU 259441
265083478;KB-7419;5902666614193;FORMA TORTOWNICA 24cm CIASTA KLAUSBERG KB-7419
265083481;229307;5900670112582;MINI CHLEBAK STALOWY POJEMNIK NA PIECZYWO 229307 CZARNY
265083482;139455;5900670106062;MATA PODKŁADKA BAMBUSOWA ZWIJANA NA STÓŁ OPARCIE SOFY 139455
265083483;139456;5900670106079;MATA PODKŁADKA BAMBUSOWA ZWIJANA NA STÓŁ OPARCIE SOFY 139456
265083484;A20405;8591022518243;TERMOS OBIADOWY 3 x 900ml BANQUET AKCENT
265083485;A12241;8591022381960;FORMA GRANITOWA 22cm DO PIECZENIA BABKI BANQUET
265083486;KB-9013;5908287290136;TERMOS DZBANEK KONFERENCYJNY NA KAWĘ HERBATĘ 2,5L KLAUSBERG KB-9013
265083487;KB-9014;5908287290143;TERMOS DZBANEK KONFERENCYJNY NA KAWĘ HERBATĘ 2L KLAUSBERG KB-9014
265083488;A01536;8693357192386;BRYTFANNA SZKLANA ŻAROODPORNA 4,1L Z POKRYWĄ NACZYNIE ŻAROODPORNE
265083489;5522;5906716955229;WIRÓWKA OSUSZACZ 27cm DO SAŁATY WARZYW 5522
265083490;259618;5904316472856;CHLEBAK STALOWY POJEMNIK NA PIECZYWO 259618 CZARNY
265083491;KB-9032;5908287290327;SOKOWNIK PAROWY 8L INDUKCJA GAZ KLAUSBERG KB-9032 GARNEK DO SOKU
265083492;KH-2021;5908287220218;GARNEK GASTRONOMICZNY Z POKRYWĄ STALOWĄ Ø25cm 9L KINGHOFF KH-2021
265083493;KH-2022;5908287220225;GARNEK GASTRONOMICZNY Z POKRYWĄ STALOWĄ Ø30cm 14L KINGHOFF KH-2022
265083494;KH-2023;5908287220232;GARNEK GASTRONOMICZNY Z POKRYWĄ STALOWĄ Ø32cm 17L KINGHOFF KH-2023
265083495;KH-2024;5908287220249;GARNEK GASTRONOMICZNY Z POKRYWĄ STALOWĄ Ø36cm 24L KINGHOFF KH-2024
265083496;KH-2025;5908287220256;GARNEK GASTRONOMICZNY Z POKRYWĄ STALOWĄ Ø38cm 27L KINGHOFF KH-2025
265083497;KH-2026;5908287220263;GARNEK GASTRONOMICZNY Z POKRYWĄ STALOWĄ Ø40cm 32L KINGHOFF KH-2026
265083498;KH-2027;5908287220270;GARNEK GASTRONOMICZNY Z POKRYWĄ STALOWĄ Ø45cm 44L KINGHOFF KH-2027
265083499;KH-2028;5908287220287;GARNEK GASTRONOMICZNY Z POKRYWĄ STALOWĄ Ø50cm 58L KINGHOFF KH-2028
265083500;KH-2029;5908287220294;GARNEK GASTRONOMICZNY Z POKRYWĄ STALOWĄ Ø55cm 83L KINGHOFF KH-2029
265083501;326085;8590419044853;TERMOS OBIADOWY 3 x 740ml BANQUET AKCENT
265083502;229274;5900670105874;BUTELKI SZKLANE DO OLIWY OCTU 2x 250ml W STOJAKU 229274
265083503;229276;5900670105898;BUTELKI SZKLANE DO OLIWY OCTU 2x 250ml PRZYPRAWNIKI W STOJAKU 229276
265083504;259460;5900670110281;ZESTAW RĘCZNYCH MŁYNKÓW DO PIEPRZU I SOLI SZKLANYCH 259460
265083505;139475;5900670110205;MASELNICZKA SZKLANA Z NOŻYKIEM I BAMBUSOWĄ POKRYWĄ 139475
265083506;KB-9007;5908287290075;CZAJNIK ELEKTRYCZNY 1,8L Z TERMOMETREM KLAUSBERG KB-9007 RETRO
265083507;KB-9008;5908287290082;CZAJNIK ELEKTRYCZNY 1,8L Z TERMOMETREM KLAUSBERG KB-9008 RETRO
265083508;KB-9009;5908287290099;CZAJNIK ELEKTRYCZNY 1,8L Z TERMOMETREM KLAUSBERG KB-9009 RETRO
265083509;KB-9017;5908287290174;CZAJNIK ELEKTRYCZNY 1L Z TERMOMETREM KLAUSBERG KB-9017
265083510;KB-9018;5908287290181;CZAJNIK ELEKTRYCZNY 1L Z TERMOMETREM KLAUSBERG KB-9018
265083511;KB-9015;5908287290150;CZAJNIK ELEKTRYCZNY 1,7L KLAUSBERG KB-9015 CZARNY
265083512;KB-9016;5908287290167;CZAJNIK ELEKTRYCZNY 1,7L KLAUSBERG KB-9016 KREMOWY
265083513;5548;5906716955489;PATELNIA STALOWA 20cm Z POWŁOKĄ PLASTER MIODU 5548
265083514;5549;5906716955496;PATELNIA STALOWA 22cm Z POWŁOKĄ PLASTER MIODU 5549
265083515;5550;5906716955502;PATELNIA STALOWA 24cm Z POWŁOKĄ PLASTER MIODU 5550
265083516;5551;5906716955519;PATELNIA STALOWA 26cm Z POWŁOKĄ PLASTER MIODU 5551
265083517;5552;5906716955526;PATELNIA STALOWA 28cm Z POWŁOKĄ PLASTER MIODU 5552
265083518;5553;5906716955533;PATELNIA STALOWA 30cm Z POWŁOKĄ PLASTER MIODU 5553
265083519;5546;5906716955465;PATELNIA STALOWA DO NALEŚNIKÓW 24cm Z POWŁOKĄ PLASTER MIODU 5546
265083520;5547;5906716955472;PATELNIA STALOWA DO NALEŚNIKÓW 28cm Z POWŁOKĄ PLASTER MIODU 5547
265083521;5554;5906716955540;PATELNIA STALOWA Z POKRYWKĄ 24cm POWŁOKA PLASTER MIODU 5554
265083522;5555;5906716955557;PATELNIA STALOWA Z POKRYWKĄ 26cm POWŁOKA PLASTER MIODU 5555
265083523;5556;5906716955564;PATELNIA STALOWA Z POKRYWKĄ 28cm POWŁOKA PLASTER MIODU 5556
265083524;5557;5906716955571;PATELNIA STALOWA Z POKRYWKĄ 30cm POWŁOKA PLASTER MIODU 5557
265083525;5535;5906716955359;PATELNIA MARMURKOWA 20cm GŁĘBOKA 5535
265083526;5536;5906716955366;PATELNIA MARMURKOWA 24cm GŁĘBOKA 5536
265083527;5537;5906716955373;PATELNIA MARMURKOWA 26cm GŁĘBOKA 5537
265083528;5538;5906716955380;PATELNIA MARMURKOWA 28cm GŁĘBOKA 5538
265083529;KB-9021;5908287290211;PATELNIA STALOWA 20cm Z POWŁOKĄ PLASTER MIODU KLAUSEBRG KB-9021
265083530;KB-9022;5908287290228;PATELNIA STALOWA 24cm Z POWŁOKĄ PLASTER MIODU KLAUSEBRG KB-9022
265083531;KB-9023;5908287290235;PATELNIA STALOWA 28cm Z POWŁOKĄ PLASTER MIODU KLAUSEBRG KB-9023
265083532;KB-9024;5908287290242;PATELNIA STALOWA WOK 28cm Z POWŁOKĄ PLASTER MIODU KLAUSEBRG KB-9024
265083533;HW-380-SMALL;5908228003801;WKŁAD SILIKONOWY WIELORAZOWY DO FRYTKOWNICY 15,5x15,5cm ALPENBURG
265083534;HW-379;5908228003795;WKŁAD SILIKONOWY WIELORAZOWY DO FRYTKOWNICY 18,5x18,5cm ALPENBURG
265083535;73992;5900378739920;SZCZOTECZKA SONICZNA DO ZĘBÓW WYBIELAJĄCA HUSLA MEDIC 3 KOŃCÓWKI + ETUI
265083536;154072;8592381255077;DREWNIANY POJEMNIK PUDEŁKO NA HERBATĘ EKSPRESOWĄ 154072
265083537;229123;8720573887779;POJEMNIK DZIELONY 25cm DO KUCHENKI MIKROFALOWEJ MIKROFALI 229123
265083538;KH-2030;5908287220300;PALENISKO OGRODOWE 54cm Z POKRYWĄ KINGHOFF KH-2030
265083539;KH-2031;5908287220317;PALENISKO OGRODOWE 60cm KINGHOFF KH-2031
265083540;KH-2033;5908287220331;GRILL WĘGLOWY Z POKRYWĄ 41cm KINGHOFF KH-2033
265083541;KB-9041;5908287290419;WENTYLATOR WIATRAK PODŁOGOWY BIURKOWY REGULOWANY KLAUSBERG KB-9041
265083542;KB-9042;5908287290426;WENTYLATOR WIATRAK PODŁOGOWY BIURKOWY ŚCIENNY 3w1 KLAUSBERG KB-9042
265083543;KB-9043;5908287290433;WENTYLATOR WIATRAK PODŁOGOWY MGIEŁKOWY Z NAWILŻACZEM KLAUSBERG KB-9043
